id,previous_rank,current_rank,previous_score,current_score,previous_pop,current_pop,previous_ac,current_ac,rank_change
450,1,1,100.0,100.0,184,184,93.8,93.8,0
147,2,2,96.8,96.8,977,977,93.5,93.5,0
446,3,3,96.6,96.6,273,273,93.8,93.8,0
492,4,4,95.8,95.8,315,315,93.8,93.8,0
189,5,5,94.2,94.2,213,213,84.9,84.9,0
214,6,6,94.0,94.0,206,206,84.68,84.68,0
322,7,7,91.4,91.4,240,240,93.8,93.8,0
493,8,8,89.3,89.3,118,118,93.8,93.8,0
291,9,9,87.6,87.6,434,434,92.9,92.9,0
464,10,10,87.5,87.5,915,915,93.5,93.5,0
184,11,11,84.7,84.7,464,464,84.42,84.42,0
530,12,12,84.4,84.4,247,247,84.1,84.1,0
529,13,13,84.2,84.2,456,456,84.1,84.1,0
114,14,14,83.9,83.9,378,378,84.12,84.12,0
490,15,15,83.7,83.7,583,583,93.5,93.5,0
377,16,16,83.3,83.3,665,665,80.9,80.9,0
494,17,17,82.5,82.5,404,404,93.5,93.5,0
143,18,18,82.2,82.2,573,573,93.5,93.5,0
512,19,19,81.8,81.8,466,466,84.1,84.1,0
466,20,20,81.2,81.2,538,538,93.5,93.5,0
402,21,21,80.7,80.7,368,368,89.5,89.5,0
354,22,22,80.6,80.6,490,490,80.9,80.9,0
439,23,23,80.6,80.6,198,198,92.7,92.7,0
98,24,24,80.6,80.6,40,40,93.8,93.8,0
397,25,25,80.3,80.3,243,243,83.9,83.9,0
517,26,26,78.7,78.7,170,170,83.9,83.9,0
296,27,27,78.3,78.3,437,437,92.9,92.9,0
100,28,28,77.6,77.6,35,35,93.8,93.8,0
58,29,29,77.5,77.5,201,201,99.3,99.3,0
489,30,30,77.4,77.4,29,29,93.8,93.8,0
519,31,31,76.5,76.5,225,225,83.9,83.9,0
387,32,32,76.4,76.4,283,283,92.7,92.7,0
396,33,33,76.2,76.2,372,372,84.9,84.9,0
99,34,34,75.8,75.8,15,15,93.8,93.8,0
355,35,35,75.6,75.6,359,359,83.9,83.9,0
26,36,36,75.5,75.5,19,19,99.3,99.3,0
395,37,37,75.3,75.3,369,369,84.9,84.9,0
67,38,38,75.3,75.3,271,271,98.3,98.3,0
518,39,39,74.3,74.3,175,175,83.96,83.96,0
445,40,40,74.1,74.1,397,397,92.7,92.7,0
50,41,41,74.0,74.0,764,764,98.3,98.3,0
57,42,42,73.9,73.9,238,238,99.3,99.3,0
399,43,43,73.7,73.7,221,221,84.9,84.9,0
43,44,44,73.6,73.6,288,288,100.0,100.0,0
131,45,45,73.6,73.6,321,321,100.0,100.0,0
369,46,46,73.4,73.4,390,390,84.9,84.9,0
513,47,47,73.2,73.2,284,284,84.1,84.1,0
165,48,48,73.2,73.2,641,641,97.8,97.8,0
356,49,49,73.1,73.1,395,395,83.21,83.21,0
135,50,50,73.0,73.0,220,220,99.8,99.8,0
381,51,51,73.0,73.0,430,430,83.9,83.9,0
447,52,52,72.9,72.9,46,46,93.8,93.8,0
95,53,53,72.9,72.9,14,14,93.8,93.8,0
460,54,54,72.6,72.6,551,551,93.5,93.5,0
398,55,55,72.6,72.6,269,269,83.9,83.9,0
17,56,56,72.5,72.5,148,148,100.0,100.0,0
522,57,57,71.9,71.9,266,266,84.1,84.1,0
36,58,58,71.5,71.5,38,38,99.3,99.3,0
345,59,59,71.2,71.2,179,179,93.5,93.5,0
78,60,60,71.2,71.2,19,19,93.8,93.8,0
62,61,61,71.2,71.2,16,16,100.0,100.0,0
351,62,62,71.1,71.1,319,319,83.05,83.05,0
307,63,63,71.0,71.0,368,368,97.03,97.03,0
294,64,64,70.8,70.8,424,424,92.9,92.9,0
357,65,65,70.8,70.8,238,238,84.45,84.45,0
37,66,66,70.7,70.7,14,14,99.3,99.3,0
148,67,67,70.6,70.6,631,631,96.94,96.94,0
218,68,68,70.5,70.5,42,42,84.2,84.2,0
292,69,69,70.2,70.2,252,252,92.9,92.9,0
497,70,70,69.7,69.7,263,263,84.1,84.1,0
382,71,71,69.7,69.7,456,456,83.9,83.9,0
488,72,72,69.6,69.6,131,131,93.79,93.79,0
491,73,73,69.5,69.5,360,360,93.5,93.5,0
295,74,74,68.9,68.9,65,65,91.4,91.4,0
133,75,75,68.9,68.9,75,75,97.8,97.8,0
144,76,76,68.8,68.8,600,600,94.75,94.75,0
385,77,77,68.8,68.8,290,290,83.9,83.9,0
305,78,78,68.4,68.4,42,42,93.5,93.5,0
349,79,79,67.7,67.7,295,295,93.39,93.39,0
207,80,80,67.6,67.6,484,484,92.9,92.9,0
106,81,81,67.5,67.5,197,197,84.9,84.9,0
514,82,82,67.3,67.3,271,271,84.1,84.1,0
156,83,83,67.3,67.3,531,531,98.55,98.55,0
128,84,84,67.3,67.3,269,269,99.83,99.83,0
258,85,85,67.3,67.3,275,275,81.48,81.48,0
465,86,86,67.2,67.2,598,598,93.5,93.5,0
379,87,87,67.0,67.0,380,380,83.9,83.9,0
142,88,88,66.5,66.5,665,665,93.5,93.5,0
393,89,89,66.4,66.4,213,213,84.64,84.64,0
182,90,90,66.3,66.3,467,467,84.1,84.1,0
29,91,91,66.1,66.1,316,316,98.85,98.85,0
328,92,92,65.9,65.9,211,211,93.5,93.5,0
443,93,93,65.8,65.8,167,167,92.7,92.7,0
239,94,94,65.5,65.5,65,65,86.9,86.9,0
197,95,95,65.4,65.4,13,13,92.9,92.9,0
75,96,96,64.8,64.8,17,17,93.8,93.8,0
520,97,97,64.8,64.8,292,292,84.1,84.1,0
97,98,98,64.7,64.7,112,112,93.8,93.8,0
426,99,99,64.5,64.5,312,312,89.5,89.5,0
180,100,100,64.3,64.3,190,190,97.8,97.8,0
79,101,101,64.3,64.3,140,140,93.8,93.8,0
192,102,102,64.2,64.2,68,68,84.9,84.9,0
297,103,103,64.2,64.2,250,250,86.9,86.9,0
370,104,104,64.0,64.0,396,396,82.75,82.75,0
309,105,105,63.9,63.9,80,80,93.64,93.64,0
179,106,106,63.9,63.9,251,251,97.8,97.8,0
54,107,107,63.3,63.3,322,322,98.3,98.3,0
158,108,108,63.0,63.0,102,102,98.3,98.3,0
350,109,109,63.0,63.0,20,20,93.5,93.5,0
190,110,110,62.5,62.5,116,116,84.9,84.9,0
31,111,111,62.5,62.5,276,276,100.0,100.0,0
353,112,112,62.3,62.3,336,336,81.82,81.82,0
409,113,113,62.2,62.2,351,351,88.3,88.3,0
154,114,114,62.2,62.2,97,97,99.8,99.8,0
183,115,115,62.1,62.1,776,776,84.1,84.1,0
483,116,116,62.1,62.1,41,41,93.8,93.8,0
80,117,117,62.1,62.1,178,178,90.38,90.38,0
145,118,118,62.1,62.1,694,694,93.5,93.5,0
127,119,119,62.0,62.0,129,129,100.0,100.0,0
403,120,120,61.9,61.9,300,300,89.5,89.5,0
109,121,121,61.9,61.9,136,136,84.9,84.9,0
277,122,122,61.7,61.7,297,297,92.9,92.9,0
527,123,123,61.2,61.2,69,69,85.06,85.06,0
87,124,124,60.9,60.9,241,241,84.9,84.9,0
510,125,125,60.6,60.6,312,312,84.1,84.1,0
401,126,126,60.2,60.2,323,323,89.5,89.5,0
23,127,127,60.2,60.2,294,294,98.3,98.3,0
245,128,128,59.9,59.9,220,220,91.3,91.3,0
71,129,129,59.8,59.8,73,73,84.9,84.9,0
321,130,130,59.6,59.6,248,248,93.8,93.8,0
185,131,131,59.6,59.6,255,255,84.19,84.19,0
52,132,132,59.6,59.6,393,393,95.71,95.71,0
137,133,133,59.5,59.5,52,52,99.8,99.8,0
186,134,134,59.2,59.2,191,191,84.1,84.1,0
366,135,135,58.9,58.9,400,400,80.9,80.9,0
110,136,136,58.6,58.6,116,116,84.54,84.54,0
195,137,137,58.6,58.6,14,14,92.9,92.9,0
159,138,138,58.5,58.5,282,282,98.3,98.3,0
498,139,139,58.4,58.4,68,68,85.45,85.45,0
202,140,140,58.4,58.4,21,21,87.6,87.6,0
157,141,141,58.3,58.3,412,412,98.3,98.3,0
340,142,142,58.3,58.3,58,58,99.3,99.3,0
81,143,143,58.2,58.2,98,98,93.8,93.8,0
76,144,144,58.2,58.2,86,86,93.8,93.8,0
120,145,145,58.2,58.2,232,232,84.9,84.9,0
252,146,146,58.1,58.1,298,298,91.3,91.3,0
198,147,147,58.1,58.1,166,166,87.6,87.6,0
290,148,148,57.8,57.8,140,140,92.9,92.9,0
155,149,149,57.7,57.7,109,109,99.94,99.94,0
394,150,150,57.4,57.4,15,15,83.9,83.9,0
141,151,151,57.3,57.3,442,442,99.8,99.8,0
413,152,152,57.3,57.3,361,361,89.5,89.5,0
337,153,153,57.2,57.2,208,208,99.3,99.3,0
166,154,154,57.2,57.2,600,600,97.8,97.8,0
431,155,155,57.1,57.1,201,201,92.7,92.7,0
178,156,156,57.1,57.1,320,320,99.8,99.8,0
325,157,157,56.9,56.9,192,192,93.8,93.8,0
77,158,158,56.7,56.7,97,97,93.8,93.8,0
152,159,159,56.6,56.6,519,519,99.21,99.21,0
227,160,160,56.4,56.4,109,109,87.16,87.16,0
48,161,161,56.1,56.1,153,153,98.3,98.3,0
140,162,162,55.9,55.9,375,375,98.35,98.35,0
168,163,163,55.9,55.9,262,262,93.5,93.5,0
449,164,164,55.9,55.9,113,113,93.8,93.8,0
481,165,165,55.8,55.8,1,1,93.8,93.8,0
85,166,166,55.2,55.2,48,48,93.8,93.8,0
327,167,167,55.2,55.2,20,20,93.5,93.5,0
113,168,168,55.1,55.1,188,188,84.61,84.61,0
268,169,169,55.0,55.0,329,329,91.3,91.3,0
444,170,170,55.0,55.0,217,217,92.7,92.7,0
300,171,171,54.9,54.9,169,169,87.7,87.7,0
163,172,172,54.6,54.6,214,214,97.8,97.8,0
333,173,173,54.6,54.6,22,22,93.8,93.8,0
101,174,174,54.5,54.5,47,47,93.8,93.8,0
25,175,175,54.5,54.5,79,79,100.0,100.0,0
170,176,176,54.3,54.3,216,216,93.5,93.5,0
248,177,177,54.1,54.1,174,174,88.68,88.68,0
516,178,178,54.0,54.0,139,139,84.04,84.04,0
93,179,179,53.9,53.9,63,63,93.8,93.8,0
479,180,180,53.8,53.8,31,31,93.8,93.8,0
274,181,181,53.7,53.7,400,400,91.3,91.3,0
118,182,182,53.7,53.7,169,169,85.59,85.59,0
253,183,183,53.5,53.5,386,386,92.05,92.05,0
496,184,184,53.4,53.4,139,139,92.7,92.7,0
342,185,185,53.3,53.3,59,59,93.5,93.5,0
373,186,186,53.2,53.2,587,587,80.9,80.9,0
162,187,187,52.9,52.9,260,260,99.46,99.46,0
287,188,188,52.6,52.6,364,364,89.71,89.71,0
84,189,189,52.6,52.6,12,12,93.8,93.8,0
161,190,190,52.4,52.4,493,493,99.69,99.69,0
528,191,191,52.1,52.1,112,112,92.7,92.7,0
504,192,192,52.0,52.0,160,160,91.99,91.99,0
301,193,193,51.8,51.8,91,91,86.9,86.9,0
204,194,194,51.7,51.7,299,299,87.6,87.6,0
151,195,195,51.6,51.6,297,297,99.9,99.9,0
149,196,196,51.4,51.4,94,94,99.8,99.8,0
461,197,197,51.4,51.4,373,373,93.5,93.5,0
235,198,198,51.0,51.0,112,112,86.9,86.9,0
404,199,199,51.0,51.0,193,193,91.94,91.94,0
171,200,200,51.0,51.0,244,244,93.5,93.5,0
505,201,201,50.6,50.6,118,118,92.7,92.7,0
129,202,202,50.6,50.6,261,261,99.62,99.62,0
153,203,203,50.5,50.5,120,120,99.8,99.8,0
408,204,204,50.5,50.5,263,263,87.6,87.6,0
326,205,205,50.5,50.5,83,83,93.8,93.8,0
501,206,206,50.3,50.3,160,160,88.24,88.24,0
308,207,207,50.2,50.2,546,546,93.8,93.8,0
521,208,208,50.2,50.2,162,162,84.08,84.08,0
279,209,209,50.2,50.2,180,180,92.9,92.9,0
117,210,210,50.0,50.0,120,120,93.8,93.8,0
515,211,211,50.0,50.0,285,285,84.1,84.1,0
160,212,212,49.3,49.3,395,395,99.8,99.8,0
51,213,213,49.3,49.3,86,86,99.3,99.3,0
150,214,214,49.3,49.3,127,127,99.8,99.8,0
457,215,215,49.1,49.1,194,194,93.8,93.8,0
316,216,216,49.0,49.0,3,3,99.3,99.3,0
187,217,217,48.9,48.9,27,27,84.1,84.1,0
462,218,218,48.8,48.8,369,369,93.56,93.56,0
383,219,219,48.8,48.8,170,170,85.48,85.48,0
177,220,220,48.8,48.8,298,298,99.89,99.89,0
352,221,221,48.8,48.8,209,209,80.9,80.9,0
472,222,222,48.7,48.7,29,29,93.8,93.8,0
440,223,223,48.7,48.7,62,62,92.7,92.7,0
459,224,224,48.4,48.4,30,30,93.8,93.8,0
376,225,225,48.4,48.4,501,501,80.9,80.9,0
232,226,226,48.1,48.1,35,35,87.19,87.19,0
108,227,227,48.1,48.1,108,108,84.9,84.9,0
430,228,228,48.1,48.1,214,214,92.7,92.7,0
206,229,229,47.9,47.9,388,388,92.9,92.9,0
83,230,230,47.7,47.7,218,218,86.03,86.03,0
104,231,231,47.6,47.6,112,112,85.3,85.3,0
485,232,232,47.6,47.6,81,81,93.8,93.8,0
228,233,233,47.3,47.3,37,37,91.3,91.3,0
495,234,234,47.2,47.2,104,104,92.7,92.7,0
509,235,235,47.1,47.1,257,257,84.1,84.1,0
348,236,236,47.0,47.0,182,182,92.9,92.9,0
220,237,237,47.0,47.0,48,48,87.6,87.6,0
231,238,238,47.0,47.0,95,95,86.9,86.9,0
53,239,239,46.9,46.9,251,251,93.5,93.5,0
89,240,240,46.8,46.8,14,14,93.8,93.8,0
384,241,241,46.8,46.8,180,180,92.7,92.7,0
332,242,242,46.5,46.5,365,365,93.51,93.51,0
102,243,243,46.5,46.5,117,117,84.9,84.9,0
208,244,244,46.3,46.3,294,294,92.9,92.9,0
537,245,245,46.3,46.3,143,143,92.7,92.7,0
367,246,246,46.1,46.1,138,138,93.8,93.8,0
329,247,247,46.1,46.1,8,8,93.5,93.5,0
138,248,248,46.0,46.0,101,101,99.8,99.8,0
222,249,249,45.7,45.7,286,286,87.6,87.6,0
272,250,250,45.7,45.7,269,269,87.68,87.68,0
442,251,251,45.5,45.5,95,95,92.25,92.25,0
435,252,252,45.1,45.1,204,204,92.01,92.01,0
405,253,253,44.4,44.4,245,245,91.15,91.15,0
271,254,254,44.4,44.4,363,363,91.3,91.3,0
90,255,255,44.3,44.3,39,39,93.8,93.8,0
115,256,256,44.3,44.3,114,114,84.9,84.9,0
448,257,257,44.3,44.3,117,117,93.8,93.8,0
531,258,258,44.3,44.3,22,22,92.7,92.7,0
82,259,259,44.2,44.2,81,81,93.8,93.8,0
303,260,260,44.1,44.1,86,86,86.9,86.9,0
112,261,261,44.0,44.0,15,15,84.9,84.9,0
380,262,262,43.5,43.5,168,168,87.42,87.42,0
365,263,263,43.1,43.1,258,258,87.67,87.67,0
30,264,264,43.0,43.0,113,113,99.3,99.3,0
56,265,265,42.9,42.9,196,196,99.3,99.3,0
320,266,266,42.2,42.2,266,266,93.8,93.8,0
111,267,267,41.8,41.8,158,158,85.86,85.86,0
86,268,268,41.8,41.8,32,32,88.73,88.73,0
105,269,269,41.7,41.7,145,145,86.25,86.25,0
302,270,270,41.6,41.6,80,80,86.9,86.9,0
146,271,271,41.4,41.4,372,372,93.5,93.5,0
275,272,272,41.2,41.2,112,112,92.9,92.9,0
334,273,273,41.2,41.2,175,175,99.3,99.3,0
244,274,274,41.1,41.1,559,559,91.3,91.3,0
139,275,275,41.0,41.0,471,471,98.42,98.42,0
249,276,276,40.7,40.7,282,282,91.42,91.42,0
524,277,277,40.7,40.7,4,4,92.7,92.7,0
273,278,278,40.5,40.5,133,133,86.9,86.9,0
364,279,279,40.2,40.2,234,234,80.9,80.9,0
22,280,280,40.2,40.2,125,125,98.56,98.56,0
304,281,281,40.1,40.1,285,285,95.6,95.6,0
502,282,282,40.1,40.1,109,109,92.7,92.7,0
164,283,283,40.0,40.0,81,81,97.8,97.8,0
175,284,284,39.6,39.6,358,358,99.59,99.59,0
27,285,285,39.5,39.5,135,135,100.0,100.0,0
412,286,286,39.5,39.5,213,213,87.6,87.6,0
324,287,287,39.3,39.3,351,351,93.8,93.8,0
241,288,288,39.3,39.3,291,291,91.3,91.3,0
263,289,289,39.1,39.1,43,43,86.9,86.9,0
406,290,290,38.9,38.9,96,96,89.5,89.5,0
262,291,291,38.9,38.9,12,12,86.9,86.9,0
503,292,292,38.8,38.8,114,114,92.7,92.7,0
242,293,293,38.6,38.6,150,150,93.8,93.8,0
284,294,294,38.3,38.3,349,349,92.9,92.9,0
55,295,295,38.3,38.3,255,255,99.3,99.3,0
250,296,296,38.2,38.2,277,277,91.3,91.3,0
374,297,297,38.1,38.1,175,175,86.9,86.9,0
286,298,298,38.0,38.0,168,168,92.9,92.9,0
400,299,299,37.9,37.9,196,196,89.5,89.5,0
331,300,300,37.7,37.7,395,395,93.8,93.8,0
174,301,301,37.6,37.6,17,17,98.23,98.23,0
486,302,302,37.5,37.5,105,105,88.45,88.45,0
410,303,303,37.4,37.4,265,265,87.6,87.6,0
388,304,304,37.4,37.4,218,218,80.9,80.9,0
246,305,305,37.4,37.4,65,65,93.48,93.48,0
343,306,306,37.3,37.3,96,96,86.9,86.9,0
225,307,307,37.3,37.3,215,215,87.6,87.6,0
221,308,308,37.2,37.2,4,4,87.6,87.6,0
425,309,309,36.8,36.8,137,137,89.5,89.5,0
237,310,310,36.8,36.8,24,24,86.9,86.9,0
238,311,311,36.7,36.7,115,115,86.9,86.9,0
344,312,312,36.6,36.6,107,107,91.47,91.47,0
390,313,313,36.5,36.5,193,193,92.7,92.7,0
422,314,314,36.3,36.3,356,356,92.46,92.46,0
278,315,315,36.0,36.0,43,43,87.7,87.7,0
251,316,316,35.9,35.9,48,48,91.3,91.3,0
473,317,317,35.5,35.5,325,325,93.6,93.6,0
534,318,318,35.0,35.0,241,241,92.7,92.7,0
372,319,319,34.9,34.9,630,630,81.11,81.11,0
482,320,320,34.8,34.8,180,180,90.23,90.23,0
298,321,321,34.8,34.8,105,105,87.56,87.56,0
375,322,322,34.6,34.6,44,44,84.71,84.71,0
103,323,323,34.3,34.3,109,109,84.9,84.9,0
289,324,324,34.1,34.1,111,111,92.9,92.9,0
181,325,325,34.0,34.0,273,273,99.5,99.5,0
233,326,326,34.0,34.0,95,95,86.9,86.9,0
467,327,327,33.9,33.9,118,118,94.07,94.07,0
499,328,328,33.7,33.7,68,68,92.7,92.7,0
49,329,329,33.5,33.5,218,218,99.3,99.3,0
463,330,330,33.4,33.4,456,456,93.5,93.5,0
318,331,331,33.3,33.3,51,51,99.3,99.3,0
260,332,332,33.0,33.0,185,185,85.16,85.16,0
267,333,333,32.7,32.7,96,96,86.9,86.9,0
455,334,334,32.6,32.6,198,198,93.8,93.8,0
417,335,335,32.3,32.3,19,19,86.9,86.9,0
243,336,336,32.3,32.3,143,143,92.84,92.84,0
60,337,337,32.2,32.2,256,256,99.09,99.09,0
229,338,338,32.2,32.2,89,89,91.22,91.22,0
72,339,339,32.1,32.1,227,227,84.9,84.9,0
270,340,340,32.0,32.0,291,291,91.3,91.3,0
456,341,341,31.6,31.6,266,266,93.8,93.8,0
176,342,342,31.5,31.5,177,177,98.4,98.4,0
511,343,343,31.5,31.5,142,142,84.1,84.1,0
65,344,344,31.2,31.2,53,53,100.0,100.0,0
107,345,345,30.7,30.7,72,72,84.21,84.21,0
389,346,346,30.7,30.7,176,176,83.24,83.24,0
61,347,347,30.5,30.5,204,204,99.3,99.3,0
391,348,348,30.0,30.0,35,35,92.7,92.7,0
508,349,349,30.0,30.0,61,61,92.7,92.7,0
264,350,350,29.7,29.7,108,108,86.9,86.9,0
419,351,351,29.6,29.6,81,81,89.5,89.5,0
230,352,352,29.5,29.5,153,153,86.9,86.9,0
236,353,353,29.5,29.5,87,87,86.9,86.9,0
368,354,354,29.5,29.5,210,210,93.32,93.32,0
257,355,355,29.5,29.5,213,213,86.9,86.9,0
223,356,356,29.3,29.3,156,156,87.6,87.6,0
247,357,357,29.0,29.0,156,156,91.3,91.3,0
407,358,358,28.9,28.9,260,260,87.62,87.62,0
438,359,359,28.1,28.1,135,135,92.7,92.7,0
360,360,360,27.5,27.5,79,79,80.9,80.9,0
362,361,361,27.5,27.5,210,210,80.9,80.9,0
411,362,362,27.4,27.4,213,213,89.35,89.35,0
437,363,363,27.0,27.0,32,32,92.7,92.7,0
469,364,364,26.4,26.4,154,154,99.3,99.3,0
371,365,365,26.4,26.4,187,187,93.8,93.8,0
392,366,366,26.2,26.2,140,140,83.86,83.86,0
506,367,367,26.1,26.1,29,29,92.7,92.7,0
484,368,368,25.7,25.7,68,68,93.8,93.8,0
421,369,369,25.7,25.7,60,60,88.71,88.71,0
240,370,370,25.6,25.6,81,81,91.3,91.3,0
458,371,371,25.5,25.5,60,60,91.3,91.3,0
122,372,372,25.2,25.2,136,136,84.9,84.9,0
59,373,373,25.0,25.0,207,207,99.3,99.3,0
378,374,374,24.8,24.8,340,340,82.33,82.33,0
471,375,375,24.8,24.8,222,222,93.8,93.8,0
234,376,376,24.6,24.6,147,147,86.9,86.9,0
429,377,377,24.6,24.6,7,7,92.7,92.7,0
533,378,378,24.2,24.2,22,22,92.7,92.7,0
216,379,379,23.5,23.5,150,150,91.18,91.18,0
535,380,380,23.0,23.0,92,92,92.7,92.7,0
116,381,381,23.0,23.0,176,176,86.23,86.23,0
226,382,382,23.0,23.0,186,186,89.98,89.98,0
335,383,383,22.9,22.9,119,119,98.92,98.92,0
119,384,384,22.9,22.9,195,195,93.8,93.8,0
269,385,385,22.8,22.8,194,194,87.75,87.75,0
283,386,386,22.7,22.7,50,50,92.9,92.9,0
432,387,387,22.5,22.5,8,8,92.7,92.7,0
386,388,388,22.5,22.5,78,78,89.19,89.19,0
454,389,389,22.0,22.0,100,100,91.41,91.41,0
306,390,390,20.9,20.9,174,174,99.3,99.3,0
205,391,391,20.4,20.4,102,102,92.9,92.9,0
453,392,392,20.3,20.3,81,81,93.8,93.8,0
433,393,393,19.9,19.9,69,69,92.7,92.7,0
424,394,394,19.8,19.8,30,30,86.9,86.9,0
339,395,395,19.6,19.6,103,103,99.3,99.3,0
212,396,396,19.4,19.4,35,35,84.2,84.2,0
338,397,397,19.3,19.3,231,231,99.3,99.3,0
74,398,398,17.9,17.9,50,50,84.9,84.9,0
470,399,399,17.6,17.6,169,169,99.3,99.3,0
94,400,400,17.3,17.3,178,178,93.8,93.8,0
415,401,401,17.2,17.2,9,9,87.59,87.59,0
254,402,402,16.4,16.4,72,72,86.9,86.9,0
265,403,403,14.3,14.3,1,1,86.9,86.9,0
310,404,404,14.1,14.1,208,208,99.3,99.3,0
434,405,405,13.9,13.9,25,25,92.7,92.7,0
256,406,406,13.6,13.6,73,73,86.9,86.9,0
210,407,407,13.3,13.3,226,226,88.48,88.48,0
428,408,408,13.1,13.1,10,10,92.7,92.7,0
538,409,409,12.5,12.5,16,16,92.7,92.7,0
441,410,410,12.1,12.1,38,38,92.7,92.7,0
288,411,411,10.7,10.7,212,212,88.82,88.82,0
436,412,412,9.1,9.1,128,128,88.91,88.91,0
200,413,413,9.0,9.0,140,140,89.59,89.59,0
209,414,414,6.2,6.2,257,257,87.6,87.6,0
359,415,415,2.5,2.5,42,42,80.9,80.9,0
523,416,416,1.2,1.2,24,24,92.7,92.7,0
363,417,417,0.8,0.8,38,38,80.9,80.9,0
358,418,418,0.8,0.8,10,10,80.9,80.9,0
211,419,419,0.0,0.0,222,222,88.37,88.37,0
