h3,lst_c,green_pct
8828301001fffff,38.64,24.81
8828301003fffff,36.96,29.19
8828301005fffff,33.68,0.3
8828301007fffff,35.18,10.33
8828301009fffff,39.43,24.43
882830100bfffff,38.21,26.18
882830100dfffff,38.52,27.7
8828301011fffff,39.22,23.25
8828301013fffff,39.09,21.77
8828301015fffff,37.71,24.8
8828301017fffff,31.43,4.01
8828301019fffff,37.08,34.83
882830101bfffff,38.27,31.37
882830101dfffff,41.43,20.63
8828301029fffff,22.51,0.0
882830102bfffff,22.09,0.0
8828301031fffff,22.77,0.0
8828301039fffff,31.39,0.05
882830103bfffff,23.72,0.0
882830103dfffff,22.15,0.0
8828301041fffff,40.91,15.18
8828301043fffff,42.54,14.13
8828301045fffff,40.09,15.41
8828301047fffff,41.28,15.96
8828301049fffff,39.81,19.53
882830104bfffff,40.94,17.96
882830104dfffff,38.37,26.68
8828301051fffff,39.49,24.18
8828301053fffff,39.96,26.05
8828301055fffff,40.58,21.21
8828301057fffff,36.68,33.86
8828301059fffff,40.47,16.87
882830105bfffff,44.83,15.92
882830105dfffff,42.17,18.07
8828301061fffff,26.27,0.0
8828301063fffff,25.78,0.0
8828301065fffff,21.98,0.0
8828301067fffff,21.93,0.0
8828301069fffff,35.29,34.73
882830106bfffff,38.11,28.0
882830106dfffff,31.19,17.57
88283010c1fffff,33.32,16.06
88283010c3fffff,22.47,0.0
88283010c5fffff,27.61,0.0
88283010c7fffff,22.79,0.0
88283010c9fffff,41.7,11.44
88283010cbfffff,37.16,1.39
88283010cdfffff,40.82,19.54
88283010d1fffff,23.02,0.0
88283010d9fffff,21.31,0.0
88283010dbfffff,21.67,0.0
88283010ddfffff,21.81,0.0
88283010e9fffff,24.25,0.0
88283010edfffff,24.78,0.0
882830110dfffff,22.04,0.0
8828301141fffff,40.31,18.29
8828301143fffff,25.67,0.0
8828301145fffff,34.64,29.09
8828301147fffff,26.42,0.11
8828301149fffff,43.55,6.92
882830114bfffff,34.18,14.75
882830114dfffff,37.29,17.83
8828301159fffff,21.99,0.0
882830115dfffff,22.5,0.0
8828301161fffff,27.37,10.12
8828301163fffff,22.34,0.0
8828301165fffff,27.7,17.44
8828301167fffff,22.11,0.0
8828301169fffff,35.58,24.15
882830116bfffff,28.93,1.47
882830116dfffff,31.67,23.47
8828301201fffff,40.38,21.33
8828301203fffff,41.15,18.74
8828301205fffff,41.73,24.96
8828301207fffff,35.07,40.09
8828301209fffff,41.21,18.5
882830120bfffff,43.59,14.33
882830120dfffff,40.73,24.98
8828301211fffff,40.32,26.99
8828301213fffff,41.1,25.61
8828301215fffff,43.1,18.38
8828301217fffff,42.36,21.02
8828301219fffff,41.35,28.86
882830121bfffff,38.78,32.39
882830121dfffff,45.37,16.09
8828301221fffff,39.21,23.48
8828301223fffff,40.8,17.5
8828301225fffff,36.44,37.28
8828301227fffff,40.91,19.03
8828301229fffff,39.97,23.9
882830122bfffff,38.38,29.47
882830122dfffff,40.47,21.45
8828301231fffff,38.47,29.6
8828301233fffff,40.34,22.27
8828301235fffff,40.82,13.04
8828301237fffff,42.03,13.52
8828301239fffff,40.15,28.46
882830123bfffff,38.12,36.45
882830123dfffff,39.6,25.28
8828301241fffff,36.66,36.59
8828301243fffff,35.39,36.38
8828301245fffff,40.22,17.23
8828301247fffff,40.42,22.54
8828301249fffff,33.25,45.0
882830124bfffff,34.79,40.87
882830124dfffff,37.99,32.08
8828301251fffff,38.32,29.67
8828301253fffff,43.59,22.32
8828301255fffff,38.98,27.2
8828301257fffff,43.03,19.89
8828301259fffff,43.02,16.16
882830125bfffff,41.65,19.42
882830125dfffff,37.35,30.63
8828301261fffff,41.11,25.53
8828301263fffff,42.98,20.83
8828301265fffff,39.82,24.4
8828301267fffff,40.12,25.91
8828301269fffff,38.48,30.9
882830126bfffff,40.21,23.5
882830126dfffff,42.54,21.75
8828301281fffff,43.93,20.19
8828301283fffff,43.24,19.2
8828301285fffff,46.66,15.98
8828301287fffff,44.77,15.55
8828301289fffff,44.48,15.83
882830128bfffff,42.63,17.25
882830128dfffff,44.93,16.16
8828301291fffff,21.44,0.0
8828301293fffff,20.76,0.0
8828301295fffff,32.52,0.0
8828301297fffff,21.14,0.0
8828301299fffff,28.48,0.0
882830129bfffff,21.02,0.0
882830129dfffff,37.94,8.47
88283012a1fffff,44.13,14.45
88283012a3fffff,44.6,10.62
88283012a5fffff,40.69,25.37
88283012a7fffff,41.65,17.23
88283012a9fffff,45.61,13.55
88283012abfffff,45.49,14.51
88283012adfffff,45.13,17.93
88283012b1fffff,36.89,0.0
88283012b3fffff,21.57,0.0
88283012b5fffff,42.93,6.92
88283012b7fffff,31.34,0.0
88283012b9fffff,43.93,15.7
88283012bbfffff,26.41,0.0
88283012bdfffff,45.19,4.82
88283012c1fffff,45.09,17.52
88283012c3fffff,44.47,20.63
88283012c5fffff,44.13,17.57
88283012c7fffff,45.57,16.16
88283012c9fffff,42.79,25.33
88283012cbfffff,42.33,23.65
88283012cdfffff,40.41,28.77
88283012d1fffff,42.97,20.93
88283012d3fffff,38.16,14.91
88283012d5fffff,42.42,18.64
88283012d7fffff,41.2,22.83
88283012d9fffff,42.33,19.48
88283012dbfffff,41.19,22.63
88283012ddfffff,43.01,17.02
88283012e1fffff,44.5,17.78
88283012e3fffff,45.31,15.34
88283012e5fffff,43.17,15.1
88283012e7fffff,44.98,13.82
88283012e9fffff,44.44,15.0
88283012ebfffff,44.69,19.25
88283012edfffff,37.98,33.6
8828301301fffff,44.47,24.25
8828301303fffff,44.9,18.23
8828301305fffff,43.18,26.65
8828301307fffff,43.51,22.11
8828301309fffff,40.19,33.99
882830130bfffff,43.82,21.97
882830130dfffff,42.71,28.01
8828301311fffff,43.89,17.48
8828301313fffff,39.98,18.86
8828301315fffff,44.63,19.13
8828301317fffff,39.65,21.2
8828301319fffff,37.6,34.47
882830131bfffff,37.83,29.02
882830131dfffff,44.12,24.2
8828301321fffff,44.02,14.46
8828301323fffff,44.26,8.48
8828301325fffff,44.81,14.39
8828301327fffff,44.09,1.04
8828301329fffff,45.09,19.71
882830132bfffff,44.13,21.57
882830132dfffff,45.72,18.88
8828301331fffff,40.43,15.83
8828301333fffff,26.2,0.0
8828301335fffff,42.2,9.5
8828301337fffff,30.19,0.55
8828301339fffff,40.65,31.49
882830133bfffff,36.8,36.04
882830133dfffff,42.41,23.31
8828301341fffff,39.49,38.25
8828301343fffff,40.99,32.93
8828301345fffff,39.46,35.78
8828301347fffff,41.67,25.28
8828301349fffff,40.16,37.92
882830134bfffff,43.38,29.92
882830134dfffff,42.55,31.29
8828301351fffff,40.53,31.2
8828301353fffff,39.31,30.77
8828301355fffff,39.76,35.08
8828301357fffff,39.0,36.31
8828301359fffff,39.73,32.89
882830135bfffff,35.48,38.98
882830135dfffff,41.67,28.8
8828301361fffff,44.95,25.76
8828301363fffff,45.93,16.9
8828301365fffff,48.19,15.92
8828301367fffff,47.09,15.82
8828301369fffff,42.42,27.18
882830136bfffff,43.88,26.18
882830136dfffff,45.49,25.18
8828301601fffff,20.4,0.0
8828301605fffff,20.66,0.0
8828301609fffff,20.58,0.0
882830160dfffff,20.8,0.0
8828301621fffff,20.79,0.0
8828301625fffff,20.84,0.0
8828301627fffff,20.54,0.0
8828301629fffff,20.75,0.0
882830162bfffff,20.68,0.0
882830162dfffff,20.85,0.0
8828301641fffff,20.58,0.0
8828301643fffff,20.47,0.0
8828301645fffff,20.64,0.0
8828301647fffff,20.76,0.0
8828301649fffff,20.54,0.0
882830164bfffff,20.45,0.0
882830164dfffff,20.71,0.0
8828301661fffff,20.82,0.0
8828301663fffff,20.81,0.0
8828301665fffff,20.8,0.0
8828301667fffff,20.79,0.0
8828301669fffff,20.57,0.0
882830166bfffff,20.81,0.0
882830166dfffff,20.63,0.0
8828301701fffff,20.72,0.0
8828301703fffff,20.76,0.0
8828301705fffff,20.91,0.0
8828301707fffff,21.09,0.0
8828301709fffff,20.66,0.0
882830170bfffff,20.71,0.0
882830170dfffff,20.71,0.0
8828301711fffff,20.64,0.0
8828301713fffff,20.74,0.0
8828301715fffff,20.76,0.0
8828301719fffff,20.79,0.0
882830171bfffff,20.66,0.0
882830171dfffff,20.74,0.0
8828301729fffff,21.75,0.0
8828301741fffff,20.78,0.0
8828301743fffff,20.66,0.0
8828301745fffff,20.73,0.0
8828301747fffff,20.72,0.0
8828301749fffff,20.88,0.0
882830174bfffff,20.7,0.0
882830174dfffff,20.71,0.0
8828301751fffff,20.75,0.0
8828301753fffff,20.77,0.0
8828301755fffff,20.68,0.0
8828301757fffff,20.76,0.0
8828301759fffff,20.78,0.0
882830175bfffff,20.77,0.0
882830175dfffff,20.68,0.0
8828301761fffff,20.75,0.0
8828301763fffff,20.7,0.0
8828301765fffff,20.88,0.0
8828301767fffff,20.87,0.0
8828301769fffff,20.79,0.0
882830176bfffff,20.67,0.0
882830176dfffff,21.01,0.0
8828301a09fffff,21.98,0.0
8828301a41fffff,32.13,31.58
8828301a43fffff,25.86,0.0
8828301a45fffff,40.67,19.48
8828301a47fffff,30.03,0.0
8828301a49fffff,30.7,31.45
8828301a4bfffff,30.04,38.81
8828301a4dfffff,34.34,12.56
8828301a51fffff,22.05,0.0
8828301a55fffff,21.83,0.0
8828301a57fffff,21.59,0.0
8828301a59fffff,28.81,29.9
8828301a5bfffff,22.06,0.0
8828301a5dfffff,26.08,3.13
8828301a61fffff,23.07,0.0
8828301a65fffff,22.11,0.0
8828301a69fffff,33.79,32.61
8828301a6bfffff,28.43,0.0
8828301a6dfffff,26.89,7.8
8828301b41fffff,22.04,0.0
8828301b49fffff,22.14,0.0
8828301b4bfffff,22.09,0.0
8828301b4dfffff,22.06,0.0
8828301b59fffff,22.18,0.0
8828301b5dfffff,22.18,0.0
8828305245fffff,29.64,17.77
8828305261fffff,29.21,45.0
8828305263fffff,28.14,0.0
8828305265fffff,27.87,45.0
8828305267fffff,27.36,0.0
8828305269fffff,31.55,25.09
882830526bfffff,25.98,0.0
882830526dfffff,31.23,45.0
8828305341fffff,34.66,27.05
8828305343fffff,25.48,0.0
8828305345fffff,34.23,44.68
8828305347fffff,30.06,31.05
8828305349fffff,37.41,41.83
882830534bfffff,29.23,0.0
882830534dfffff,37.85,34.24
8828305359fffff,25.72,0.0
882830535bfffff,29.43,0.0
8828305369fffff,34.34,45.0
882830536dfffff,28.78,2.94
8828308801fffff,41.49,29.41
8828308803fffff,39.31,38.06
8828308805fffff,38.81,39.71
8828308807fffff,39.91,33.82
8828308809fffff,39.43,39.14
882830880bfffff,42.5,25.85
882830880dfffff,39.33,38.74
8828308811fffff,34.27,41.57
8828308813fffff,33.29,45.0
8828308815fffff,34.5,45.0
8828308817fffff,33.94,43.35
8828308819fffff,34.28,44.01
882830881bfffff,33.07,45.0
882830881dfffff,35.1,44.21
8828308821fffff,41.85,31.44
8828308823fffff,37.62,43.73
8828308825fffff,40.53,35.89
8828308827fffff,39.89,39.12
8828308829fffff,38.82,41.72
882830882bfffff,39.56,35.52
882830882dfffff,39.54,33.67
8828308831fffff,36.71,43.23
8828308833fffff,37.43,38.17
8828308835fffff,36.49,45.0
8828308837fffff,38.33,39.28
8828308839fffff,36.8,41.35
882830883bfffff,34.07,45.0
882830883dfffff,38.45,39.47
8828308841fffff,40.09,31.21
8828308843fffff,46.18,19.96
8828308845fffff,37.52,42.68
8828308847fffff,39.25,39.75
8828308849fffff,40.14,32.52
882830884bfffff,39.07,36.54
882830884dfffff,40.43,33.55
8828308851fffff,36.37,35.13
8828308853fffff,36.2,38.23
8828308855fffff,40.88,31.14
8828308857fffff,40.07,31.95
8828308859fffff,33.95,38.4
882830885bfffff,34.18,39.36
882830885dfffff,36.66,43.07
8828308861fffff,39.0,38.34
8828308863fffff,41.29,34.22
8828308865fffff,36.36,42.33
8828308867fffff,36.25,37.83
8828308869fffff,38.17,40.15
882830886bfffff,39.28,38.9
882830886dfffff,38.81,37.99
8828308881fffff,35.9,13.34
8828308883fffff,33.06,17.68
8828308885fffff,37.1,36.73
8828308887fffff,39.63,29.26
8828308889fffff,34.42,11.05
882830888bfffff,30.31,20.93
882830888dfffff,34.53,39.75
8828308891fffff,30.18,24.09
8828308893fffff,30.48,45.0
8828308895fffff,30.08,8.29
8828308897fffff,27.46,0.0
8828308899fffff,32.01,45.0
882830889bfffff,33.97,40.67
882830889dfffff,28.25,5.07
88283088a1fffff,37.0,29.77
88283088a3fffff,37.5,29.88
88283088a5fffff,36.02,36.82
88283088a7fffff,31.98,45.0
88283088a9fffff,31.72,16.11
88283088abfffff,32.69,45.0
88283088adfffff,27.17,0.0
88283088b1fffff,31.66,45.0
88283088b3fffff,36.97,38.74
88283088b5fffff,36.25,34.26
88283088b7fffff,41.09,19.49
88283088b9fffff,33.41,45.0
88283088bbfffff,32.94,32.89
88283088bdfffff,34.19,43.09
88283088c1fffff,34.33,40.66
88283088c3fffff,34.07,41.62
88283088c5fffff,33.1,45.0
88283088c7fffff,32.49,33.0
88283088c9fffff,32.59,43.16
88283088cbfffff,30.65,45.0
88283088cdfffff,34.69,41.49
88283088d1fffff,30.98,45.0
88283088d3fffff,28.84,45.0
88283088d5fffff,36.11,35.91
88283088d7fffff,31.99,45.0
88283088d9fffff,29.95,45.0
88283088dbfffff,30.04,45.0
88283088ddfffff,31.43,45.0
88283088e1fffff,34.62,12.69
88283088e3fffff,33.62,0.0
88283088e5fffff,35.27,39.28
88283088e7fffff,27.41,9.6
88283088e9fffff,38.43,26.65
88283088ebfffff,39.07,29.03
88283088edfffff,36.08,36.82
8828308901fffff,44.16,21.57
8828308903fffff,39.22,38.52
8828308905fffff,44.65,23.82
8828308907fffff,43.82,26.87
8828308909fffff,40.84,37.71
882830890bfffff,44.21,20.75
882830890dfffff,41.86,34.22
8828308911fffff,38.92,34.22
8828308913fffff,35.46,43.41
8828308915fffff,36.61,42.56
8828308917fffff,36.14,45.0
8828308919fffff,39.83,39.95
882830891bfffff,39.98,37.42
882830891dfffff,40.76,34.41
8828308921fffff,44.22,28.71
8828308923fffff,44.73,26.82
8828308925fffff,45.26,25.02
8828308927fffff,45.37,26.87
8828308929fffff,44.03,24.15
882830892bfffff,44.46,27.1
882830892dfffff,43.94,29.87
8828308931fffff,42.32,31.49
8828308933fffff,40.14,37.11
8828308935fffff,42.87,32.84
8828308937fffff,43.52,26.2
8828308939fffff,38.27,42.91
882830893bfffff,39.72,37.44
882830893dfffff,42.85,29.12
8828308941fffff,40.67,36.66
8828308943fffff,41.48,34.31
8828308945fffff,42.41,28.07
8828308947fffff,39.92,39.22
8828308949fffff,43.12,22.82
882830894bfffff,40.88,29.83
882830894dfffff,41.08,35.5
8828308951fffff,38.34,41.15
8828308953fffff,42.15,26.01
8828308955fffff,42.63,29.37
8828308957fffff,43.12,23.83
8828308959fffff,38.35,39.05
882830895bfffff,33.56,16.76
882830895dfffff,38.24,42.95
8828308961fffff,42.93,33.57
8828308963fffff,43.64,28.88
8828308965fffff,43.09,29.78
8828308967fffff,45.52,18.22
8828308969fffff,42.28,32.5
882830896bfffff,40.23,38.2
882830896dfffff,44.08,28.48
8828308981fffff,38.9,34.1
8828308983fffff,41.58,25.63
8828308985fffff,44.72,19.23
8828308987fffff,41.05,28.35
8828308989fffff,41.05,30.2
882830898bfffff,41.56,28.32
882830898dfffff,40.7,31.04
8828308991fffff,39.89,25.88
8828308993fffff,40.16,19.73
8828308995fffff,41.11,28.13
8828308997fffff,40.44,25.01
8828308999fffff,35.98,39.2
882830899bfffff,33.76,44.95
882830899dfffff,37.82,34.92
88283089a1fffff,36.33,41.83
88283089a3fffff,36.95,41.58
88283089a5fffff,41.54,28.47
88283089a7fffff,41.65,28.89
88283089a9fffff,40.93,30.56
88283089abfffff,39.59,36.08
88283089adfffff,36.1,43.37
88283089b1fffff,39.11,37.51
88283089b3fffff,37.02,39.97
88283089b5fffff,40.36,37.62
88283089b7fffff,38.32,39.04
88283089b9fffff,39.56,34.69
88283089bbfffff,44.32,18.19
88283089bdfffff,39.49,34.94
88283089c1fffff,36.06,42.91
88283089c3fffff,37.39,40.71
88283089c5fffff,34.06,45.0
88283089c7fffff,34.24,45.0
88283089c9fffff,39.01,38.82
88283089cbfffff,37.99,40.65
88283089cdfffff,37.53,39.05
88283089d1fffff,33.6,21.88
88283089d3fffff,34.27,30.9
88283089d5fffff,40.44,30.83
88283089d7fffff,40.61,27.94
88283089d9fffff,34.69,39.8
88283089dbfffff,29.46,16.75
88283089ddfffff,33.99,37.56
88283089e1fffff,35.5,43.37
88283089e3fffff,40.57,29.44
88283089e5fffff,34.74,45.0
88283089e7fffff,35.77,43.38
88283089e9fffff,36.2,43.07
88283089ebfffff,36.61,39.89
88283089edfffff,40.28,34.0
8828308a05fffff,34.67,38.9
8828308a21fffff,31.9,45.0
8828308a23fffff,32.98,45.0
8828308a25fffff,37.44,39.93
8828308a27fffff,40.29,31.8
8828308a29fffff,29.75,45.0
8828308a2bfffff,33.82,41.64
8828308a2dfffff,30.85,45.0
8828308a31fffff,32.5,41.97
8828308a33fffff,30.64,45.0
8828308a35fffff,34.78,44.26
8828308a37fffff,35.46,39.95
8828308a3dfffff,33.92,43.76
8828308a61fffff,28.47,45.0
8828308a63fffff,29.29,45.0
8828308a65fffff,29.26,45.0
8828308a67fffff,29.39,45.0
8828308aa1fffff,30.14,45.0
8828308aa3fffff,29.13,45.0
8828308aa5fffff,35.22,40.01
8828308aa7fffff,31.92,45.0
8828308aadfffff,30.72,45.0
8828308ab1fffff,35.0,34.89
8828308ab3fffff,35.39,33.6
8828308ab5fffff,31.46,45.0
8828308ab7fffff,31.24,43.97
8828308abdfffff,36.16,30.54
8828308ae5fffff,31.6,42.94
8828308ae7fffff,32.29,42.45
8828308b01fffff,42.54,28.64
8828308b03fffff,44.2,27.47
8828308b05fffff,41.46,33.52
8828308b07fffff,42.14,29.95
8828308b09fffff,44.66,23.87
8828308b0bfffff,42.33,30.65
8828308b0dfffff,41.45,24.86
8828308b11fffff,41.57,33.51
8828308b13fffff,41.02,33.88
8828308b15fffff,43.37,25.49
8828308b17fffff,41.52,30.56
8828308b19fffff,39.69,38.8
8828308b1bfffff,39.85,35.78
8828308b1dfffff,44.1,29.57
8828308b21fffff,40.04,29.97
8828308b23fffff,42.87,23.1
8828308b25fffff,40.59,34.32
8828308b27fffff,41.43,33.63
8828308b29fffff,39.3,35.81
8828308b2bfffff,43.87,26.1
8828308b2dfffff,42.1,25.16
8828308b31fffff,43.6,24.29
8828308b33fffff,43.1,27.56
8828308b35fffff,43.45,20.33
8828308b37fffff,42.17,27.48
8828308b39fffff,40.4,34.34
8828308b3bfffff,39.53,39.69
8828308b3dfffff,44.77,18.64
8828308b41fffff,41.98,29.74
8828308b43fffff,39.87,33.77
8828308b45fffff,42.63,27.52
8828308b47fffff,42.89,29.26
8828308b49fffff,31.71,45.0
8828308b4bfffff,32.39,45.0
8828308b4dfffff,40.17,34.92
8828308b51fffff,34.09,45.0
8828308b53fffff,36.88,39.54
8828308b55fffff,41.54,32.14
8828308b57fffff,39.51,37.2
8828308b59fffff,30.28,45.0
8828308b5bfffff,30.56,45.0
8828308b5dfffff,34.56,45.0
8828308b61fffff,42.58,25.17
8828308b63fffff,38.71,35.6
8828308b65fffff,37.22,42.12
8828308b67fffff,38.05,38.95
8828308b69fffff,39.63,31.6
8828308b6bfffff,43.1,24.63
8828308b6dfffff,37.69,40.8
8828308c01fffff,41.83,12.58
8828308c03fffff,41.51,10.21
8828308c05fffff,41.84,13.04
8828308c07fffff,42.21,10.57
8828308c09fffff,41.45,10.39
8828308c0bfffff,41.92,9.43
8828308c0dfffff,42.35,8.51
8828308c11fffff,37.3,19.11
8828308c13fffff,31.78,28.18
8828308c15fffff,41.12,16.56
8828308c17fffff,37.67,15.16
8828308c19fffff,35.8,26.72
8828308c1bfffff,34.15,18.58
8828308c1dfffff,44.94,8.12
8828308c21fffff,38.24,21.74
8828308c23fffff,41.29,17.24
8828308c25fffff,38.62,21.82
8828308c27fffff,42.41,16.39
8828308c29fffff,42.16,11.72
8828308c2bfffff,41.2,13.01
8828308c2dfffff,37.43,27.34
8828308c31fffff,41.52,12.57
8828308c33fffff,40.17,13.75
8828308c35fffff,42.48,13.05
8828308c37fffff,41.54,10.92
8828308c39fffff,41.61,9.34
8828308c3bfffff,40.71,12.02
8828308c3dfffff,41.68,16.12
8828308c41fffff,41.66,8.92
8828308c43fffff,42.13,10.93
8828308c45fffff,41.87,10.65
8828308c47fffff,42.14,8.18
8828308c49fffff,38.47,5.42
8828308c4bfffff,37.95,1.39
8828308c4dfffff,39.69,13.55
8828308c51fffff,42.81,4.63
8828308c53fffff,38.96,6.22
8828308c55fffff,41.9,11.71
8828308c57fffff,41.85,5.86
8828308c59fffff,40.18,15.53
8828308c5bfffff,40.47,10.06
8828308c5dfffff,41.88,5.07
8828308c61fffff,42.21,10.97
8828308c63fffff,42.22,15.89
8828308c65fffff,40.69,19.53
8828308c67fffff,41.93,13.09
8828308c69fffff,42.01,12.36
8828308c6bfffff,41.32,14.62
8828308c6dfffff,40.67,13.55
8828308c81fffff,20.32,0.0
8828308c83fffff,20.15,0.0
8828308c85fffff,20.46,0.0
8828308c87fffff,20.12,0.0
8828308c89fffff,20.68,0.0
8828308c8bfffff,19.98,0.0
8828308c8dfffff,21.33,0.0
8828308c95fffff,20.06,0.0
8828308c9dfffff,20.12,0.0
8828308ca1fffff,20.46,0.0
8828308ca3fffff,20.21,0.0
8828308ca5fffff,21.24,0.0
8828308ca7fffff,20.6,0.0
8828308ca9fffff,20.83,0.0
8828308cabfffff,20.11,0.0
8828308cadfffff,21.14,0.0
8828308cb1fffff,20.21,0.0
8828308cb5fffff,20.42,0.0
8828308cb7fffff,20.24,0.0
8828308cb9fffff,20.15,0.0
8828308cbbfffff,19.96,0.0
8828308cbdfffff,20.22,0.0
8828308cc1fffff,21.97,0.0
8828308cc3fffff,21.07,0.0
8828308cc5fffff,30.42,0.0
8828308cc7fffff,21.76,0.0
8828308cc9fffff,27.77,0.0
8828308ccbfffff,28.15,0.6
8828308ccdfffff,24.93,0.0
8828308cd5fffff,20.16,0.0
8828308cd7fffff,20.05,0.0
8828308cddfffff,20.98,0.0
8828308ce1fffff,23.74,0.0
8828308ce3fffff,21.41,0.0
8828308ce5fffff,25.49,0.0
8828308ce7fffff,21.32,0.0
8828308ce9fffff,36.57,10.91
8828308cebfffff,22.0,0.0
8828308cedfffff,34.95,12.16
8828308d01fffff,41.57,23.62
8828308d03fffff,43.62,20.09
8828308d05fffff,39.74,31.04
8828308d07fffff,41.77,25.17
8828308d09fffff,36.97,36.27
8828308d0bfffff,36.9,36.01
8828308d0dfffff,42.17,26.42
8828308d11fffff,39.93,25.05
8828308d13fffff,39.81,22.73
8828308d15fffff,42.74,18.54
8828308d17fffff,41.13,23.62
8828308d19fffff,38.44,26.99
8828308d1bfffff,37.72,30.75
8828308d1dfffff,40.33,25.86
8828308d21fffff,38.27,38.99
8828308d23fffff,41.79,28.01
8828308d25fffff,43.46,22.76
8828308d27fffff,44.58,19.12
8828308d29fffff,38.03,35.15
8828308d2bfffff,35.49,44.0
8828308d2dfffff,43.46,21.62
8828308d31fffff,39.48,31.64
8828308d33fffff,40.9,24.07
8828308d35fffff,44.16,22.31
8828308d37fffff,43.03,19.69
8828308d39fffff,40.05,29.82
8828308d3bfffff,39.5,28.13
8828308d3dfffff,35.57,44.35
8828308d41fffff,35.89,36.71
8828308d43fffff,35.41,36.27
8828308d45fffff,32.39,45.0
8828308d47fffff,33.74,45.0
8828308d49fffff,33.53,42.77
8828308d4bfffff,38.85,24.83
8828308d4dfffff,36.68,33.44
8828308d51fffff,35.38,34.31
8828308d53fffff,36.17,31.76
8828308d55fffff,36.75,29.98
8828308d57fffff,33.94,40.68
8828308d59fffff,35.9,35.38
8828308d5bfffff,37.52,30.2
8828308d5dfffff,34.56,36.94
8828308d61fffff,32.38,45.0
8828308d63fffff,35.57,42.93
8828308d65fffff,37.6,35.38
8828308d67fffff,37.06,35.96
8828308d69fffff,33.69,26.13
8828308d6bfffff,38.2,33.75
8828308d6dfffff,38.0,34.09
8828308d81fffff,25.3,0.0
8828308d83fffff,21.66,0.0
8828308d85fffff,31.93,0.0
8828308d87fffff,21.57,0.0
8828308d89fffff,41.51,12.72
8828308d8bfffff,34.57,8.41
8828308d8dfffff,41.58,16.2
8828308d91fffff,21.42,0.0
8828308d93fffff,20.72,0.0
8828308d95fffff,21.02,0.0
8828308d97fffff,20.65,0.0
8828308d99fffff,33.26,29.28
8828308d9bfffff,23.39,0.0
8828308d9dfffff,28.22,0.0
8828308da1fffff,21.5,0.0
8828308da3fffff,20.59,0.0
8828308da5fffff,21.94,0.0
8828308da7fffff,20.67,0.0
8828308da9fffff,35.94,4.68
8828308dabfffff,21.92,0.0
8828308dadfffff,30.31,0.0
8828308db1fffff,20.77,0.0
8828308db3fffff,20.67,0.0
8828308db5fffff,20.83,0.0
8828308db7fffff,20.63,0.0
8828308db9fffff,20.78,0.0
8828308dbbfffff,20.74,0.0
8828308dbdfffff,20.65,0.0
8828308dc1fffff,41.37,16.34
8828308dc3fffff,40.23,19.14
8828308dc5fffff,40.9,15.92
8828308dc7fffff,40.5,17.63
8828308dc9fffff,41.17,19.01
8828308dcbfffff,40.1,18.53
8828308dcdfffff,42.05,14.35
8828308dd1fffff,34.54,9.64
8828308dd3fffff,27.43,0.0
8828308dd5fffff,38.35,25.43
8828308dd7fffff,38.9,21.35
8828308dd9fffff,36.8,13.67
8828308ddbfffff,22.01,0.0
8828308dddfffff,38.83,22.45
8828308de1fffff,42.4,15.99
8828308de3fffff,41.7,17.18
8828308de5fffff,41.61,20.88
8828308de7fffff,41.19,18.31
8828308de9fffff,42.52,12.57
8828308debfffff,42.46,16.72
8828308dedfffff,41.19,19.05
8828308e01fffff,18.15,0.0
8828308e03fffff,18.34,0.0
8828308e05fffff,18.42,0.0
8828308e07fffff,19.02,0.0
8828308e0dfffff,18.06,0.0
8828308e11fffff,18.16,0.0
8828308e13fffff,18.42,0.0
8828308e15fffff,18.77,0.0
8828308e17fffff,18.85,0.0
8828308e21fffff,20.11,0.0
8828308e23fffff,24.91,0.0
8828308e25fffff,21.06,0.0
8828308e27fffff,26.89,0.0
8828308e29fffff,20.96,0.0
8828308e2bfffff,20.89,0.0
8828308e2dfffff,18.92,0.0
8828308e31fffff,35.44,9.63
8828308e33fffff,31.83,14.07
8828308e35fffff,34.69,0.0
8828308e37fffff,37.48,7.64
8828308e39fffff,19.69,0.0
8828308e3bfffff,25.54,0.0
8828308e3dfffff,28.54,0.0
8828308e63fffff,18.1,0.0
8828308e67fffff,18.26,0.0
8828308e81fffff,19.17,0.0
8828308e85fffff,19.43,0.0
8828308e87fffff,19.06,0.0
8828308e8dfffff,18.74,0.0
8828308ea1fffff,34.32,29.91
8828308ea3fffff,32.37,36.14
8828308ea5fffff,39.74,7.73
8828308ea7fffff,36.98,0.83
8828308ea9fffff,33.0,0.0
8828308eabfffff,23.25,0.0
8828308eadfffff,37.91,12.52
8828308eb1fffff,19.49,0.0
8828308eb5fffff,30.39,12.68
8828308eb7fffff,26.33,5.49
8828308ebdfffff,22.74,0.0
8828308ec5fffff,18.47,0.0
8828308ec7fffff,18.59,0.0
8828308ee1fffff,19.2,0.0
8828308ee3fffff,19.14,0.0
8828308ee5fffff,24.43,0.0
8828308ee7fffff,25.24,0.0
8828308ee9fffff,18.79,0.0
8828308eebfffff,18.99,0.0
8828308eedfffff,19.39,0.0
8828308f01fffff,41.12,13.81
8828308f03fffff,41.14,14.64
8828308f05fffff,40.1,22.6
8828308f07fffff,40.63,18.91
8828308f09fffff,36.88,17.83
8828308f0bfffff,38.81,13.7
8828308f0dfffff,41.11,15.72
8828308f11fffff,39.4,13.37
8828308f13fffff,41.81,9.58
8828308f15fffff,40.96,13.3
8828308f17fffff,42.1,13.86
8828308f19fffff,24.11,0.0
8828308f1bfffff,36.71,16.53
8828308f1dfffff,36.33,13.03
8828308f21fffff,32.73,43.89
8828308f23fffff,32.86,45.0
8828308f25fffff,32.18,43.19
8828308f27fffff,35.32,36.07
8828308f29fffff,35.79,35.04
8828308f2bfffff,38.58,26.53
8828308f2dfffff,30.24,45.0
8828308f31fffff,37.24,29.34
8828308f33fffff,40.25,22.86
8828308f35fffff,32.97,44.73
8828308f37fffff,33.24,44.38
8828308f39fffff,42.1,16.18
8828308f3bfffff,41.71,12.56
8828308f3dfffff,35.77,31.97
8828308f51fffff,21.36,0.0
8828308f53fffff,19.59,0.0
8828308f55fffff,25.07,0.0
8828308f57fffff,30.26,0.0
8828308f5bfffff,18.85,0.0
8828308f61fffff,36.1,30.64
8828308f63fffff,37.01,28.82
8828308f67fffff,37.56,27.18
8828308f6bfffff,39.28,20.17
88283099a3fffff,31.09,39.33
88283099a7fffff,33.44,45.0
88283099b5fffff,30.98,41.95
88283099b7fffff,30.41,45.0
882830c001fffff,46.72,16.71
882830c003fffff,47.5,17.98
882830c005fffff,46.55,20.4
882830c007fffff,46.0,20.11
882830c009fffff,47.06,18.71
882830c00bfffff,46.63,19.27
882830c00dfffff,47.59,15.49
882830c011fffff,42.24,24.5
882830c013fffff,39.91,29.87
882830c015fffff,47.36,16.99
882830c017fffff,41.3,25.65
882830c019fffff,43.73,27.88
882830c01bfffff,42.75,28.87
882830c01dfffff,44.87,23.17
882830c021fffff,45.97,19.79
882830c023fffff,50.46,15.81
882830c025fffff,50.66,13.22
882830c027fffff,50.98,12.97
882830c029fffff,50.81,11.62
882830c02bfffff,46.78,15.89
882830c02dfffff,48.45,13.41
882830c031fffff,45.61,20.9
882830c033fffff,45.52,19.62
882830c035fffff,50.67,13.33
882830c037fffff,48.43,14.33
882830c039fffff,46.07,20.08
882830c03bfffff,43.19,22.87
882830c03dfffff,45.39,18.12
882830c041fffff,42.93,28.91
882830c043fffff,45.82,18.14
882830c045fffff,45.31,22.02
882830c047fffff,46.55,21.49
882830c049fffff,43.41,25.86
882830c04bfffff,39.9,31.49
882830c04dfffff,46.36,20.27
882830c051fffff,43.66,23.88
882830c053fffff,46.0,20.28
882830c055fffff,44.3,20.59
882830c057fffff,41.55,25.31
882830c059fffff,43.67,21.83
882830c05bfffff,42.01,29.11
882830c05dfffff,40.35,30.44
882830c061fffff,44.93,16.11
882830c063fffff,45.48,19.65
882830c065fffff,50.7,12.84
882830c067fffff,50.5,13.15
882830c069fffff,45.84,17.08
882830c06bfffff,47.41,15.01
882830c06dfffff,45.96,18.58
882830c081fffff,42.28,25.5
882830c083fffff,42.04,22.16
882830c085fffff,41.64,26.71
882830c087fffff,42.34,25.27
882830c089fffff,45.76,13.4
882830c08bfffff,42.63,20.06
882830c08dfffff,46.63,19.33
882830c091fffff,46.4,13.17
882830c093fffff,45.96,13.09
882830c095fffff,46.79,11.89
882830c097fffff,46.98,14.8
882830c099fffff,47.39,14.18
882830c09bfffff,45.05,20.0
882830c09dfffff,46.7,13.63
882830c0a1fffff,45.21,12.23
882830c0a3fffff,46.15,9.55
882830c0a5fffff,49.88,12.92
882830c0a7fffff,45.54,9.63
882830c0a9fffff,42.17,27.46
882830c0abfffff,47.06,13.22
882830c0adfffff,47.1,14.57
882830c0b1fffff,45.62,10.32
882830c0b3fffff,47.48,10.53
882830c0b5fffff,46.11,9.15
882830c0b7fffff,46.29,9.06
882830c0b9fffff,44.85,11.84
882830c0bbfffff,46.16,13.39
882830c0bdfffff,45.84,10.89
882830c0c1fffff,37.96,33.87
882830c0c3fffff,42.17,22.8
882830c0c5fffff,40.79,23.73
882830c0c7fffff,43.49,13.93
882830c0c9fffff,44.72,20.0
882830c0cbfffff,45.94,20.21
882830c0cdfffff,40.81,27.64
882830c0d1fffff,44.99,13.3
882830c0d3fffff,45.31,19.71
882830c0d5fffff,44.62,15.25
882830c0d7fffff,45.5,13.56
882830c0d9fffff,46.22,16.42
882830c0dbfffff,45.89,16.69
882830c0ddfffff,46.43,18.2
882830c0e1fffff,46.65,14.23
882830c0e3fffff,47.01,20.58
882830c0e5fffff,42.48,23.9
882830c0e7fffff,48.3,18.78
882830c0e9fffff,40.56,27.38
882830c0ebfffff,43.65,21.2
882830c0edfffff,43.4,18.83
882830c101fffff,48.48,11.26
882830c103fffff,48.99,9.81
882830c105fffff,46.96,20.29
882830c107fffff,48.46,10.42
882830c109fffff,51.95,8.17
882830c10bfffff,49.66,11.39
882830c10dfffff,49.75,10.32
882830c111fffff,50.39,11.85
882830c113fffff,51.91,11.12
882830c115fffff,51.45,10.52
882830c117fffff,49.66,9.92
882830c119fffff,50.4,10.46
882830c11bfffff,49.74,11.18
882830c11dfffff,50.11,13.52
882830c121fffff,46.62,17.22
882830c123fffff,49.24,9.13
882830c125fffff,45.25,23.37
882830c127fffff,47.99,14.99
882830c129fffff,46.21,16.0
882830c12bfffff,46.46,19.85
882830c12dfffff,45.19,21.32
882830c131fffff,48.53,10.38
882830c133fffff,49.81,8.6
882830c135fffff,48.07,16.92
882830c137fffff,49.45,9.55
882830c139fffff,50.9,8.28
882830c13bfffff,48.69,11.38
882830c13dfffff,48.16,9.41
882830c141fffff,53.97,9.52
882830c143fffff,50.23,13.33
882830c145fffff,53.11,11.39
882830c147fffff,52.53,10.49
882830c149fffff,52.19,9.97
882830c14bfffff,51.18,11.38
882830c14dfffff,51.49,9.17
882830c151fffff,48.38,14.15
882830c153fffff,49.48,15.32
882830c155fffff,49.35,11.05
882830c157fffff,50.59,10.78
882830c159fffff,51.26,12.29
882830c15bfffff,51.01,10.96
882830c15dfffff,50.36,9.87
882830c161fffff,49.71,10.67
882830c163fffff,48.65,14.63
882830c165fffff,46.56,21.71
882830c167fffff,48.73,11.79
882830c169fffff,52.92,8.83
882830c16bfffff,49.37,12.4
882830c16dfffff,48.38,16.75
882830c181fffff,47.7,14.18
882830c183fffff,49.46,10.64
882830c185fffff,47.4,17.11
882830c187fffff,40.29,29.03
882830c189fffff,49.11,10.15
882830c18bfffff,48.78,9.99
882830c18dfffff,47.79,14.28
882830c191fffff,48.85,10.99
882830c193fffff,47.94,12.86
882830c195fffff,41.91,8.52
882830c197fffff,49.27,18.14
882830c199fffff,48.6,10.54
882830c19bfffff,47.4,9.73
882830c19dfffff,49.36,10.55
882830c1a1fffff,47.2,18.17
882830c1a3fffff,48.39,16.14
882830c1a5fffff,47.34,15.36
882830c1a7fffff,48.22,14.38
882830c1a9fffff,47.43,16.46
882830c1abfffff,47.16,15.29
882830c1adfffff,47.44,15.36
882830c1b1fffff,48.96,16.86
882830c1b3fffff,49.02,15.32
882830c1b5fffff,48.86,16.69
882830c1b7fffff,49.04,12.69
882830c1b9fffff,47.75,18.64
882830c1bbfffff,48.33,15.77
882830c1bdfffff,46.93,16.29
882830c1c1fffff,53.35,14.56
882830c1c3fffff,50.87,14.06
882830c1c5fffff,50.52,11.63
882830c1c7fffff,52.61,12.78
882830c1c9fffff,51.59,14.24
882830c1cbfffff,48.08,20.5
882830c1cdfffff,52.33,12.6
882830c1d1fffff,48.29,14.6
882830c1d3fffff,48.68,15.65
882830c1d5fffff,49.61,10.56
882830c1d7fffff,49.7,10.61
882830c1d9fffff,49.71,16.12
882830c1dbfffff,48.38,14.41
882830c1ddfffff,46.49,20.58
882830c1e1fffff,48.97,12.29
882830c1e3fffff,47.48,14.85
882830c1e5fffff,47.89,15.33
882830c1e7fffff,48.11,14.08
882830c1e9fffff,50.1,10.61
882830c1ebfffff,49.41,12.66
882830c1edfffff,49.62,12.03
882830c201fffff,36.97,42.15
882830c203fffff,40.99,34.25
882830c205fffff,37.81,38.73
882830c207fffff,37.73,37.57
882830c209fffff,36.52,38.33
882830c20bfffff,39.58,34.07
882830c20dfffff,36.19,38.81
882830c211fffff,36.58,38.59
882830c213fffff,42.73,27.92
882830c215fffff,37.91,37.1
882830c217fffff,45.19,20.19
882830c219fffff,39.29,35.25
882830c21bfffff,38.12,35.79
882830c21dfffff,41.72,27.43
882830c221fffff,38.34,34.61
882830c223fffff,40.4,29.25
882830c225fffff,36.7,42.22
882830c227fffff,43.03,28.8
882830c229fffff,39.67,33.51
882830c22bfffff,39.66,30.69
882830c22dfffff,43.99,21.86
882830c231fffff,44.59,21.77
882830c233fffff,40.75,31.35
882830c235fffff,39.21,26.97
882830c237fffff,43.67,21.46
882830c239fffff,45.07,25.48
882830c23bfffff,45.44,22.44
882830c23dfffff,42.57,24.9
882830c241fffff,40.11,28.62
882830c243fffff,36.88,40.74
882830c245fffff,38.62,34.91
882830c247fffff,38.91,34.08
882830c249fffff,43.3,26.83
882830c24bfffff,39.46,30.85
882830c24dfffff,38.6,33.63
882830c251fffff,33.95,43.55
882830c253fffff,33.87,45.0
882830c255fffff,36.4,41.49
882830c257fffff,40.96,29.87
882830c259fffff,37.65,30.73
882830c25bfffff,34.09,41.09
882830c25dfffff,33.93,44.53
882830c261fffff,36.69,43.81
882830c263fffff,36.19,45.0
882830c265fffff,39.3,37.13
882830c267fffff,43.13,29.39
882830c269fffff,40.7,29.9
882830c26bfffff,39.31,31.98
882830c26dfffff,39.44,36.47
882830c281fffff,39.32,31.32
882830c283fffff,33.56,33.6
882830c285fffff,46.14,19.76
882830c287fffff,37.59,26.26
882830c289fffff,43.54,28.36
882830c28bfffff,32.99,44.73
882830c28dfffff,42.49,33.54
882830c291fffff,36.57,31.53
882830c293fffff,36.35,29.66
882830c295fffff,33.24,42.95
882830c297fffff,37.42,33.62
882830c299fffff,32.78,41.21
882830c29bfffff,36.24,31.26
882830c29dfffff,36.97,36.38
882830c2a1fffff,38.92,34.36
882830c2a3fffff,38.71,35.66
882830c2a5fffff,44.84,20.92
882830c2a7fffff,43.32,25.02
882830c2a9fffff,44.1,23.57
882830c2abfffff,41.46,26.94
882830c2adfffff,44.08,23.86
882830c2b1fffff,39.38,35.58
882830c2b3fffff,43.4,21.29
882830c2b5fffff,42.36,28.4
882830c2b7fffff,45.49,22.44
882830c2b9fffff,35.57,32.2
882830c2bbfffff,37.94,35.51
882830c2bdfffff,37.68,34.01
882830c2c1fffff,43.11,33.83
882830c2c3fffff,46.78,25.1
882830c2c5fffff,42.74,34.39
882830c2c7fffff,46.74,25.71
882830c2c9fffff,46.94,22.47
882830c2cbfffff,43.39,32.96
882830c2cdfffff,43.13,29.71
882830c2d1fffff,41.81,27.27
882830c2d3fffff,42.01,27.57
882830c2d5fffff,38.21,38.35
882830c2d7fffff,33.99,44.02
882830c2d9fffff,39.3,29.8
882830c2dbfffff,42.83,22.14
882830c2ddfffff,44.98,26.27
882830c2e1fffff,44.77,29.35
882830c2e3fffff,44.55,28.08
882830c2e5fffff,40.41,34.48
882830c2e7fffff,40.57,33.36
882830c2e9fffff,50.21,19.72
882830c2ebfffff,47.93,23.66
882830c2edfffff,45.5,26.51
882830c301fffff,46.45,17.01
882830c303fffff,47.64,18.17
882830c305fffff,49.22,16.18
882830c307fffff,46.03,18.59
882830c309fffff,50.67,12.35
882830c30bfffff,47.83,14.53
882830c30dfffff,50.09,13.61
882830c311fffff,43.78,22.29
882830c313fffff,42.49,25.68
882830c315fffff,44.74,20.8
882830c317fffff,45.73,18.16
882830c319fffff,39.23,35.01
882830c31bfffff,48.85,16.53
882830c31dfffff,42.35,20.2
882830c321fffff,47.03,10.16
882830c323fffff,49.2,10.72
882830c325fffff,49.67,9.68
882830c327fffff,50.43,9.39
882830c329fffff,49.41,15.96
882830c32bfffff,48.79,17.47
882830c32dfffff,50.8,10.2
882830c331fffff,48.99,13.14
882830c333fffff,48.8,12.49
882830c335fffff,49.28,10.63
882830c337fffff,49.45,12.87
882830c339fffff,46.54,19.11
882830c33bfffff,43.82,18.47
882830c33dfffff,50.52,13.03
882830c341fffff,44.96,19.97
882830c343fffff,45.38,22.59
882830c345fffff,48.45,14.11
882830c347fffff,51.77,14.81
882830c349fffff,42.26,19.67
882830c34bfffff,41.78,25.71
882830c34dfffff,46.93,17.81
882830c351fffff,37.58,38.21
882830c353fffff,35.74,44.86
882830c355fffff,41.77,29.22
882830c357fffff,38.07,35.22
882830c359fffff,44.72,23.54
882830c35bfffff,43.75,26.82
882830c35dfffff,43.89,24.51
882830c361fffff,48.67,16.1
882830c363fffff,44.58,18.85
882830c365fffff,46.89,18.16
882830c367fffff,46.33,18.7
882830c369fffff,49.23,11.17
882830c36bfffff,48.14,12.66
882830c36dfffff,49.78,14.86
882830c401fffff,47.83,19.09
882830c403fffff,47.46,21.31
882830c405fffff,47.69,21.92
882830c407fffff,47.24,23.54
882830c409fffff,45.31,27.8
882830c40bfffff,47.1,22.55
882830c40dfffff,47.34,20.8
882830c411fffff,47.08,18.37
882830c413fffff,47.94,15.71
882830c415fffff,47.17,23.6
882830c417fffff,48.03,21.07
882830c419fffff,48.16,11.29
882830c41bfffff,48.5,8.04
882830c41dfffff,47.47,14.87
882830c421fffff,46.6,15.49
882830c423fffff,47.44,13.49
882830c425fffff,45.8,14.21
882830c427fffff,46.76,12.8
882830c429fffff,47.23,21.97
882830c42bfffff,47.82,22.97
882830c42dfffff,45.75,16.42
882830c431fffff,44.44,15.56
882830c433fffff,46.32,12.62
882830c435fffff,46.29,12.42
882830c437fffff,44.31,12.51
882830c439fffff,45.37,21.8
882830c43bfffff,47.27,22.74
882830c43dfffff,47.37,20.72
882830c441fffff,46.47,17.33
882830c443fffff,45.45,19.86
882830c445fffff,46.69,20.89
882830c447fffff,46.91,24.21
882830c449fffff,46.65,23.23
882830c44bfffff,46.34,24.63
882830c44dfffff,45.92,13.26
882830c451fffff,48.24,9.9
882830c453fffff,46.89,20.68
882830c455fffff,45.33,18.57
882830c457fffff,46.97,17.78
882830c459fffff,46.92,23.24
882830c45bfffff,48.29,17.79
882830c45dfffff,47.64,12.51
882830c461fffff,47.64,16.74
882830c463fffff,47.06,21.19
882830c465fffff,47.61,21.39
882830c467fffff,47.49,20.71
882830c469fffff,46.46,21.47
882830c46bfffff,46.44,22.04
882830c46dfffff,46.04,23.14
882830c481fffff,46.17,6.93
882830c483fffff,42.45,13.61
882830c485fffff,43.39,14.1
882830c487fffff,43.49,10.63
882830c489fffff,44.27,17.15
882830c48bfffff,44.3,17.17
882830c48dfffff,46.99,7.89
882830c491fffff,45.21,10.26
882830c493fffff,42.51,11.24
882830c495fffff,44.27,15.84
882830c497fffff,37.95,21.11
882830c499fffff,46.22,14.78
882830c49bfffff,38.14,10.32
882830c49dfffff,44.76,13.82
882830c4a1fffff,36.65,34.28
882830c4a3fffff,33.71,31.92
882830c4a5fffff,41.89,16.85
882830c4a7fffff,35.0,30.58
882830c4a9fffff,29.85,0.0
882830c4abfffff,43.48,10.05
882830c4adfffff,42.6,9.8
882830c4b1fffff,35.16,28.09
882830c4b3fffff,30.54,35.6
882830c4b5fffff,31.12,36.52
882830c4b7fffff,30.02,38.63
882830c4b9fffff,42.36,4.02
882830c4bbfffff,40.88,8.33
882830c4bdfffff,37.42,24.99
882830c4c1fffff,49.0,5.25
882830c4c3fffff,46.95,9.1
882830c4c5fffff,47.69,14.47
882830c4c7fffff,47.01,10.26
882830c4c9fffff,46.93,16.29
882830c4cbfffff,47.75,12.26
882830c4cdfffff,49.3,7.1
882830c4d1fffff,46.1,19.87
882830c4d3fffff,45.49,17.71
882830c4d5fffff,46.81,14.92
882830c4d7fffff,44.9,15.24
882830c4d9fffff,47.37,17.79
882830c4dbfffff,46.56,22.44
882830c4ddfffff,47.34,15.75
882830c4e1fffff,46.35,14.92
882830c4e3fffff,45.74,10.55
882830c4e5fffff,47.38,14.27
882830c4e7fffff,45.48,8.13
882830c4e9fffff,46.87,19.6
882830c4ebfffff,46.73,9.26
882830c4edfffff,48.33,18.38
882830c501fffff,45.78,10.7
882830c503fffff,44.15,11.76
882830c505fffff,46.89,10.64
882830c507fffff,48.23,7.57
882830c509fffff,45.4,12.96
882830c50bfffff,44.77,12.83
882830c50dfffff,46.02,11.25
882830c511fffff,45.46,12.21
882830c513fffff,45.01,13.28
882830c515fffff,44.36,13.61
882830c517fffff,45.85,12.05
882830c519fffff,45.26,13.36
882830c51bfffff,44.15,12.73
882830c51dfffff,45.23,12.6
882830c521fffff,46.45,9.45
882830c523fffff,46.97,11.24
882830c525fffff,48.52,13.47
882830c527fffff,46.76,12.03
882830c529fffff,47.68,9.74
882830c52bfffff,45.94,9.08
882830c52dfffff,47.95,11.53
882830c531fffff,45.21,13.67
882830c533fffff,47.55,10.43
882830c535fffff,48.0,14.81
882830c537fffff,47.06,11.6
882830c539fffff,44.05,11.45
882830c53bfffff,46.21,11.5
882830c53dfffff,46.64,9.08
882830c541fffff,44.71,15.36
882830c543fffff,45.43,11.89
882830c545fffff,47.07,13.49
882830c547fffff,46.29,12.18
882830c549fffff,46.1,16.09
882830c54bfffff,46.61,16.33
882830c54dfffff,46.84,12.73
882830c551fffff,47.7,13.58
882830c553fffff,46.11,14.06
882830c555fffff,45.05,12.7
882830c557fffff,46.64,12.66
882830c559fffff,46.91,21.54
882830c55bfffff,45.86,24.62
882830c55dfffff,46.33,12.03
882830c561fffff,46.02,9.89
882830c563fffff,45.96,9.13
882830c565fffff,47.04,10.68
882830c567fffff,47.55,9.89
882830c569fffff,45.46,16.69
882830c56bfffff,47.28,12.36
882830c56dfffff,44.63,12.41
882830c581fffff,45.85,11.91
882830c583fffff,43.75,11.88
882830c585fffff,45.56,14.27
882830c587fffff,44.48,12.62
882830c589fffff,45.74,11.79
882830c58bfffff,44.15,11.74
882830c58dfffff,46.45,12.1
882830c591fffff,42.32,11.48
882830c593fffff,42.29,12.76
882830c595fffff,43.44,10.31
882830c597fffff,40.69,17.9
882830c599fffff,41.54,13.43
882830c59bfffff,42.04,11.74
882830c59dfffff,40.5,11.98
882830c5a1fffff,34.66,25.18
882830c5a3fffff,25.19,0.0
882830c5a5fffff,29.16,31.05
882830c5a7fffff,23.05,0.0
882830c5a9fffff,44.93,15.99
882830c5abfffff,42.85,18.08
882830c5adfffff,43.17,10.33
882830c5b1fffff,27.8,15.41
882830c5b3fffff,22.89,0.0
882830c5b5fffff,22.45,0.0
882830c5b7fffff,22.24,0.0
882830c5b9fffff,41.99,14.86
882830c5bbfffff,34.41,31.62
882830c5bdfffff,37.83,8.65
882830c5c1fffff,44.62,12.5
882830c5c3fffff,45.77,10.37
882830c5c5fffff,44.09,12.95
882830c5c7fffff,45.07,10.93
882830c5c9fffff,46.21,13.73
882830c5cbfffff,45.25,14.97
882830c5cdfffff,44.94,12.28
882830c5d1fffff,43.46,18.1
882830c5d3fffff,43.76,13.04
882830c5d5fffff,44.0,10.95
882830c5d7fffff,42.93,13.39
882830c5d9fffff,43.68,13.65
882830c5dbfffff,42.27,28.15
882830c5ddfffff,44.98,13.65
882830c5e1fffff,46.41,7.95
882830c5e3fffff,46.76,12.56
882830c5e5fffff,47.58,13.13
882830c5e7fffff,46.82,15.18
882830c5e9fffff,45.61,10.41
882830c5ebfffff,46.38,8.16
882830c5edfffff,46.96,9.45
882830c601fffff,45.45,22.49
882830c603fffff,44.8,26.52
882830c605fffff,45.61,27.7
882830c607fffff,46.24,23.1
882830c609fffff,44.11,26.41
882830c60bfffff,45.16,21.49
882830c60dfffff,45.02,26.95
882830c611fffff,44.73,21.46
882830c613fffff,46.13,20.41
882830c615fffff,44.51,28.03
882830c617fffff,45.37,22.55
882830c619fffff,44.7,23.36
882830c61bfffff,46.53,20.25
882830c61dfffff,44.04,29.31
882830c621fffff,43.56,29.45
882830c623fffff,46.24,25.82
882830c625fffff,42.88,22.84
882830c627fffff,45.51,18.48
882830c629fffff,44.32,29.55
882830c62bfffff,45.85,21.94
882830c62dfffff,41.85,32.87
882830c631fffff,46.18,22.83
882830c633fffff,46.14,26.74
882830c635fffff,47.46,20.29
882830c637fffff,46.73,23.15
882830c639fffff,45.56,24.85
882830c63bfffff,45.24,26.24
882830c63dfffff,45.55,20.98
882830c641fffff,45.12,26.0
882830c643fffff,44.89,25.27
882830c645fffff,45.64,18.09
882830c647fffff,45.56,16.43
882830c649fffff,43.66,31.91
882830c64bfffff,42.86,33.1
882830c64dfffff,43.74,29.8
882830c651fffff,44.3,24.58
882830c653fffff,46.7,5.86
882830c655fffff,42.66,32.38
882830c657fffff,43.75,26.92
882830c659fffff,45.06,12.99
882830c65bfffff,46.4,10.91
882830c65dfffff,43.22,30.45
882830c661fffff,44.52,26.1
882830c663fffff,45.27,27.44
882830c665fffff,45.92,23.26
882830c667fffff,44.39,29.11
882830c669fffff,44.16,21.8
882830c66bfffff,43.31,27.2
882830c66dfffff,44.77,24.32
882830c681fffff,45.68,25.62
882830c683fffff,45.37,25.5
882830c685fffff,45.73,26.3
882830c687fffff,46.32,22.8
882830c689fffff,45.08,27.49
882830c68bfffff,44.87,25.67
882830c68dfffff,46.08,24.79
882830c691fffff,44.59,22.21
882830c693fffff,43.07,25.31
882830c695fffff,45.32,22.21
882830c697fffff,44.23,24.34
882830c699fffff,43.25,29.71
882830c69bfffff,45.21,21.11
882830c69dfffff,46.77,23.59
882830c6a1fffff,48.44,10.88
882830c6a3fffff,46.84,16.47
882830c6a5fffff,46.44,12.57
882830c6a7fffff,46.98,14.1
882830c6a9fffff,46.03,24.94
882830c6abfffff,46.23,19.94
882830c6adfffff,45.36,17.28
882830c6b1fffff,45.49,26.16
882830c6b3fffff,46.71,20.69
882830c6b5fffff,46.42,23.32
882830c6b7fffff,48.06,20.9
882830c6b9fffff,44.49,29.71
882830c6bbfffff,46.06,22.4
882830c6bdfffff,42.6,34.91
882830c6c1fffff,44.53,29.7
882830c6c3fffff,45.05,26.59
882830c6c5fffff,44.94,28.48
882830c6c7fffff,45.15,28.38
882830c6c9fffff,44.7,29.01
882830c6cbfffff,44.18,30.38
882830c6cdfffff,45.32,27.17
882830c6d1fffff,42.04,32.02
882830c6d3fffff,41.36,31.9
882830c6d5fffff,41.59,33.88
882830c6d7fffff,42.65,29.83
882830c6d9fffff,40.32,35.99
882830c6dbfffff,36.42,44.06
882830c6ddfffff,43.23,32.35
882830c6e1fffff,47.4,12.37
882830c6e3fffff,46.02,25.92
882830c6e5fffff,46.18,21.92
882830c6e7fffff,45.63,20.52
882830c6e9fffff,46.69,18.91
882830c6ebfffff,44.44,30.61
882830c6edfffff,46.82,21.7
882830c701fffff,46.48,12.1
882830c703fffff,46.13,16.15
882830c705fffff,47.1,16.42
882830c707fffff,46.15,23.05
882830c709fffff,41.7,13.35
882830c70bfffff,45.92,15.49
882830c70dfffff,41.69,18.74
882830c711fffff,45.52,15.77
882830c713fffff,44.95,20.52
882830c715fffff,46.99,16.74
882830c717fffff,46.63,19.72
882830c719fffff,42.31,24.25
882830c71bfffff,44.28,13.64
882830c71dfffff,46.11,17.26
882830c721fffff,43.8,26.94
882830c723fffff,44.5,25.89
882830c725fffff,45.1,18.36
882830c727fffff,43.88,20.71
882830c729fffff,44.99,26.2
882830c72bfffff,46.06,23.68
882830c72dfffff,44.68,21.45
882830c731fffff,47.22,18.47
882830c733fffff,47.41,21.18
882830c735fffff,46.76,19.47
882830c737fffff,47.06,20.72
882830c739fffff,46.94,22.53
882830c73bfffff,47.21,20.7
882830c73dfffff,46.94,20.26
882830c741fffff,38.78,30.13
882830c743fffff,42.84,19.51
882830c745fffff,37.96,29.8
882830c747fffff,39.52,28.6
882830c749fffff,41.41,19.17
882830c74bfffff,45.51,13.97
882830c74dfffff,36.1,34.79
882830c751fffff,45.76,13.54
882830c753fffff,44.08,18.55
882830c755fffff,43.7,19.43
882830c757fffff,45.7,12.14
882830c759fffff,48.64,9.57
882830c75bfffff,45.35,23.08
882830c75dfffff,45.58,15.66
882830c761fffff,48.14,15.62
882830c763fffff,46.68,16.53
882830c765fffff,45.46,19.51
882830c767fffff,45.2,25.19
882830c769fffff,38.82,33.46
882830c76bfffff,43.19,21.1
882830c76dfffff,42.3,23.4
882830c801fffff,35.76,37.33
882830c803fffff,30.11,40.96
882830c805fffff,38.74,27.74
882830c807fffff,35.21,41.88
882830c809fffff,45.02,11.81
882830c80bfffff,41.8,7.58
882830c80dfffff,40.67,20.61
882830c811fffff,33.7,34.94
882830c813fffff,25.16,5.11
882830c815fffff,27.78,9.95
882830c817fffff,26.17,11.96
882830c819fffff,40.54,17.53
882830c81bfffff,38.85,19.61
882830c81dfffff,34.64,32.92
882830c821fffff,38.3,20.77
882830c823fffff,34.62,26.24
882830c825fffff,35.76,6.63
882830c827fffff,40.72,14.34
882830c829fffff,41.87,18.75
882830c82bfffff,40.28,23.8
882830c82dfffff,42.89,16.55
882830c831fffff,37.56,36.78
882830c833fffff,36.14,41.17
882830c835fffff,37.82,27.12
882830c837fffff,36.11,29.01
882830c839fffff,30.86,28.73
882830c83bfffff,32.0,44.75
882830c83dfffff,34.67,28.19
882830c841fffff,49.44,16.8
882830c843fffff,49.59,14.7
882830c845fffff,48.56,14.11
882830c847fffff,46.86,13.72
882830c849fffff,47.97,12.51
882830c84bfffff,50.44,14.78
882830c84dfffff,48.37,16.89
882830c851fffff,47.69,18.22
882830c853fffff,46.46,12.34
882830c855fffff,47.32,13.32
882830c857fffff,42.64,11.74
882830c859fffff,49.35,12.96
882830c85bfffff,48.35,14.01
882830c85dfffff,49.39,10.52
882830c861fffff,43.19,20.13
882830c863fffff,40.93,24.83
882830c865fffff,42.5,15.27
882830c867fffff,44.36,8.61
882830c869fffff,43.54,22.68
882830c86bfffff,44.06,14.42
882830c86dfffff,43.44,18.76
882830c881fffff,24.04,0.0
882830c885fffff,24.0,0.0
882830c889fffff,28.64,6.53
882830c88bfffff,27.89,0.0
882830c88dfffff,29.63,18.47
882830c8a1fffff,26.84,0.0
882830c8a5fffff,30.0,25.38
882830c8a7fffff,29.52,20.65
882830c8a9fffff,27.27,0.0
882830c8adfffff,32.4,45.0
882830c8c1fffff,24.48,0.0
882830c8c3fffff,24.11,0.0
882830c8c5fffff,24.15,0.0
882830c8c7fffff,28.56,19.84
882830c8c9fffff,33.64,30.81
882830c8cbfffff,29.17,18.52
882830c8cdfffff,27.05,34.41
882830c8d1fffff,23.75,0.0
882830c8d5fffff,23.67,0.0
882830c8d9fffff,34.38,14.59
882830c8dbfffff,25.4,0.0
882830c8ddfffff,25.23,21.03
882830c8e1fffff,32.44,34.12
882830c8e3fffff,31.91,33.36
882830c8e5fffff,38.75,29.57
882830c8e7fffff,36.43,32.66
882830c8e9fffff,24.15,0.0
882830c8ebfffff,28.69,21.05
882830c8edfffff,33.51,28.67
882830c901fffff,38.24,32.44
882830c903fffff,33.17,30.34
882830c905fffff,33.59,30.14
882830c907fffff,33.23,45.0
882830c909fffff,41.03,24.31
882830c90bfffff,38.52,32.45
882830c90dfffff,37.92,35.76
882830c911fffff,42.17,22.59
882830c913fffff,42.27,20.8
882830c915fffff,27.76,4.5
882830c917fffff,29.65,7.51
882830c919fffff,37.01,18.2
882830c91bfffff,40.34,12.35
882830c91dfffff,34.71,27.71
882830c921fffff,30.85,36.05
882830c923fffff,29.43,39.24
882830c927fffff,35.96,29.0
882830c929fffff,29.74,39.4
882830c92bfffff,31.33,37.21
882830c92dfffff,31.16,28.4
882830c931fffff,24.25,0.0
882830c933fffff,23.87,0.0
882830c935fffff,25.68,2.91
882830c937fffff,24.06,0.0
882830c939fffff,26.48,0.56
882830c93bfffff,24.22,0.0
882830c93dfffff,27.19,7.56
882830c941fffff,40.65,26.52
882830c943fffff,41.48,22.13
882830c945fffff,33.15,26.18
882830c947fffff,40.0,32.22
882830c949fffff,43.41,26.44
882830c94bfffff,39.15,33.14
882830c94dfffff,37.45,25.12
882830c951fffff,36.55,34.46
882830c953fffff,31.11,35.0
882830c955fffff,40.39,26.9
882830c957fffff,35.43,31.55
882830c959fffff,38.16,26.56
882830c95bfffff,40.19,23.39
882830c95dfffff,35.09,42.48
882830c961fffff,28.47,14.29
882830c963fffff,27.21,9.54
882830c967fffff,26.23,8.34
882830c969fffff,33.27,39.4
882830c96bfffff,29.29,26.23
882830c981fffff,26.86,0.0
882830c983fffff,30.64,39.34
882830c985fffff,33.03,37.51
882830c987fffff,36.65,35.26
882830c989fffff,28.44,16.2
882830c98bfffff,27.6,4.91
882830c98dfffff,26.3,7.33
882830c991fffff,33.22,45.0
882830c993fffff,28.78,0.0
882830c995fffff,34.64,43.35
882830c997fffff,33.01,42.44
882830c999fffff,30.15,25.99
882830c99bfffff,25.45,0.0
882830c99dfffff,30.15,21.69
882830c9a1fffff,37.46,36.28
882830c9a3fffff,39.33,30.64
882830c9a5fffff,37.59,26.01
882830c9a7fffff,38.08,33.13
882830c9a9fffff,30.82,12.9
882830c9abfffff,38.24,35.04
882830c9adfffff,29.64,33.27
882830c9b1fffff,34.48,28.25
882830c9b3fffff,31.33,45.0
882830c9b5fffff,36.51,40.54
882830c9b7fffff,29.91,1.78
882830c9b9fffff,34.63,28.76
882830c9bbfffff,31.86,45.0
882830c9bdfffff,39.24,30.23
882830c9c1fffff,41.04,24.13
882830c9c3fffff,38.06,34.47
882830c9c5fffff,40.86,25.19
882830c9c7fffff,35.37,42.55
882830c9c9fffff,43.78,14.69
882830c9cbfffff,42.52,20.04
882830c9cdfffff,42.83,19.89
882830c9d1fffff,36.49,26.2
882830c9d3fffff,33.5,41.73
882830c9d5fffff,34.25,32.6
882830c9d7fffff,33.05,43.99
882830c9d9fffff,35.49,25.08
882830c9dbfffff,36.55,28.47
882830c9ddfffff,41.23,23.74
882830c9e1fffff,23.97,0.0
882830c9e3fffff,25.9,6.34
882830c9e5fffff,23.88,0.0
882830c9e7fffff,24.23,0.0
882830c9e9fffff,28.85,10.98
882830c9ebfffff,28.55,1.69
882830c9edfffff,24.08,0.0
882830ca01fffff,46.22,21.85
882830ca03fffff,48.46,10.02
882830ca05fffff,41.83,40.59
882830ca07fffff,44.49,25.73
882830ca09fffff,47.18,16.81
882830ca0bfffff,48.08,12.65
882830ca0dfffff,45.3,24.89
882830ca11fffff,46.59,17.93
882830ca13fffff,46.95,20.64
882830ca15fffff,48.11,17.62
882830ca17fffff,47.76,15.06
882830ca19fffff,45.99,18.57
882830ca1bfffff,47.0,16.82
882830ca1dfffff,48.25,15.13
882830ca21fffff,50.09,15.59
882830ca23fffff,48.04,19.35
882830ca25fffff,48.49,17.0
882830ca27fffff,47.98,14.14
882830ca29fffff,43.74,27.5
882830ca2bfffff,42.31,29.67
882830ca2dfffff,47.95,26.0
882830ca31fffff,48.35,15.86
882830ca33fffff,51.75,15.23
882830ca35fffff,45.88,27.36
882830ca37fffff,49.15,20.3
882830ca39fffff,47.16,16.44
882830ca3bfffff,48.97,13.56
882830ca3dfffff,45.56,25.48
882830ca41fffff,45.19,26.93
882830ca43fffff,46.88,17.52
882830ca45fffff,43.76,27.68
882830ca47fffff,46.34,14.45
882830ca49fffff,42.84,32.84
882830ca4bfffff,43.6,31.85
882830ca4dfffff,43.55,19.95
882830ca51fffff,46.0,21.67
882830ca53fffff,46.58,18.1
882830ca55fffff,47.56,18.02
882830ca57fffff,47.62,19.08
882830ca59fffff,46.12,21.67
882830ca5bfffff,45.54,20.85
882830ca5dfffff,45.83,21.21
882830ca61fffff,41.0,27.96
882830ca63fffff,45.7,25.2
882830ca65fffff,43.78,25.02
882830ca67fffff,45.64,23.74
882830ca69fffff,42.88,27.62
882830ca6bfffff,42.77,28.14
882830ca6dfffff,45.01,22.37
882830ca81fffff,49.32,8.83
882830ca83fffff,47.38,13.92
882830ca85fffff,48.17,14.71
882830ca87fffff,48.19,16.14
882830ca89fffff,49.47,7.85
882830ca8bfffff,48.88,7.42
882830ca8dfffff,49.26,12.68
882830ca91fffff,47.08,12.64
882830ca93fffff,46.75,13.74
882830ca95fffff,46.74,17.17
882830ca97fffff,46.81,19.23
882830ca99fffff,46.48,18.3
882830ca9bfffff,46.99,17.32
882830ca9dfffff,47.5,13.31
882830caa1fffff,47.21,16.71
882830caa3fffff,45.01,13.01
882830caa5fffff,44.77,13.55
882830caa7fffff,40.12,21.02
882830caa9fffff,48.43,15.67
882830caabfffff,48.89,14.81
882830caadfffff,48.66,20.76
882830cab1fffff,44.57,13.71
882830cab3fffff,44.0,8.63
882830cab5fffff,44.0,13.15
882830cab7fffff,39.88,24.09
882830cab9fffff,47.9,19.67
882830cabbfffff,47.48,11.78
882830cabdfffff,46.6,14.66
882830cac1fffff,48.73,16.17
882830cac3fffff,48.04,11.05
882830cac5fffff,46.98,14.7
882830cac7fffff,49.59,9.17
882830cac9fffff,45.05,28.86
882830cacbfffff,48.09,18.78
882830cacdfffff,46.22,18.89
882830cad1fffff,47.66,18.03
882830cad3fffff,47.78,17.11
882830cad5fffff,47.96,13.89
882830cad7fffff,47.5,16.46
882830cad9fffff,48.26,17.08
882830cadbfffff,48.84,12.46
882830caddfffff,47.82,16.48
882830cae1fffff,47.1,22.94
882830cae3fffff,47.4,18.31
882830cae5fffff,50.91,14.61
882830cae7fffff,50.04,11.95
882830cae9fffff,47.51,15.15
882830caebfffff,46.53,17.03
882830caedfffff,48.76,17.63
882830cb01fffff,43.3,17.51
882830cb03fffff,44.86,14.14
882830cb05fffff,40.39,19.44
882830cb07fffff,44.83,16.02
882830cb09fffff,42.06,34.18
882830cb0bfffff,44.57,23.71
882830cb0dfffff,40.92,19.71
882830cb11fffff,48.72,14.89
882830cb13fffff,45.54,18.81
882830cb15fffff,44.97,18.72
882830cb17fffff,45.14,16.79
882830cb19fffff,48.34,16.97
882830cb1bfffff,49.18,15.96
882830cb1dfffff,45.86,13.89
882830cb21fffff,36.94,36.44
882830cb23fffff,40.02,26.27
882830cb25fffff,36.65,34.69
882830cb27fffff,40.18,44.72
882830cb29fffff,40.07,36.5
882830cb2bfffff,41.48,21.23
882830cb2dfffff,42.75,40.31
882830cb31fffff,39.11,23.49
882830cb33fffff,39.09,23.91
882830cb35fffff,41.97,16.6
882830cb37fffff,39.49,25.24
882830cb39fffff,44.05,18.18
882830cb3bfffff,40.81,24.07
882830cb3dfffff,41.84,22.21
882830cb41fffff,44.64,16.81
882830cb43fffff,43.45,22.87
882830cb45fffff,46.32,17.23
882830cb47fffff,41.74,20.5
882830cb49fffff,44.11,12.53
882830cb4bfffff,41.99,25.35
882830cb4dfffff,46.03,14.92
882830cb51fffff,48.56,13.16
882830cb53fffff,49.19,14.44
882830cb55fffff,44.86,19.89
882830cb57fffff,49.26,14.37
882830cb59fffff,42.93,27.3
882830cb5bfffff,45.79,23.74
882830cb5dfffff,42.59,21.89
882830cb61fffff,43.09,31.25
882830cb63fffff,43.97,18.6
882830cb65fffff,38.47,45.0
882830cb67fffff,40.3,41.17
882830cb69fffff,45.34,25.3
882830cb6bfffff,42.78,22.07
882830cb6dfffff,44.15,32.39
882830cc01fffff,22.68,0.0
882830cc03fffff,23.44,0.0
882830cc09fffff,23.2,0.0
882830cc0bfffff,23.12,0.0
882830cc1dfffff,22.9,0.0
882830cc41fffff,23.36,0.0
882830cc43fffff,25.0,25.49
882830cc47fffff,22.96,0.0
882830cc49fffff,25.69,27.59
882830cc4bfffff,26.89,30.8
882830cc4dfffff,23.06,0.0
882830cc51fffff,22.72,0.0
882830cc53fffff,22.63,0.0
882830cc55fffff,24.59,16.23
882830cc57fffff,22.57,0.0
882830cc59fffff,28.32,32.06
882830cc5bfffff,22.57,0.0
882830cc5dfffff,27.84,26.72
882830ce01fffff,46.7,15.82
882830ce03fffff,46.19,11.71
882830ce05fffff,47.17,9.5
882830ce07fffff,46.36,6.71
882830ce09fffff,48.41,13.79
882830ce0bfffff,47.96,13.47
882830ce0dfffff,49.03,10.72
882830ce11fffff,47.43,10.0
882830ce13fffff,46.51,13.39
882830ce15fffff,45.99,11.01
882830ce17fffff,45.17,14.78
882830ce19fffff,49.42,11.18
882830ce1bfffff,48.56,13.52
882830ce1dfffff,47.12,14.47
882830ce21fffff,41.79,13.97
882830ce23fffff,39.9,4.77
882830ce25fffff,33.05,35.01
882830ce27fffff,26.41,0.0
882830ce29fffff,47.02,7.35
882830ce2bfffff,45.99,8.73
882830ce2dfffff,46.11,8.3
882830ce31fffff,41.14,0.0
882830ce33fffff,32.82,8.15
882830ce35fffff,32.29,0.0
882830ce37fffff,29.6,34.3
882830ce39fffff,45.98,11.89
882830ce3bfffff,44.38,12.23
882830ce3dfffff,45.32,4.04
882830ce41fffff,45.4,9.51
882830ce43fffff,47.27,9.82
882830ce45fffff,47.69,10.37
882830ce47fffff,48.3,8.51
882830ce49fffff,48.09,10.34
882830ce4bfffff,46.58,10.67
882830ce4dfffff,46.05,11.05
882830ce51fffff,47.91,14.93
882830ce53fffff,47.23,19.91
882830ce55fffff,49.36,15.99
882830ce57fffff,47.09,20.31
882830ce59fffff,46.18,8.99
882830ce5bfffff,49.04,11.88
882830ce5dfffff,48.23,9.37
882830ce61fffff,48.62,14.61
882830ce63fffff,48.83,10.64
882830ce65fffff,48.58,14.75
882830ce67fffff,48.0,9.04
882830ce69fffff,48.66,12.94
882830ce6bfffff,48.61,8.46
882830ce6dfffff,48.75,17.68
882830ce81fffff,22.83,0.0
882830ce85fffff,23.64,0.0
882830ce89fffff,32.27,21.68
882830ce8bfffff,25.71,0.0
882830ce8dfffff,27.0,0.0
882830ce91fffff,22.18,0.0
882830ce99fffff,26.19,12.16
882830ce9bfffff,22.44,0.0
882830ce9dfffff,22.58,0.0
882830cec1fffff,45.61,12.31
882830cec3fffff,42.69,14.8
882830cec5fffff,43.68,12.16
882830cec7fffff,38.82,22.08
882830cec9fffff,47.65,14.27
882830cecbfffff,47.28,13.16
882830cecdfffff,46.62,13.18
882830ced1fffff,41.25,19.79
882830ced3fffff,34.37,23.32
882830ced5fffff,34.39,29.7
882830ced7fffff,28.9,37.68
882830ced9fffff,47.31,13.65
882830cedbfffff,45.55,12.89
882830ceddfffff,45.77,14.39
882830cee1fffff,40.56,7.87
882830cee3fffff,25.8,0.0
882830cee5fffff,26.55,0.0
882830cee7fffff,23.45,0.0
882830cee9fffff,43.26,10.56
882830ceebfffff,38.46,19.41
882830ceedfffff,42.1,13.63
882830cf01fffff,24.63,0.0
882830cf09fffff,39.4,8.46
882830cf0bfffff,26.93,0.0
882830cf0dfffff,31.19,0.0
882830cf19fffff,26.27,0.0
882830cf1bfffff,24.33,0.0
882830cf1dfffff,27.05,21.83
882830cf29fffff,25.87,0.0
882830cf2dfffff,26.48,0.0
882830cf41fffff,46.71,11.26
882830cf43fffff,45.58,13.27
882830cf45fffff,45.79,13.4
882830cf47fffff,43.94,17.19
882830cf49fffff,48.1,17.44
882830cf4bfffff,48.33,12.67
882830cf4dfffff,47.73,11.99
882830cf51fffff,46.71,13.55
882830cf53fffff,44.14,10.89
882830cf55fffff,43.61,18.05
882830cf57fffff,34.71,0.0
882830cf59fffff,48.07,13.79
882830cf5bfffff,47.48,15.93
882830cf5dfffff,47.81,11.66
882830cf61fffff,43.91,13.59
882830cf63fffff,29.35,0.0
882830cf65fffff,41.61,4.77
882830cf67fffff,30.4,0.0
882830cf69fffff,44.78,16.43
882830cf6bfffff,43.47,9.59
882830cf6dfffff,45.16,9.37
882830d001fffff,48.38,12.43
882830d003fffff,48.1,13.13
882830d005fffff,49.77,12.23
882830d007fffff,49.68,11.52
882830d00bfffff,50.04,12.27
882830d011fffff,47.78,13.59
882830d013fffff,46.96,14.56
882830d015fffff,47.51,12.42
882830d017fffff,47.25,13.17
882830d019fffff,48.84,11.75
882830d01bfffff,46.96,14.53
882830d01dfffff,47.36,12.48
882830d021fffff,50.36,11.1
882830d023fffff,50.26,11.99
882830d025fffff,49.68,11.37
882830d027fffff,49.61,12.02
882830d029fffff,49.58,10.7
882830d02bfffff,50.45,10.45
882830d02dfffff,49.13,10.13
882830d031fffff,48.49,14.76
882830d033fffff,47.57,14.32
882830d035fffff,48.63,12.72
882830d037fffff,47.37,10.74
882830d039fffff,48.91,13.32
882830d03bfffff,49.33,14.79
882830d03dfffff,49.53,12.45
882830d053fffff,49.39,10.04
882830d057fffff,48.53,12.33
882830d081fffff,47.89,11.09
882830d083fffff,45.66,21.46
882830d085fffff,48.29,15.71
882830d087fffff,47.31,12.64
882830d089fffff,46.65,15.52
882830d08bfffff,48.18,13.22
882830d08dfffff,48.32,12.3
882830d091fffff,44.95,24.73
882830d093fffff,45.79,18.41
882830d095fffff,45.44,20.53
882830d097fffff,44.64,25.18
882830d099fffff,47.25,18.5
882830d09bfffff,44.53,22.94
882830d09dfffff,46.87,19.28
882830d0a1fffff,48.41,14.39
882830d0a3fffff,48.11,14.58
882830d0a5fffff,47.1,14.75
882830d0a7fffff,46.28,16.87
882830d0a9fffff,47.73,18.9
882830d0abfffff,48.4,16.72
882830d0adfffff,47.88,12.5
882830d0b1fffff,45.65,20.43
882830d0b3fffff,46.8,12.71
882830d0b5fffff,46.89,14.28
882830d0b7fffff,44.59,19.93
882830d0b9fffff,43.73,29.44
882830d0bbfffff,44.37,27.84
882830d0bdfffff,48.01,12.68
882830d0c1fffff,48.29,13.36
882830d0c3fffff,47.35,12.4
882830d0c5fffff,49.0,14.94
882830d0c7fffff,48.06,13.34
882830d0c9fffff,49.0,12.48
882830d0cbfffff,46.74,14.4
882830d0cdfffff,49.43,15.7
882830d0d1fffff,47.44,18.96
882830d0d3fffff,48.64,13.35
882830d0d5fffff,47.72,13.74
882830d0d7fffff,48.82,18.29
882830d0d9fffff,45.66,20.16
882830d0dbfffff,46.0,22.52
882830d0ddfffff,48.46,12.52
882830d0e1fffff,46.97,12.85
882830d0e3fffff,49.09,17.45
882830d0e5fffff,47.3,12.68
882830d0e7fffff,48.67,14.51
882830d0e9fffff,47.73,14.84
882830d0ebfffff,48.34,18.3
882830d0edfffff,48.54,12.33
882830d101fffff,50.66,10.76
882830d103fffff,49.8,11.23
882830d105fffff,50.53,12.63
882830d107fffff,50.44,15.61
882830d10bfffff,50.54,10.9
882830d111fffff,50.17,12.13
882830d113fffff,49.86,14.51
882830d115fffff,49.32,12.46
882830d117fffff,48.84,14.36
882830d119fffff,48.47,14.08
882830d11bfffff,49.48,12.76
882830d11dfffff,49.13,10.52
882830d121fffff,49.38,10.77
882830d123fffff,49.73,10.59
882830d125fffff,50.17,11.19
882830d127fffff,49.12,11.43
882830d129fffff,49.27,10.87
882830d12bfffff,49.89,12.46
882830d12dfffff,48.65,10.89
882830d131fffff,45.8,22.25
882830d133fffff,44.75,23.57
882830d135fffff,48.22,11.91
882830d137fffff,43.83,19.6
882830d139fffff,50.3,16.34
882830d13bfffff,48.87,16.17
882830d13dfffff,48.7,14.1
882830d153fffff,50.37,10.72
882830d157fffff,50.26,10.89
882830d181fffff,43.34,24.92
882830d183fffff,39.67,28.71
882830d185fffff,48.34,14.03
882830d187fffff,46.42,18.38
882830d189fffff,48.72,14.63
882830d18bfffff,47.23,16.76
882830d18dfffff,46.88,17.49
882830d191fffff,44.12,25.36
882830d193fffff,42.5,26.03
882830d195fffff,42.36,23.58
882830d197fffff,44.39,17.21
882830d199fffff,47.18,18.08
882830d19bfffff,43.36,25.45
882830d19dfffff,45.85,15.79
882830d1a1fffff,44.58,22.99
882830d1a3fffff,43.2,23.32
882830d1a5fffff,43.61,23.69
882830d1a7fffff,42.66,22.97
882830d1a9fffff,45.13,25.79
882830d1abfffff,46.62,19.93
882830d1adfffff,45.03,22.82
882830d1b1fffff,39.89,39.18
882830d1b3fffff,38.79,41.29
882830d1b5fffff,41.31,29.52
882830d1b7fffff,44.76,25.89
882830d1b9fffff,44.27,26.79
882830d1bbfffff,42.34,29.88
882830d1bdfffff,37.63,43.56
882830d1c1fffff,49.24,11.43
882830d1c3fffff,48.7,12.75
882830d1c5fffff,48.55,11.96
882830d1c7fffff,48.09,11.79
882830d1c9fffff,49.63,12.84
882830d1cbfffff,49.14,13.41
882830d1cdfffff,49.88,11.25
882830d1d1fffff,49.36,15.42
882830d1d3fffff,48.2,14.72
882830d1d5fffff,48.49,13.77
882830d1d7fffff,47.06,14.86
882830d1d9fffff,47.2,13.43
882830d1dbfffff,47.94,18.73
882830d1ddfffff,47.08,11.67
882830d1e1fffff,47.38,15.4
882830d1e3fffff,41.9,28.61
882830d1e5fffff,43.83,20.57
882830d1e7fffff,43.23,27.36
882830d1e9fffff,49.96,12.77
882830d1ebfffff,44.99,20.01
882830d1edfffff,49.1,13.11
882830d281fffff,47.54,14.88
882830d283fffff,47.44,14.09
882830d285fffff,47.39,13.62
882830d287fffff,48.09,14.2
882830d28bfffff,46.87,20.03
882830d291fffff,47.65,15.12
882830d293fffff,46.23,17.67
882830d295fffff,46.01,19.07
882830d297fffff,49.39,15.16
882830d299fffff,44.37,27.64
882830d29bfffff,45.66,23.19
882830d29dfffff,46.09,23.37
882830d2a1fffff,48.72,15.36
882830d2a3fffff,48.12,13.47
882830d2a5fffff,48.11,12.84
882830d2a7fffff,49.36,15.45
882830d2a9fffff,49.72,11.79
882830d2abfffff,47.79,14.91
882830d2adfffff,48.78,14.36
882830d2b1fffff,46.07,17.3
882830d2b3fffff,46.09,20.61
882830d2b5fffff,46.12,18.21
882830d2b7fffff,46.33,18.97
882830d2b9fffff,46.43,18.41
882830d2bbfffff,45.85,20.88
882830d2bdfffff,45.19,21.33
882830d2d3fffff,47.3,18.87
882830d2d7fffff,47.46,15.71
882830d401fffff,42.72,33.77
882830d403fffff,41.15,36.23
882830d405fffff,43.15,28.21
882830d407fffff,44.45,21.82
882830d409fffff,39.66,37.69
882830d40bfffff,38.28,41.96
882830d40dfffff,43.53,26.05
882830d411fffff,38.55,38.91
882830d413fffff,37.17,40.0
882830d415fffff,40.94,37.1
882830d417fffff,39.98,37.97
882830d419fffff,33.35,45.0
882830d41bfffff,32.63,45.0
882830d41dfffff,36.25,45.0
882830d421fffff,45.0,21.53
882830d423fffff,44.03,27.45
882830d425fffff,43.95,22.15
882830d427fffff,42.98,30.65
882830d429fffff,44.19,29.14
882830d42bfffff,44.27,28.9
882830d42dfffff,45.55,18.48
882830d431fffff,43.73,26.26
882830d433fffff,42.61,28.37
882830d435fffff,43.09,30.81
882830d437fffff,41.57,33.99
882830d439fffff,42.8,28.06
882830d43bfffff,41.88,29.39
882830d43dfffff,44.23,26.94
882830d441fffff,39.18,37.22
882830d443fffff,41.2,28.85
882830d445fffff,45.69,21.18
882830d447fffff,42.09,29.38
882830d449fffff,41.28,32.51
882830d44bfffff,40.64,35.41
882830d44dfffff,46.42,18.41
882830d451fffff,38.6,36.11
882830d453fffff,38.49,32.84
882830d455fffff,38.86,34.39
882830d457fffff,34.84,44.67
882830d459fffff,38.46,42.58
882830d45bfffff,37.61,43.11
882830d45dfffff,43.24,23.53
882830d461fffff,43.06,31.08
882830d463fffff,42.94,31.76
882830d465fffff,45.04,19.14
882830d467fffff,43.62,30.86
882830d469fffff,44.24,32.21
882830d46bfffff,44.1,27.17
882830d46dfffff,45.3,25.36
882830d481fffff,40.79,29.95
882830d483fffff,41.18,29.84
882830d485fffff,39.93,38.13
882830d487fffff,37.53,40.76
882830d489fffff,38.31,34.7
882830d48bfffff,40.86,33.62
882830d48dfffff,36.67,42.27
882830d491fffff,43.36,25.42
882830d493fffff,42.65,26.92
882830d495fffff,42.73,29.58
882830d497fffff,44.05,27.93
882830d499fffff,38.58,39.52
882830d49bfffff,42.23,31.52
882830d49dfffff,42.93,30.64
882830d4a1fffff,44.69,26.67
882830d4a3fffff,44.3,24.41
882830d4a5fffff,44.06,27.19
882830d4a7fffff,44.73,25.44
882830d4a9fffff,42.3,29.56
882830d4abfffff,42.49,24.52
882830d4adfffff,42.33,31.77
882830d4b1fffff,41.7,34.03
882830d4b3fffff,43.35,32.86
882830d4b5fffff,42.94,31.08
882830d4b7fffff,43.81,25.3
882830d4b9fffff,41.32,32.12
882830d4bbfffff,43.52,28.37
882830d4bdfffff,42.04,30.2
882830d4c1fffff,32.61,45.0
882830d4c3fffff,34.64,44.66
882830d4c5fffff,34.63,45.0
882830d4c7fffff,34.47,45.0
882830d4c9fffff,33.39,43.21
882830d4cbfffff,34.17,43.48
882830d4cdfffff,34.11,44.62
882830d4d1fffff,36.61,40.58
882830d4d3fffff,36.66,40.65
882830d4d5fffff,34.54,45.0
882830d4d7fffff,35.63,45.0
882830d4d9fffff,40.33,26.96
882830d4dbfffff,41.46,26.86
882830d4ddfffff,36.41,38.6
882830d4e1fffff,42.74,26.07
882830d4e3fffff,42.79,30.19
882830d4e5fffff,40.94,32.08
882830d4e7fffff,41.84,32.32
882830d4e9fffff,39.49,38.64
882830d4ebfffff,39.19,37.63
882830d4edfffff,42.01,26.44
882830d501fffff,44.03,17.44
882830d503fffff,42.49,24.0
882830d505fffff,43.38,24.85
882830d507fffff,39.01,30.95
882830d509fffff,43.81,24.78
882830d50bfffff,41.78,34.95
882830d50dfffff,44.54,25.68
882830d511fffff,42.29,28.86
882830d513fffff,43.99,21.28
882830d515fffff,42.08,24.57
882830d517fffff,40.0,31.26
882830d519fffff,42.18,31.16
882830d51bfffff,39.7,39.64
882830d51dfffff,44.01,22.94
882830d521fffff,34.22,39.95
882830d523fffff,39.81,32.76
882830d525fffff,35.25,44.34
882830d527fffff,38.24,37.54
882830d529fffff,35.51,36.84
882830d52bfffff,34.03,44.53
882830d52dfffff,35.84,36.88
882830d531fffff,41.39,28.61
882830d533fffff,39.4,29.93
882830d535fffff,43.93,26.87
882830d537fffff,41.89,29.57
882830d539fffff,37.94,32.62
882830d53bfffff,36.43,36.07
882830d53dfffff,38.13,35.66
882830d541fffff,45.1,22.06
882830d543fffff,46.03,18.37
882830d545fffff,42.28,31.4
882830d547fffff,44.17,25.38
882830d549fffff,44.66,27.88
882830d54bfffff,45.41,19.15
882830d54dfffff,43.66,25.39
882830d551fffff,45.94,16.12
882830d553fffff,44.94,17.33
882830d555fffff,44.46,25.24
882830d557fffff,43.02,22.87
882830d559fffff,45.41,22.69
882830d55bfffff,45.51,19.58
882830d55dfffff,46.35,16.66
882830d561fffff,45.28,15.99
882830d563fffff,42.67,26.04
882830d565fffff,42.55,25.07
882830d567fffff,39.33,30.02
882830d569fffff,43.8,24.63
882830d56bfffff,43.36,26.79
882830d56dfffff,43.63,29.95
882830d581fffff,41.16,29.57
882830d583fffff,40.44,33.33
882830d585fffff,41.42,25.96
882830d587fffff,40.71,27.61
882830d589fffff,47.25,12.85
882830d58bfffff,48.21,13.87
882830d58dfffff,44.37,20.96
882830d591fffff,45.57,18.03
882830d593fffff,45.05,19.73
882830d595fffff,44.84,24.58
882830d597fffff,43.96,21.73
882830d599fffff,44.4,25.44
882830d59bfffff,44.72,16.05
882830d59dfffff,47.04,17.63
882830d5a1fffff,40.24,26.42
882830d5a3fffff,40.73,25.62
882830d5a5fffff,35.63,37.04
882830d5a7fffff,36.88,30.58
882830d5a9fffff,43.27,19.14
882830d5abfffff,43.82,17.87
882830d5adfffff,44.19,17.0
882830d5b1fffff,48.2,13.31
882830d5b3fffff,49.2,11.95
882830d5b5fffff,44.54,15.41
882830d5b7fffff,46.89,14.23
882830d5b9fffff,46.58,15.46
882830d5bbfffff,45.84,19.34
882830d5bdfffff,45.93,18.58
882830d5c1fffff,43.36,27.51
882830d5c3fffff,43.53,22.3
882830d5c5fffff,44.65,21.47
882830d5c7fffff,44.07,27.82
882830d5c9fffff,44.71,24.09
882830d5cbfffff,44.86,21.21
882830d5cdfffff,43.73,29.16
882830d5d1fffff,40.75,33.35
882830d5d3fffff,41.93,29.94
882830d5d5fffff,42.64,25.37
882830d5d7fffff,42.91,24.34
882830d5d9fffff,40.23,38.46
882830d5dbfffff,43.0,31.79
882830d5ddfffff,41.61,31.2
882830d5e1fffff,39.53,32.28
882830d5e3fffff,40.88,29.57
882830d5e5fffff,41.94,25.81
882830d5e7fffff,42.93,23.5
882830d5e9fffff,41.01,25.45
882830d5ebfffff,40.7,29.38
882830d5edfffff,36.77,37.88
882830d60dfffff,44.05,18.84
882830d621fffff,45.06,23.88
882830d623fffff,45.78,21.36
882830d625fffff,44.18,26.87
882830d627fffff,45.47,18.69
882830d629fffff,44.88,19.71
882830d62bfffff,44.14,24.03
882830d62dfffff,45.35,20.41
882830d631fffff,45.06,21.22
882830d633fffff,40.77,32.16
882830d635fffff,45.04,21.46
882830d637fffff,40.69,34.18
882830d661fffff,38.4,39.51
882830d663fffff,44.7,22.84
882830d665fffff,42.89,22.35
882830d667fffff,42.17,29.54
882830d669fffff,43.24,19.38
882830d66bfffff,44.03,19.92
882830d66dfffff,41.96,27.78
882830d681fffff,38.67,37.83
882830d683fffff,39.96,30.23
882830d685fffff,36.54,41.14
882830d687fffff,39.77,33.33
882830d68bfffff,37.4,39.05
882830d691fffff,38.62,37.23
882830d693fffff,44.04,18.65
882830d695fffff,38.68,36.89
882830d697fffff,43.22,22.07
882830d699fffff,39.6,30.96
882830d69bfffff,42.15,26.5
882830d69dfffff,37.94,41.9
882830d6a1fffff,39.43,37.29
882830d6a3fffff,41.13,29.7
882830d6a5fffff,38.6,30.51
882830d6a7fffff,36.31,36.93
882830d6a9fffff,40.03,30.13
882830d6abfffff,39.95,30.52
882830d6adfffff,36.91,44.52
882830d6b1fffff,37.0,37.24
882830d6b3fffff,36.76,40.48
882830d6b5fffff,36.37,37.71
882830d6b7fffff,35.0,42.51
882830d6b9fffff,36.79,41.36
882830d6bbfffff,40.51,34.67
882830d6bdfffff,38.55,32.5
882830d6e3fffff,36.01,41.96
882830d6e5fffff,38.97,34.6
882830d6e7fffff,41.16,28.37
882830d701fffff,44.59,23.25
882830d703fffff,45.15,21.61
882830d705fffff,44.35,28.34
882830d707fffff,44.03,23.32
882830d709fffff,44.2,26.19
882830d70bfffff,45.13,20.48
882830d70dfffff,44.22,24.2
882830d711fffff,45.79,20.27
882830d713fffff,45.46,24.0
882830d715fffff,44.54,30.44
882830d717fffff,45.71,28.8
882830d719fffff,44.94,19.15
882830d71bfffff,47.24,15.31
882830d71dfffff,46.33,13.64
882830d721fffff,46.05,23.13
882830d723fffff,47.38,17.22
882830d725fffff,45.75,17.94
882830d727fffff,45.36,22.23
882830d729fffff,46.12,22.05
882830d72bfffff,46.15,18.09
882830d72dfffff,45.22,22.17
882830d731fffff,46.3,14.31
882830d733fffff,45.68,17.49
882830d735fffff,45.22,26.27
882830d737fffff,45.53,25.0
882830d739fffff,44.76,27.87
882830d73bfffff,44.75,25.01
882830d73dfffff,46.69,15.67
882830d741fffff,47.08,20.14
882830d743fffff,43.48,28.23
882830d745fffff,45.46,22.18
882830d747fffff,44.86,25.85
882830d749fffff,46.65,19.99
882830d74bfffff,44.54,25.13
882830d74dfffff,47.52,16.45
882830d751fffff,46.03,24.88
882830d753fffff,45.25,25.67
882830d755fffff,43.76,18.86
882830d757fffff,45.09,21.05
882830d759fffff,42.22,31.86
882830d75bfffff,42.62,31.32
882830d75dfffff,46.06,20.35
882830d761fffff,48.28,15.42
882830d763fffff,43.66,30.12
882830d765fffff,45.78,20.1
882830d767fffff,44.41,25.35
882830d769fffff,48.81,13.46
882830d76bfffff,45.33,22.59
882830d76dfffff,48.17,14.74
882830d801fffff,51.63,8.18
882830d803fffff,52.61,9.02
882830d805fffff,51.09,7.8
882830d807fffff,51.72,9.21
882830d809fffff,52.01,8.86
882830d80bfffff,50.16,8.42
882830d80dfffff,51.38,8.51
882830d811fffff,51.23,8.51
882830d813fffff,52.75,9.25
882830d815fffff,53.58,9.92
882830d817fffff,52.7,10.87
882830d819fffff,51.06,8.66
882830d81bfffff,50.89,8.92
882830d81dfffff,50.67,8.75
882830d821fffff,48.43,14.76
882830d823fffff,50.31,14.38
882830d825fffff,51.33,11.78
882830d827fffff,47.67,18.24
882830d829fffff,51.86,8.68
882830d82bfffff,52.11,9.41
882830d82dfffff,49.28,13.06
882830d831fffff,50.75,8.71
882830d833fffff,50.91,9.08
882830d835fffff,49.19,13.52
882830d837fffff,42.66,32.88
882830d839fffff,49.04,10.45
882830d83bfffff,47.77,10.42
882830d83dfffff,51.51,10.13
882830d841fffff,51.71,8.97
882830d843fffff,52.35,10.02
882830d845fffff,52.0,9.88
882830d847fffff,51.52,8.32
882830d849fffff,51.15,8.88
882830d84bfffff,50.9,8.39
882830d84dfffff,51.1,8.94
882830d851fffff,52.08,9.71
882830d853fffff,51.46,9.63
882830d855fffff,52.68,8.52
882830d857fffff,51.01,8.62
882830d859fffff,50.51,9.57
882830d85bfffff,51.64,9.28
882830d85dfffff,52.72,9.04
882830d861fffff,49.46,9.34
882830d863fffff,50.5,9.13
882830d865fffff,48.81,10.55
882830d867fffff,50.55,8.76
882830d869fffff,52.05,9.13
882830d86bfffff,50.9,8.61
882830d86dfffff,50.73,8.33
882830d881fffff,53.54,10.08
882830d883fffff,52.19,11.3
882830d885fffff,51.63,13.73
882830d887fffff,51.77,10.99
882830d889fffff,53.48,9.59
882830d88bfffff,52.14,11.59
882830d88dfffff,53.07,11.25
882830d891fffff,53.31,9.59
882830d893fffff,53.09,9.81
882830d895fffff,50.77,11.97
882830d897fffff,50.6,12.2
882830d899fffff,51.99,9.23
882830d89bfffff,51.93,9.57
882830d89dfffff,47.6,21.64
882830d8a1fffff,41.91,37.01
882830d8a3fffff,44.12,26.39
882830d8a5fffff,42.57,18.75
882830d8a7fffff,41.57,30.13
882830d8a9fffff,45.07,37.26
882830d8abfffff,44.11,28.22
882830d8adfffff,42.62,29.01
882830d8b1fffff,44.88,25.34
882830d8b3fffff,45.68,23.21
882830d8b5fffff,42.45,35.24
882830d8b7fffff,42.7,30.81
882830d8b9fffff,47.57,22.98
882830d8bbfffff,49.01,13.76
882830d8bdfffff,43.32,38.13
882830d8c1fffff,50.78,8.95
882830d8c3fffff,51.68,9.37
882830d8c5fffff,50.92,12.19
882830d8c7fffff,52.22,10.62
882830d8c9fffff,51.86,8.53
882830d8cbfffff,51.4,10.57
882830d8cdfffff,51.88,9.81
882830d8d1fffff,51.81,14.53
882830d8d3fffff,52.92,9.66
882830d8d5fffff,51.41,11.11
882830d8d7fffff,53.08,11.27
882830d8d9fffff,51.19,12.19
882830d8dbfffff,51.61,13.96
882830d8ddfffff,51.37,8.94
882830d8e1fffff,49.92,11.47
882830d8e3fffff,48.57,18.51
882830d8e5fffff,48.85,10.73
882830d8e7fffff,45.02,33.58
882830d8e9fffff,52.16,11.45
882830d8ebfffff,50.82,9.67
882830d8edfffff,49.38,10.24
882830d901fffff,40.31,9.77
882830d903fffff,41.28,32.62
882830d905fffff,29.9,15.65
882830d907fffff,44.02,18.73
882830d909fffff,37.79,0.0
882830d90bfffff,41.52,29.82
882830d90dfffff,26.53,0.0
882830d911fffff,43.19,24.47
882830d913fffff,48.39,11.46
882830d915fffff,44.04,18.73
882830d917fffff,42.89,27.98
882830d919fffff,45.97,20.22
882830d91bfffff,49.62,12.77
882830d91dfffff,40.38,27.25
882830d929fffff,39.82,29.49
882830d92bfffff,38.97,20.43
882830d92dfffff,42.6,15.53
882830d931fffff,45.45,27.73
882830d933fffff,44.74,24.11
882830d935fffff,42.85,17.02
882830d937fffff,47.15,13.37
882830d939fffff,46.97,21.92
882830d93bfffff,43.81,20.0
882830d93dfffff,41.46,16.25
882830d941fffff,26.3,0.0
882830d943fffff,33.37,0.0
882830d945fffff,26.58,0.0
882830d947fffff,26.26,0.0
882830d949fffff,28.48,0.0
882830d94bfffff,38.16,0.0
882830d94dfffff,30.35,0.0
882830d951fffff,48.87,14.68
882830d953fffff,49.58,7.7
882830d955fffff,39.96,37.33
882830d957fffff,40.77,37.4
882830d959fffff,49.02,11.26
882830d95bfffff,48.94,9.15
882830d95dfffff,45.39,15.3
882830d961fffff,36.03,10.3
882830d963fffff,31.58,0.0
882830d965fffff,41.25,40.85
882830d967fffff,42.96,28.48
882830d969fffff,27.99,0.0
882830d96bfffff,26.77,0.0
882830d96dfffff,41.68,41.85
882830d981fffff,43.06,25.12
882830d983fffff,41.94,27.69
882830d985fffff,46.92,16.57
882830d987fffff,41.44,37.32
882830d989fffff,43.54,24.0
882830d98bfffff,44.77,22.08
882830d98dfffff,45.73,17.04
882830d991fffff,44.19,25.86
882830d993fffff,42.01,34.77
882830d995fffff,42.14,32.42
882830d997fffff,42.18,41.94
882830d999fffff,43.1,30.04
882830d99bfffff,43.47,25.54
882830d99dfffff,45.17,19.17
882830d9a1fffff,45.15,8.98
882830d9a3fffff,43.63,14.67
882830d9a5fffff,37.62,0.0
882830d9a7fffff,44.39,15.54
882830d9a9fffff,41.82,4.72
882830d9abfffff,44.1,23.44
882830d9adfffff,40.73,3.26
882830d9b1fffff,46.56,21.03
882830d9b3fffff,43.36,15.16
882830d9b5fffff,43.03,27.27
882830d9b7fffff,40.52,16.25
882830d9b9fffff,42.14,25.64
882830d9bbfffff,42.16,29.95
882830d9bdfffff,41.4,34.58
882830d9c1fffff,46.42,14.39
882830d9c3fffff,42.3,24.13
882830d9c5fffff,46.95,14.76
882830d9c7fffff,43.6,22.59
882830d9c9fffff,47.04,22.27
882830d9cbfffff,43.5,22.05
882830d9cdfffff,48.71,16.46
882830d9d1fffff,40.43,36.71
882830d9d3fffff,43.89,30.5
882830d9d5fffff,41.62,23.81
882830d9d7fffff,46.43,15.27
882830d9d9fffff,40.46,32.87
882830d9dbfffff,45.36,23.9
882830d9ddfffff,42.68,26.86
882830d9e1fffff,47.13,9.23
882830d9e3fffff,45.13,8.1
882830d9e5fffff,41.56,23.46
882830d9e7fffff,39.04,0.0
882830d9e9fffff,47.91,11.58
882830d9ebfffff,46.79,8.96
882830d9edfffff,43.76,24.3
882830da01fffff,50.31,9.92
882830da03fffff,49.37,10.16
882830da05fffff,47.89,8.77
882830da07fffff,51.84,8.9
882830da0bfffff,51.24,10.13
882830da11fffff,50.17,9.13
882830da13fffff,48.17,9.89
882830da15fffff,49.38,9.95
882830da17fffff,50.09,10.1
882830da19fffff,50.83,9.84
882830da1bfffff,49.44,10.54
882830da1dfffff,48.79,10.05
882830da21fffff,48.88,8.47
882830da23fffff,49.77,8.52
882830da25fffff,49.8,9.72
882830da27fffff,49.29,8.61
882830da29fffff,49.55,8.06
882830da2bfffff,49.25,8.23
882830da2dfffff,49.61,8.82
882830da31fffff,49.83,7.41
882830da33fffff,50.13,7.53
882830da35fffff,49.61,8.03
882830da37fffff,50.63,7.55
882830da39fffff,49.44,9.9
882830da3bfffff,50.41,10.27
882830da3dfffff,50.4,8.89
882830da53fffff,48.81,11.11
882830da57fffff,49.14,11.39
882830da81fffff,24.47,0.0
882830da83fffff,28.02,0.0
882830da85fffff,44.31,5.93
882830da87fffff,32.0,0.0
882830da89fffff,26.07,0.0
882830da8bfffff,34.0,0.0
882830da8dfffff,37.04,0.0
882830da91fffff,48.52,11.94
882830da93fffff,50.66,12.68
882830da95fffff,45.19,5.23
882830da97fffff,49.86,10.1
882830da99fffff,38.22,0.7
882830da9bfffff,46.89,18.3
882830da9dfffff,41.48,5.39
882830daa1fffff,51.69,10.5
882830daa3fffff,49.09,12.44
882830daa5fffff,53.04,9.46
882830daa7fffff,52.15,10.52
882830daa9fffff,50.78,9.97
882830daabfffff,46.88,10.3
882830daadfffff,51.78,9.87
882830dab1fffff,48.66,16.37
882830dab3fffff,48.96,16.23
882830dab5fffff,50.21,12.24
882830dab7fffff,49.46,12.73
882830dab9fffff,47.45,6.83
882830dabbfffff,49.5,15.03
882830dabdfffff,47.49,10.81
882830dac1fffff,45.53,8.18
882830dac3fffff,30.55,0.0
882830dac5fffff,49.31,11.36
882830dac7fffff,43.99,5.09
882830dac9fffff,48.87,9.77
882830dacbfffff,47.38,9.5
882830dacdfffff,48.9,10.66
882830dad1fffff,46.17,12.63
882830dad3fffff,47.93,18.43
882830dad5fffff,25.05,0.0
882830dad7fffff,32.18,0.0
882830dad9fffff,43.05,25.25
882830dadbfffff,46.96,21.24
882830daddfffff,41.71,0.0
882830dae1fffff,48.14,10.91
882830dae3fffff,48.24,9.38
882830dae5fffff,51.49,9.19
882830dae7fffff,50.77,9.24
882830dae9fffff,47.69,11.28
882830daebfffff,43.1,5.12
882830daedfffff,48.56,9.44
882830db03fffff,48.18,6.51
882830db07fffff,50.21,11.97
882830db11fffff,51.96,8.69
882830db13fffff,51.51,8.88
882830db15fffff,51.12,9.46
882830db17fffff,51.21,9.99
882830db19fffff,51.34,8.8
882830db1bfffff,50.83,9.12
882830db1dfffff,50.58,8.44
882830db21fffff,47.07,11.57
882830db23fffff,45.94,16.14
882830db25fffff,46.82,8.31
882830db27fffff,44.41,4.49
882830db2bfffff,43.66,27.07
882830db31fffff,49.57,12.22
882830db33fffff,48.89,13.85
882830db35fffff,45.94,5.9
882830db37fffff,47.06,13.02
882830db39fffff,49.47,6.66
882830db3bfffff,51.32,9.46
882830db3dfffff,45.85,14.97
882830db53fffff,50.3,9.11
882830db57fffff,48.53,8.46
8828346d85fffff,43.63,23.74
8828346d87fffff,43.63,22.25
8828346d95fffff,44.98,20.71
8828346d97fffff,45.72,16.84
8828346da1fffff,46.22,21.46
8828346da3fffff,45.64,24.2
8828346da5fffff,45.89,26.57
8828346da7fffff,47.56,21.31
8828346da9fffff,43.85,27.4
8828346dabfffff,42.29,32.49
8828346dadfffff,47.28,16.7
8828346db1fffff,38.59,43.54
8828346db3fffff,39.58,39.26
8828346db5fffff,43.85,26.19
8828346db7fffff,42.49,29.78
8828346db9fffff,40.02,35.79
8828346dbbfffff,42.82,29.55
8828346dbdfffff,40.34,40.63
882836265bfffff,33.78,32.61
8828362681fffff,29.18,12.7
8828362683fffff,32.57,23.23
882836268bfffff,31.4,11.67
8828362691fffff,38.72,28.92
8828362693fffff,37.82,29.95
8828362695fffff,33.58,36.33
8828362697fffff,37.07,34.43
8828362699fffff,37.9,30.53
882836269bfffff,39.27,24.48
882836269dfffff,37.9,28.89
88283626b3fffff,24.48,0.0
88283626b9fffff,26.31,0.0
88283626bbfffff,33.46,29.55
88283626c3fffff,34.73,28.18
88283626c9fffff,32.28,27.98
88283626cbfffff,28.04,7.68
88283626d1fffff,24.34,0.0
88283626d3fffff,33.49,15.85
88283626d5fffff,26.37,0.0
88283626d7fffff,35.0,16.28
88283626d9fffff,23.98,0.0
88283626dbfffff,24.4,0.0
88283626ddfffff,24.23,0.0
8828363499fffff,38.32,29.6
882836349bfffff,30.46,20.67
88283634d1fffff,35.62,20.21
88283634d3fffff,37.45,14.17
88283634d9fffff,35.77,31.82
88283634dbfffff,37.87,32.36
88283634ddfffff,39.48,30.0
8828363659fffff,38.78,27.47
882836365bfffff,37.39,24.32
8828363681fffff,37.39,13.22
8828363683fffff,43.86,16.12
8828363687fffff,36.71,9.04
8828363689fffff,41.4,17.46
882836368bfffff,43.23,18.44
8828363691fffff,45.28,17.59
8828363693fffff,47.54,21.39
8828363695fffff,47.05,25.36
8828363697fffff,47.63,26.65
8828363699fffff,37.91,4.27
882836369bfffff,46.24,20.8
882836369dfffff,41.49,14.71
88283636b1fffff,39.83,22.19
88283636b3fffff,38.92,34.99
88283636b7fffff,33.95,26.12
88283636b9fffff,45.31,26.39
88283636bbfffff,47.63,29.47
88283636bdfffff,41.43,23.15
88283636c1fffff,41.74,23.87
88283636c3fffff,40.92,27.19
88283636cbfffff,41.96,15.06
88283636d1fffff,39.84,23.63
88283636d3fffff,37.98,0.0
88283636d5fffff,43.05,22.87
88283636d7fffff,40.71,25.44
88283636d9fffff,42.25,27.81
88283636dbfffff,40.55,25.67
88283636ddfffff,46.53,31.17
882836ac91fffff,45.74,15.18
882836ac93fffff,27.9,0.0
882836ac95fffff,44.4,19.49
882836ac97fffff,34.28,9.35
882836ac99fffff,43.21,13.93
882836ac9bfffff,48.76,12.32
882836ac9dfffff,39.5,16.9
882836acb3fffff,40.26,38.23
882836acbbfffff,42.01,31.03
