h3,land,land_frac,wc_code
8828301001fffff,grassland,0.713,30
8828301003fffff,grassland,0.52,30
8828301005fffff,open water,0.411,80
8828301007fffff,grassland,0.453,30
8828301009fffff,grassland,0.765,30
882830100bfffff,grassland,0.694,30
882830100dfffff,grassland,0.68,30
8828301011fffff,grassland,0.532,30
8828301013fffff,developed,0.554,50
8828301015fffff,grassland,0.63,30
8828301017fffff,open water,0.41,80
8828301019fffff,woodland,0.539,10
882830101bfffff,grassland,0.487,30
882830101dfffff,grassland,0.826,30
8828301029fffff,open water,0.976,80
882830102bfffff,open water,1.0,80
8828301031fffff,open water,0.981,80
8828301039fffff,open water,0.412,80
882830103bfffff,open water,0.919,80
882830103dfffff,open water,1.0,80
8828301041fffff,grassland,0.818,30
8828301043fffff,grassland,0.95,30
8828301045fffff,grassland,0.891,30
8828301047fffff,grassland,0.927,30
8828301049fffff,grassland,0.884,30
882830104bfffff,grassland,0.797,30
882830104dfffff,grassland,0.691,30
8828301051fffff,grassland,0.733,30
8828301053fffff,grassland,0.692,30
8828301055fffff,grassland,0.828,30
8828301057fffff,woodland,0.498,10
8828301059fffff,grassland,0.896,30
882830105bfffff,grassland,0.886,30
882830105dfffff,grassland,0.913,30
8828301061fffff,open water,0.72,80
8828301063fffff,open water,0.807,80
8828301065fffff,open water,1.0,80
8828301067fffff,open water,1.0,80
8828301069fffff,woodland,0.506,10
882830106bfffff,grassland,0.613,30
882830106dfffff,woodland,0.477,10
88283010c1fffff,woodland,0.408,10
88283010c3fffff,open water,0.983,80
88283010c5fffff,open water,0.649,80
88283010c7fffff,open water,0.984,80
88283010c9fffff,grassland,0.766,30
88283010cbfffff,grassland,0.325,30
88283010cdfffff,grassland,0.457,30
88283010d1fffff,open water,0.879,80
88283010d9fffff,open water,0.978,80
88283010dbfffff,open water,0.959,80
88283010ddfffff,open water,0.997,80
88283010e9fffff,open water,0.92,80
88283010edfffff,open water,0.898,80
882830110dfffff,open water,1.0,80
8828301141fffff,developed,0.355,50
8828301143fffff,open water,0.8,80
8828301145fffff,wetland,0.337,90
8828301147fffff,open water,0.559,80
8828301149fffff,developed,0.76,50
882830114bfffff,open water,0.263,80
882830114dfffff,open water,0.302,80
8828301159fffff,open water,1.0,80
882830115dfffff,open water,0.992,80
8828301161fffff,open water,0.526,80
8828301163fffff,open water,0.997,80
8828301165fffff,wetland,0.338,90
8828301167fffff,open water,1.0,80
8828301169fffff,grassland,0.457,30
882830116bfffff,open water,0.505,80
882830116dfffff,open water,0.39,80
8828301201fffff,grassland,0.744,30
8828301203fffff,grassland,0.896,30
8828301205fffff,grassland,0.629,30
8828301207fffff,woodland,0.636,10
8828301209fffff,grassland,0.827,30
882830120bfffff,grassland,0.977,30
882830120dfffff,grassland,0.688,30
8828301211fffff,grassland,0.356,30
8828301213fffff,developed,0.351,50
8828301215fffff,grassland,0.879,30
8828301217fffff,grassland,0.763,30
8828301219fffff,grassland,0.633,30
882830121bfffff,woodland,0.475,10
882830121dfffff,grassland,0.97,30
8828301221fffff,grassland,0.774,30
8828301223fffff,grassland,0.89,30
8828301225fffff,woodland,0.561,10
8828301227fffff,grassland,0.867,30
8828301229fffff,grassland,0.767,30
882830122bfffff,grassland,0.616,30
882830122dfffff,grassland,0.743,30
8828301231fffff,grassland,0.613,30
8828301233fffff,grassland,0.717,30
8828301235fffff,grassland,0.995,30
8828301237fffff,grassland,0.886,30
8828301239fffff,grassland,0.624,30
882830123bfffff,woodland,0.529,10
882830123dfffff,grassland,0.659,30
8828301241fffff,woodland,0.494,10
8828301243fffff,woodland,0.519,10
8828301245fffff,grassland,0.849,30
8828301247fffff,grassland,0.625,30
8828301249fffff,woodland,0.836,10
882830124bfffff,woodland,0.662,10
882830124dfffff,grassland,0.506,30
8828301251fffff,grassland,0.652,30
8828301253fffff,grassland,0.791,30
8828301255fffff,grassland,0.681,30
8828301257fffff,grassland,0.872,30
8828301259fffff,grassland,0.974,30
882830125bfffff,grassland,0.814,30
882830125dfffff,grassland,0.632,30
8828301261fffff,grassland,0.729,30
8828301263fffff,grassland,0.772,30
8828301265fffff,grassland,0.675,30
8828301267fffff,grassland,0.713,30
8828301269fffff,grassland,0.548,30
882830126bfffff,grassland,0.72,30
882830126dfffff,grassland,0.778,30
8828301281fffff,developed,0.576,50
8828301283fffff,developed,0.772,50
8828301285fffff,developed,0.554,50
8828301287fffff,developed,0.614,50
8828301289fffff,developed,0.604,50
882830128bfffff,developed,0.445,50
882830128dfffff,grassland,0.427,30
8828301291fffff,open water,1.0,80
8828301293fffff,open water,1.0,80
8828301295fffff,open water,0.467,80
8828301297fffff,open water,1.0,80
8828301299fffff,open water,0.676,80
882830129bfffff,open water,1.0,80
882830129dfffff,developed,0.353,50
88283012a1fffff,grassland,0.829,30
88283012a3fffff,grassland,0.484,30
88283012a5fffff,grassland,0.696,30
88283012a7fffff,grassland,0.877,30
88283012a9fffff,grassland,0.824,30
88283012abfffff,grassland,0.791,30
88283012adfffff,grassland,0.875,30
88283012b1fffff,developed,0.494,50
88283012b3fffff,open water,1.0,80
88283012b5fffff,developed,0.725,50
88283012b7fffff,open water,0.492,80
88283012b9fffff,developed,0.774,50
88283012bbfffff,open water,0.81,80
88283012bdfffff,developed,0.518,50
88283012c1fffff,grassland,0.441,30
88283012c3fffff,developed,0.575,50
88283012c5fffff,developed,0.569,50
88283012c7fffff,developed,0.623,50
88283012c9fffff,grassland,0.459,30
88283012cbfffff,grassland,0.444,30
88283012cdfffff,grassland,0.586,30
88283012d1fffff,developed,0.615,50
88283012d3fffff,developed,0.504,50
88283012d5fffff,developed,0.533,50
88283012d7fffff,developed,0.521,50
88283012d9fffff,developed,0.542,50
88283012dbfffff,developed,0.606,50
88283012ddfffff,developed,0.475,50
88283012e1fffff,grassland,0.803,30
88283012e3fffff,grassland,0.719,30
88283012e5fffff,grassland,0.858,30
88283012e7fffff,grassland,0.735,30
88283012e9fffff,grassland,0.647,30
88283012ebfffff,grassland,0.575,30
88283012edfffff,grassland,0.573,30
8828301301fffff,woodland,0.412,10
8828301303fffff,grassland,0.817,30
8828301305fffff,woodland,0.549,10
8828301307fffff,developed,0.467,50
8828301309fffff,woodland,0.63,10
882830130bfffff,grassland,0.517,30
882830130dfffff,woodland,0.564,10
8828301311fffff,grassland,0.788,30
8828301313fffff,grassland,0.801,30
8828301315fffff,grassland,0.847,30
8828301317fffff,grassland,0.82,30
8828301319fffff,woodland,0.551,10
882830131bfffff,grassland,0.539,30
882830131dfffff,grassland,0.525,30
8828301321fffff,developed,0.643,50
8828301323fffff,developed,0.711,50
8828301325fffff,developed,0.489,50
8828301327fffff,developed,0.805,50
8828301329fffff,developed,0.616,50
882830132bfffff,developed,0.552,50
882830132dfffff,developed,0.629,50
8828301331fffff,developed,0.709,50
8828301333fffff,open water,0.696,80
8828301335fffff,developed,0.714,50
8828301337fffff,open water,0.495,80
8828301339fffff,woodland,0.606,10
882830133bfffff,woodland,0.685,10
882830133dfffff,developed,0.642,50
8828301341fffff,woodland,0.768,10
8828301343fffff,grassland,0.511,30
8828301345fffff,woodland,0.707,10
8828301347fffff,grassland,0.615,30
8828301349fffff,woodland,0.792,10
882830134bfffff,woodland,0.482,10
882830134dfffff,woodland,0.628,10
8828301351fffff,grassland,0.553,30
8828301353fffff,grassland,0.593,30
8828301355fffff,woodland,0.615,10
8828301357fffff,woodland,0.606,10
8828301359fffff,woodland,0.504,10
882830135bfffff,woodland,0.578,10
882830135dfffff,grassland,0.601,30
8828301361fffff,woodland,0.574,10
8828301363fffff,developed,0.585,50
8828301365fffff,developed,0.676,50
8828301367fffff,developed,0.715,50
8828301369fffff,woodland,0.47,10
882830136bfffff,woodland,0.478,10
882830136dfffff,woodland,0.524,10
8828301601fffff,open water,1.0,80
8828301605fffff,open water,1.0,80
8828301609fffff,open water,1.0,80
882830160dfffff,open water,1.0,80
8828301621fffff,open water,1.0,80
8828301625fffff,open water,1.0,80
8828301627fffff,open water,1.0,80
8828301629fffff,open water,1.0,80
882830162bfffff,open water,1.0,80
882830162dfffff,open water,1.0,80
8828301641fffff,open water,1.0,80
8828301643fffff,open water,1.0,80
8828301645fffff,open water,1.0,80
8828301647fffff,open water,1.0,80
8828301649fffff,open water,1.0,80
882830164bfffff,open water,1.0,80
882830164dfffff,open water,1.0,80
8828301661fffff,open water,1.0,80
8828301663fffff,open water,1.0,80
8828301665fffff,open water,1.0,80
8828301667fffff,open water,1.0,80
8828301669fffff,open water,1.0,80
882830166bfffff,open water,1.0,80
882830166dfffff,open water,1.0,80
8828301701fffff,open water,1.0,80
8828301703fffff,open water,1.0,80
8828301705fffff,open water,1.0,80
8828301707fffff,open water,1.0,80
8828301709fffff,open water,1.0,80
882830170bfffff,open water,1.0,80
882830170dfffff,open water,1.0,80
8828301711fffff,open water,1.0,80
8828301713fffff,open water,1.0,80
8828301715fffff,open water,1.0,80
8828301719fffff,open water,1.0,80
882830171bfffff,open water,1.0,80
882830171dfffff,open water,1.0,80
8828301729fffff,open water,1.0,80
8828301741fffff,open water,1.0,80
8828301743fffff,open water,1.0,80
8828301745fffff,open water,1.0,80
8828301747fffff,open water,1.0,80
8828301749fffff,open water,1.0,80
882830174bfffff,open water,1.0,80
882830174dfffff,open water,1.0,80
8828301751fffff,open water,1.0,80
8828301753fffff,open water,1.0,80
8828301755fffff,open water,1.0,80
8828301757fffff,open water,1.0,80
8828301759fffff,open water,1.0,80
882830175bfffff,open water,1.0,80
882830175dfffff,open water,1.0,80
8828301761fffff,open water,1.0,80
8828301763fffff,open water,1.0,80
8828301765fffff,open water,1.0,80
8828301767fffff,open water,1.0,80
8828301769fffff,open water,1.0,80
882830176bfffff,open water,1.0,80
882830176dfffff,open water,1.0,80
8828301a09fffff,open water,0.991,80
8828301a41fffff,wetland,0.372,90
8828301a43fffff,open water,0.631,80
8828301a45fffff,grassland,0.548,30
8828301a47fffff,open water,0.566,80
8828301a49fffff,wetland,0.622,90
8828301a4bfffff,wetland,0.508,90
8828301a4dfffff,open water,0.326,80
8828301a51fffff,open water,1.0,80
8828301a55fffff,open water,1.0,80
8828301a57fffff,open water,1.0,80
8828301a59fffff,wetland,0.603,90
8828301a5bfffff,open water,1.0,80
8828301a5dfffff,open water,0.545,80
8828301a61fffff,open water,0.968,80
8828301a65fffff,open water,1.0,80
8828301a69fffff,wetland,0.539,90
8828301a6bfffff,open water,0.673,80
8828301a6dfffff,open water,0.464,80
8828301b41fffff,open water,1.0,80
8828301b49fffff,open water,1.0,80
8828301b4bfffff,open water,0.998,80
8828301b4dfffff,open water,1.0,80
8828301b59fffff,open water,1.0,80
8828301b5dfffff,open water,1.0,80
8828305245fffff,open water,0.353,80
8828305261fffff,woodland,0.423,10
8828305263fffff,open water,0.646,80
8828305265fffff,woodland,0.537,10
8828305267fffff,open water,0.633,80
8828305269fffff,woodland,0.289,10
882830526bfffff,open water,0.875,80
882830526dfffff,wetland,0.373,90
8828305341fffff,cropland,0.619,40
8828305343fffff,open water,0.962,80
8828305345fffff,cropland,0.641,40
8828305347fffff,cropland,0.352,40
8828305349fffff,cropland,0.603,40
882830534bfffff,open water,0.629,80
882830534dfffff,cropland,0.7,40
8828305359fffff,open water,0.905,80
882830535bfffff,open water,0.638,80
8828305369fffff,cropland,0.647,40
882830536dfffff,open water,0.608,80
8828308801fffff,woodland,0.583,10
8828308803fffff,woodland,0.807,10
8828308805fffff,woodland,0.824,10
8828308807fffff,woodland,0.725,10
8828308809fffff,woodland,0.829,10
882830880bfffff,woodland,0.38,10
882830880dfffff,woodland,0.852,10
8828308811fffff,woodland,0.862,10
8828308813fffff,woodland,0.83,10
8828308815fffff,woodland,0.658,10
8828308817fffff,woodland,0.885,10
8828308819fffff,woodland,0.846,10
882830881bfffff,woodland,0.873,10
882830881dfffff,woodland,0.832,10
8828308821fffff,woodland,0.682,10
8828308823fffff,woodland,0.919,10
8828308825fffff,woodland,0.764,10
8828308827fffff,woodland,0.864,10
8828308829fffff,woodland,0.88,10
882830882bfffff,woodland,0.809,10
882830882dfffff,woodland,0.597,10
8828308831fffff,woodland,0.919,10
8828308833fffff,woodland,0.822,10
8828308835fffff,woodland,0.947,10
8828308837fffff,woodland,0.834,10
8828308839fffff,woodland,0.92,10
882830883bfffff,woodland,0.88,10
882830883dfffff,woodland,0.913,10
8828308841fffff,grassland,0.514,30
8828308843fffff,grassland,0.412,30
8828308845fffff,woodland,0.902,10
8828308847fffff,woodland,0.864,10
8828308849fffff,grassland,0.574,30
882830884bfffff,woodland,0.533,10
882830884dfffff,woodland,0.6,10
8828308851fffff,woodland,0.559,10
8828308853fffff,woodland,0.614,10
8828308855fffff,woodland,0.488,10
8828308857fffff,grassland,0.526,30
8828308859fffff,woodland,0.596,10
882830885bfffff,woodland,0.669,10
882830885dfffff,woodland,0.674,10
8828308861fffff,woodland,0.79,10
8828308863fffff,woodland,0.806,10
8828308865fffff,woodland,0.73,10
8828308867fffff,woodland,0.752,10
8828308869fffff,woodland,0.863,10
882830886bfffff,woodland,0.847,10
882830886dfffff,woodland,0.763,10
8828308881fffff,grassland,0.411,30
8828308883fffff,woodland,0.511,10
8828308885fffff,woodland,0.554,10
8828308887fffff,grassland,0.595,30
8828308889fffff,grassland,0.319,30
882830888bfffff,woodland,0.557,10
882830888dfffff,woodland,0.753,10
8828308891fffff,woodland,0.631,10
8828308893fffff,woodland,0.879,10
8828308895fffff,open water,0.452,80
8828308897fffff,open water,0.668,80
8828308899fffff,woodland,0.768,10
882830889bfffff,woodland,0.606,10
882830889dfffff,open water,0.526,80
88283088a1fffff,grassland,0.537,30
88283088a3fffff,grassland,0.595,30
88283088a5fffff,woodland,0.612,10
88283088a7fffff,woodland,0.85,10
88283088a9fffff,woodland,0.381,10
88283088abfffff,woodland,0.833,10
88283088adfffff,open water,0.74,80
88283088b1fffff,woodland,0.86,10
88283088b3fffff,woodland,0.595,10
88283088b5fffff,grassland,0.57,30
88283088b7fffff,grassland,0.87,30
88283088b9fffff,woodland,0.78,10
88283088bbfffff,woodland,0.581,10
88283088bdfffff,woodland,0.701,10
88283088c1fffff,woodland,0.581,10
88283088c3fffff,woodland,0.631,10
88283088c5fffff,woodland,0.77,10
88283088c7fffff,woodland,0.619,10
88283088c9fffff,woodland,0.79,10
88283088cbfffff,woodland,0.844,10
88283088cdfffff,woodland,0.636,10
88283088d1fffff,woodland,0.874,10
88283088d3fffff,woodland,0.936,10
88283088d5fffff,grassland,0.504,30
88283088d7fffff,woodland,0.763,10
88283088d9fffff,woodland,0.929,10
88283088dbfffff,woodland,0.908,10
88283088ddfffff,woodland,0.794,10
88283088e1fffff,grassland,0.43,30
88283088e3fffff,open water,0.466,80
88283088e5fffff,woodland,0.849,10
88283088e7fffff,open water,0.516,80
88283088e9fffff,grassland,0.51,30
88283088ebfffff,grassland,0.538,30
88283088edfffff,woodland,0.742,10
8828308901fffff,woodland,0.378,10
8828308903fffff,woodland,0.745,10
8828308905fffff,woodland,0.443,10
8828308907fffff,grassland,0.417,30
8828308909fffff,woodland,0.773,10
882830890bfffff,developed,0.506,50
882830890dfffff,woodland,0.788,10
8828308911fffff,woodland,0.69,10
8828308913fffff,woodland,0.903,10
8828308915fffff,woodland,0.829,10
8828308917fffff,woodland,0.839,10
8828308919fffff,woodland,0.862,10
882830891bfffff,woodland,0.787,10
882830891dfffff,woodland,0.763,10
8828308921fffff,woodland,0.617,10
8828308923fffff,woodland,0.502,10
8828308925fffff,developed,0.534,50
8828308927fffff,woodland,0.53,10
8828308929fffff,woodland,0.497,10
882830892bfffff,woodland,0.506,10
882830892dfffff,woodland,0.682,10
8828308931fffff,woodland,0.707,10
8828308933fffff,woodland,0.787,10
8828308935fffff,woodland,0.752,10
8828308937fffff,woodland,0.493,10
8828308939fffff,woodland,0.906,10
882830893bfffff,woodland,0.717,10
882830893dfffff,woodland,0.607,10
8828308941fffff,woodland,0.745,10
8828308943fffff,woodland,0.754,10
8828308945fffff,woodland,0.495,10
8828308947fffff,woodland,0.877,10
8828308949fffff,grassland,0.62,30
882830894bfffff,grassland,0.563,30
882830894dfffff,woodland,0.666,10
8828308951fffff,woodland,0.819,10
8828308953fffff,woodland,0.532,10
8828308955fffff,woodland,0.578,10
8828308957fffff,woodland,0.478,10
8828308959fffff,woodland,0.71,10
882830895bfffff,woodland,0.459,10
882830895dfffff,woodland,0.888,10
8828308961fffff,woodland,0.749,10
8828308963fffff,woodland,0.651,10
8828308965fffff,woodland,0.647,10
8828308967fffff,developed,0.5,50
8828308969fffff,woodland,0.647,10
882830896bfffff,woodland,0.811,10
882830896dfffff,woodland,0.616,10
8828308981fffff,grassland,0.54,30
8828308983fffff,grassland,0.697,30
8828308985fffff,grassland,0.868,30
8828308987fffff,grassland,0.667,30
8828308989fffff,grassland,0.606,30
882830898bfffff,grassland,0.653,30
882830898dfffff,grassland,0.579,30
8828308991fffff,grassland,0.513,30
8828308993fffff,grassland,0.759,30
8828308995fffff,grassland,0.576,30
8828308997fffff,grassland,0.663,30
8828308999fffff,woodland,0.647,10
882830899bfffff,woodland,0.749,10
882830899dfffff,woodland,0.534,10
88283089a1fffff,woodland,0.73,10
88283089a3fffff,woodland,0.714,10
88283089a5fffff,grassland,0.658,30
88283089a7fffff,grassland,0.587,30
88283089a9fffff,grassland,0.613,30
88283089abfffff,woodland,0.519,10
88283089adfffff,woodland,0.737,10
88283089b1fffff,woodland,0.582,10
88283089b3fffff,woodland,0.603,10
88283089b5fffff,woodland,0.653,10
88283089b7fffff,woodland,0.646,10
88283089b9fffff,grassland,0.508,30
88283089bbfffff,grassland,0.832,30
88283089bdfffff,grassland,0.523,30
88283089c1fffff,woodland,0.798,10
88283089c3fffff,woodland,0.657,10
88283089c5fffff,woodland,0.877,10
88283089c7fffff,woodland,0.858,10
88283089c9fffff,woodland,0.785,10
88283089cbfffff,woodland,0.759,10
88283089cdfffff,woodland,0.77,10
88283089d1fffff,woodland,0.427,10
88283089d3fffff,woodland,0.491,10
88283089d5fffff,grassland,0.55,30
88283089d7fffff,grassland,0.647,30
88283089d9fffff,woodland,0.698,10
88283089dbfffff,woodland,0.47,10
88283089ddfffff,woodland,0.63,10
88283089e1fffff,woodland,0.706,10
88283089e3fffff,grassland,0.637,30
88283089e5fffff,woodland,0.866,10
88283089e7fffff,woodland,0.744,10
88283089e9fffff,woodland,0.789,10
88283089ebfffff,woodland,0.611,10
88283089edfffff,woodland,0.52,10
8828308a05fffff,woodland,0.831,10
8828308a21fffff,woodland,0.928,10
8828308a23fffff,woodland,0.879,10
8828308a25fffff,woodland,0.603,10
8828308a27fffff,grassland,0.591,30
8828308a29fffff,woodland,0.999,10
8828308a2bfffff,woodland,0.882,10
8828308a2dfffff,woodland,0.991,10
8828308a31fffff,woodland,0.885,10
8828308a33fffff,woodland,0.913,10
8828308a35fffff,woodland,0.728,10
8828308a37fffff,woodland,0.6,10
8828308a3dfffff,woodland,0.883,10
8828308a61fffff,woodland,0.981,10
8828308a63fffff,woodland,0.971,10
8828308a65fffff,woodland,0.999,10
8828308a67fffff,woodland,0.995,10
8828308aa1fffff,woodland,0.903,10
8828308aa3fffff,woodland,0.918,10
8828308aa5fffff,woodland,0.694,10
8828308aa7fffff,woodland,0.834,10
8828308aadfffff,woodland,0.872,10
8828308ab1fffff,woodland,0.694,10
8828308ab3fffff,woodland,0.594,10
8828308ab5fffff,woodland,0.652,10
8828308ab7fffff,woodland,0.84,10
8828308abdfffff,woodland,0.586,10
8828308ae5fffff,woodland,0.85,10
8828308ae7fffff,woodland,0.834,10
8828308b01fffff,woodland,0.496,10
8828308b03fffff,woodland,0.502,10
8828308b05fffff,woodland,0.596,10
8828308b07fffff,woodland,0.569,10
8828308b09fffff,developed,0.533,50
8828308b0bfffff,developed,0.344,50
8828308b0dfffff,grassland,0.547,30
8828308b11fffff,woodland,0.669,10
8828308b13fffff,woodland,0.746,10
8828308b15fffff,grassland,0.411,30
8828308b17fffff,woodland,0.529,10
8828308b19fffff,woodland,0.574,10
8828308b1bfffff,woodland,0.608,10
8828308b1dfffff,woodland,0.534,10
8828308b21fffff,grassland,0.548,30
8828308b23fffff,grassland,0.774,30
8828308b25fffff,woodland,0.612,10
8828308b27fffff,woodland,0.579,10
8828308b29fffff,woodland,0.609,10
8828308b2bfffff,grassland,0.401,30
8828308b2dfffff,grassland,0.75,30
8828308b31fffff,woodland,0.355,10
8828308b33fffff,woodland,0.482,10
8828308b35fffff,grassland,0.732,30
8828308b37fffff,woodland,0.422,10
8828308b39fffff,woodland,0.575,10
8828308b3bfffff,woodland,0.712,10
8828308b3dfffff,grassland,0.494,30
8828308b41fffff,woodland,0.418,10
8828308b43fffff,woodland,0.517,10
8828308b45fffff,grassland,0.41,30
8828308b47fffff,woodland,0.438,10
8828308b49fffff,woodland,0.983,10
8828308b4bfffff,woodland,0.715,10
8828308b4dfffff,woodland,0.601,10
8828308b51fffff,woodland,0.842,10
8828308b53fffff,woodland,0.655,10
8828308b55fffff,grassland,0.449,30
8828308b57fffff,woodland,0.484,10
8828308b59fffff,woodland,0.996,10
8828308b5bfffff,woodland,0.999,10
8828308b5dfffff,woodland,0.803,10
8828308b61fffff,grassland,0.72,30
8828308b63fffff,woodland,0.557,10
8828308b65fffff,woodland,0.662,10
8828308b67fffff,woodland,0.61,10
8828308b69fffff,woodland,0.47,10
8828308b6bfffff,grassland,0.622,30
8828308b6dfffff,woodland,0.54,10
8828308c01fffff,developed,0.89,50
8828308c03fffff,developed,0.768,50
8828308c05fffff,developed,0.923,50
8828308c07fffff,developed,0.952,50
8828308c09fffff,developed,0.931,50
8828308c0bfffff,developed,0.862,50
8828308c0dfffff,developed,0.985,50
8828308c11fffff,grassland,0.413,30
8828308c13fffff,woodland,0.492,10
8828308c15fffff,developed,0.619,50
8828308c17fffff,developed,0.297,50
8828308c19fffff,grassland,0.382,30
8828308c1bfffff,woodland,0.323,10
8828308c1dfffff,developed,0.404,50
8828308c21fffff,developed,0.439,50
8828308c23fffff,developed,0.776,50
8828308c25fffff,developed,0.502,50
8828308c27fffff,developed,0.717,50
8828308c29fffff,developed,0.918,50
8828308c2bfffff,developed,0.851,50
8828308c2dfffff,woodland,0.494,10
8828308c31fffff,developed,0.729,50
8828308c33fffff,grassland,0.371,30
8828308c35fffff,developed,0.865,50
8828308c37fffff,developed,0.789,50
8828308c39fffff,developed,0.814,50
8828308c3bfffff,developed,0.499,50
8828308c3dfffff,developed,0.812,50
8828308c41fffff,developed,0.907,50
8828308c43fffff,developed,0.926,50
8828308c45fffff,developed,0.915,50
8828308c47fffff,developed,0.927,50
8828308c49fffff,developed,0.725,50
8828308c4bfffff,developed,0.658,50
8828308c4dfffff,developed,0.784,50
8828308c51fffff,developed,0.712,50
8828308c53fffff,developed,0.566,50
8828308c55fffff,developed,0.909,50
8828308c57fffff,developed,0.602,50
8828308c59fffff,developed,0.699,50
8828308c5bfffff,developed,0.781,50
8828308c5dfffff,developed,0.872,50
8828308c61fffff,developed,0.973,50
8828308c63fffff,developed,0.954,50
8828308c65fffff,developed,0.781,50
8828308c67fffff,developed,0.913,50
8828308c69fffff,developed,0.908,50
8828308c6bfffff,developed,0.855,50
8828308c6dfffff,developed,0.826,50
8828308c81fffff,open water,1.0,80
8828308c83fffff,open water,1.0,80
8828308c85fffff,open water,1.0,80
8828308c87fffff,open water,1.0,80
8828308c89fffff,open water,1.0,80
8828308c8bfffff,open water,1.0,80
8828308c8dfffff,open water,1.0,80
8828308c95fffff,open water,1.0,80
8828308c9dfffff,open water,1.0,80
8828308ca1fffff,open water,1.0,80
8828308ca3fffff,open water,1.0,80
8828308ca5fffff,open water,0.996,80
8828308ca7fffff,open water,1.0,80
8828308ca9fffff,open water,1.0,80
8828308cabfffff,open water,1.0,80
8828308cadfffff,open water,1.0,80
8828308cb1fffff,open water,1.0,80
8828308cb5fffff,open water,1.0,80
8828308cb7fffff,open water,1.0,80
8828308cb9fffff,open water,1.0,80
8828308cbbfffff,open water,1.0,80
8828308cbdfffff,open water,1.0,80
8828308cc1fffff,open water,0.989,80
8828308cc3fffff,open water,1.0,80
8828308cc5fffff,open water,0.495,80
8828308cc7fffff,open water,1.0,80
8828308cc9fffff,open water,0.579,80
8828308ccbfffff,open water,0.496,80
8828308ccdfffff,open water,0.745,80
8828308cd5fffff,open water,1.0,80
8828308cd7fffff,open water,1.0,80
8828308cddfffff,open water,0.964,80
8828308ce1fffff,open water,0.827,80
8828308ce3fffff,open water,1.0,80
8828308ce5fffff,open water,0.76,80
8828308ce7fffff,open water,1.0,80
8828308ce9fffff,grassland,0.535,30
8828308cebfffff,open water,1.0,80
8828308cedfffff,grassland,0.315,30
8828308d01fffff,developed,0.419,50
8828308d03fffff,developed,0.676,50
8828308d05fffff,woodland,0.54,10
8828308d07fffff,developed,0.424,50
8828308d09fffff,woodland,0.594,10
8828308d0bfffff,woodland,0.642,10
8828308d0dfffff,woodland,0.428,10
8828308d11fffff,woodland,0.509,10
8828308d13fffff,developed,0.49,50
8828308d15fffff,developed,0.645,50
8828308d17fffff,developed,0.523,50
8828308d19fffff,developed,0.46,50
8828308d1bfffff,grassland,0.437,30
8828308d1dfffff,developed,0.518,50
8828308d21fffff,woodland,0.622,10
8828308d23fffff,woodland,0.438,10
8828308d25fffff,grassland,0.804,30
8828308d27fffff,grassland,0.534,30
8828308d29fffff,woodland,0.584,10
8828308d2bfffff,woodland,0.767,10
8828308d2dfffff,grassland,0.679,30
8828308d31fffff,woodland,0.526,10
8828308d33fffff,developed,0.466,50
8828308d35fffff,developed,0.487,50
8828308d37fffff,developed,0.464,50
8828308d39fffff,woodland,0.551,10
8828308d3bfffff,woodland,0.564,10
8828308d3dfffff,woodland,0.775,10
8828308d41fffff,woodland,0.502,10
8828308d43fffff,grassland,0.507,30
8828308d45fffff,woodland,0.925,10
8828308d47fffff,woodland,0.881,10
8828308d49fffff,woodland,0.622,10
8828308d4bfffff,grassland,0.767,30
8828308d4dfffff,grassland,0.622,30
8828308d51fffff,grassland,0.543,30
8828308d53fffff,grassland,0.524,30
8828308d55fffff,grassland,0.678,30
8828308d57fffff,woodland,0.67,10
8828308d59fffff,woodland,0.509,10
8828308d5bfffff,woodland,0.511,10
8828308d5dfffff,grassland,0.515,30
8828308d61fffff,woodland,0.854,10
8828308d63fffff,woodland,0.758,10
8828308d65fffff,woodland,0.491,10
8828308d67fffff,woodland,0.541,10
8828308d69fffff,woodland,0.547,10
8828308d6bfffff,woodland,0.626,10
8828308d6dfffff,grassland,0.507,30
8828308d81fffff,open water,0.811,80
8828308d83fffff,open water,1.0,80
8828308d85fffff,open water,0.516,80
8828308d87fffff,open water,1.0,80
8828308d89fffff,developed,0.627,50
8828308d8bfffff,developed,0.28,50
8828308d8dfffff,developed,0.686,50
8828308d91fffff,open water,1.0,80
8828308d93fffff,open water,1.0,80
8828308d95fffff,open water,1.0,80
8828308d97fffff,open water,1.0,80
8828308d99fffff,woodland,0.528,10
8828308d9bfffff,open water,0.79,80
8828308d9dfffff,open water,0.583,80
8828308da1fffff,open water,1.0,80
8828308da3fffff,open water,1.0,80
8828308da5fffff,open water,1.0,80
8828308da7fffff,open water,1.0,80
8828308da9fffff,developed,0.478,50
8828308dabfffff,open water,1.0,80
8828308dadfffff,open water,0.575,80
8828308db1fffff,open water,1.0,80
8828308db3fffff,open water,1.0,80
8828308db5fffff,open water,1.0,80
8828308db7fffff,open water,1.0,80
8828308db9fffff,open water,1.0,80
8828308dbbfffff,open water,1.0,80
8828308dbdfffff,open water,1.0,80
8828308dc1fffff,developed,0.669,50
8828308dc3fffff,developed,0.586,50
8828308dc5fffff,developed,0.667,50
8828308dc7fffff,developed,0.653,50
8828308dc9fffff,developed,0.711,50
8828308dcbfffff,developed,0.608,50
8828308dcdfffff,developed,0.739,50
8828308dd1fffff,grassland,0.347,30
8828308dd3fffff,open water,0.603,80
8828308dd5fffff,developed,0.433,50
8828308dd7fffff,woodland,0.336,10
8828308dd9fffff,grassland,0.573,30
8828308ddbfffff,open water,0.995,80
8828308dddfffff,grassland,0.464,30
8828308de1fffff,developed,0.78,50
8828308de3fffff,developed,0.716,50
8828308de5fffff,developed,0.507,50
8828308de7fffff,developed,0.737,50
8828308de9fffff,developed,0.745,50
8828308debfffff,developed,0.815,50
8828308dedfffff,developed,0.634,50
8828308e01fffff,open water,1.0,80
8828308e03fffff,open water,1.0,80
8828308e05fffff,open water,1.0,80
8828308e07fffff,open water,0.983,80
8828308e0dfffff,open water,1.0,80
8828308e11fffff,open water,1.0,80
8828308e13fffff,open water,1.0,80
8828308e15fffff,open water,1.0,80
8828308e17fffff,open water,1.0,80
8828308e21fffff,open water,0.966,80
8828308e23fffff,open water,0.754,80
8828308e25fffff,open water,0.97,80
8828308e27fffff,open water,0.64,80
8828308e29fffff,open water,0.795,80
8828308e2bfffff,open water,0.894,80
8828308e2dfffff,open water,1.0,80
8828308e31fffff,developed,0.376,50
8828308e33fffff,grassland,0.459,30
8828308e35fffff,developed,0.454,50
8828308e37fffff,developed,0.613,50
8828308e39fffff,open water,0.999,80
8828308e3bfffff,open water,0.66,80
8828308e3dfffff,open water,0.59,80
8828308e63fffff,open water,1.0,80
8828308e67fffff,open water,1.0,80
8828308e81fffff,open water,0.964,80
8828308e85fffff,open water,0.982,80
8828308e87fffff,open water,0.989,80
8828308e8dfffff,open water,1.0,80
8828308ea1fffff,woodland,0.467,10
8828308ea3fffff,woodland,0.585,10
8828308ea5fffff,developed,0.528,50
8828308ea7fffff,developed,0.644,50
8828308ea9fffff,developed,0.419,50
8828308eabfffff,open water,0.777,80
8828308eadfffff,developed,0.621,50
8828308eb1fffff,open water,0.997,80
8828308eb5fffff,grassland,0.355,30
8828308eb7fffff,open water,0.446,80
8828308ebdfffff,open water,0.771,80
8828308ec5fffff,open water,1.0,80
8828308ec7fffff,open water,1.0,80
8828308ee1fffff,open water,1.0,80
8828308ee3fffff,open water,0.932,80
8828308ee5fffff,open water,0.739,80
8828308ee7fffff,open water,0.67,80
8828308ee9fffff,open water,1.0,80
8828308eebfffff,open water,0.992,80
8828308eedfffff,open water,1.0,80
8828308f01fffff,developed,0.927,50
8828308f03fffff,developed,0.902,50
8828308f05fffff,developed,0.707,50
8828308f07fffff,developed,0.703,50
8828308f09fffff,developed,0.688,50
8828308f0bfffff,developed,0.772,50
8828308f0dfffff,developed,0.892,50
8828308f11fffff,developed,0.548,50
8828308f13fffff,developed,0.83,50
8828308f15fffff,developed,0.905,50
8828308f17fffff,developed,0.863,50
8828308f19fffff,open water,0.747,80
8828308f1bfffff,developed,0.44,50
8828308f1dfffff,developed,0.498,50
8828308f21fffff,woodland,0.758,10
8828308f23fffff,woodland,0.817,10
8828308f25fffff,woodland,0.686,10
8828308f27fffff,grassland,0.523,30
8828308f29fffff,woodland,0.569,10
8828308f2bfffff,developed,0.535,50
8828308f2dfffff,woodland,0.851,10
8828308f31fffff,developed,0.393,50
8828308f33fffff,developed,0.737,50
8828308f35fffff,woodland,0.742,10
8828308f37fffff,woodland,0.538,10
8828308f39fffff,developed,0.885,50
8828308f3bfffff,developed,0.909,50
8828308f3dfffff,woodland,0.6,10
8828308f51fffff,open water,0.869,80
8828308f53fffff,open water,1.0,80
8828308f55fffff,open water,0.805,80
8828308f57fffff,open water,0.441,80
8828308f5bfffff,open water,1.0,80
8828308f61fffff,woodland,0.542,10
8828308f63fffff,woodland,0.502,10
8828308f67fffff,developed,0.578,50
8828308f6bfffff,developed,0.826,50
88283099a3fffff,woodland,0.767,10
88283099a7fffff,woodland,0.914,10
88283099b5fffff,woodland,0.806,10
88283099b7fffff,woodland,1.0,10
882830c001fffff,grassland,0.872,30
882830c003fffff,grassland,0.809,30
882830c005fffff,grassland,0.686,30
882830c007fffff,grassland,0.745,30
882830c009fffff,grassland,0.8,30
882830c00bfffff,grassland,0.78,30
882830c00dfffff,grassland,0.86,30
882830c011fffff,grassland,0.633,30
882830c013fffff,woodland,0.594,10
882830c015fffff,grassland,0.814,30
882830c017fffff,grassland,0.561,30
882830c019fffff,grassland,0.522,30
882830c01bfffff,woodland,0.562,10
882830c01dfffff,grassland,0.603,30
882830c021fffff,grassland,0.547,30
882830c023fffff,grassland,0.838,30
882830c025fffff,grassland,0.89,30
882830c027fffff,grassland,0.947,30
882830c029fffff,grassland,0.933,30
882830c02bfffff,grassland,0.764,30
882830c02dfffff,grassland,0.856,30
882830c031fffff,grassland,0.678,30
882830c033fffff,grassland,0.674,30
882830c035fffff,grassland,0.934,30
882830c037fffff,grassland,0.885,30
882830c039fffff,grassland,0.719,30
882830c03bfffff,grassland,0.637,30
882830c03dfffff,grassland,0.671,30
882830c041fffff,woodland,0.542,10
882830c043fffff,grassland,0.799,30
882830c045fffff,grassland,0.639,30
882830c047fffff,grassland,0.755,30
882830c049fffff,grassland,0.567,30
882830c04bfffff,woodland,0.639,10
882830c04dfffff,grassland,0.75,30
882830c051fffff,grassland,0.604,30
882830c053fffff,grassland,0.6,30
882830c055fffff,grassland,0.697,30
882830c057fffff,grassland,0.576,30
882830c059fffff,grassland,0.579,30
882830c05bfffff,woodland,0.63,10
882830c05dfffff,woodland,0.662,10
882830c061fffff,grassland,0.741,30
882830c063fffff,grassland,0.658,30
882830c065fffff,grassland,0.898,30
882830c067fffff,grassland,0.9,30
882830c069fffff,grassland,0.724,30
882830c06bfffff,grassland,0.829,30
882830c06dfffff,grassland,0.711,30
882830c081fffff,woodland,0.58,10
882830c083fffff,grassland,0.599,30
882830c085fffff,woodland,0.558,10
882830c087fffff,woodland,0.511,10
882830c089fffff,grassland,0.935,30
882830c08bfffff,grassland,0.645,30
882830c08dfffff,grassland,0.661,30
882830c091fffff,grassland,0.984,30
882830c093fffff,grassland,0.987,30
882830c095fffff,grassland,0.993,30
882830c097fffff,grassland,0.924,30
882830c099fffff,grassland,0.803,30
882830c09bfffff,grassland,0.544,30
882830c09dfffff,grassland,0.94,30
882830c0a1fffff,grassland,0.936,30
882830c0a3fffff,grassland,0.992,30
882830c0a5fffff,grassland,0.92,30
882830c0a7fffff,grassland,0.97,30
882830c0a9fffff,woodland,0.625,10
882830c0abfffff,grassland,0.894,30
882830c0adfffff,grassland,0.864,30
882830c0b1fffff,grassland,0.99,30
882830c0b3fffff,grassland,0.954,30
882830c0b5fffff,grassland,0.998,30
882830c0b7fffff,grassland,0.987,30
882830c0b9fffff,grassland,0.996,30
882830c0bbfffff,grassland,0.933,30
882830c0bdfffff,grassland,0.997,30
882830c0c1fffff,woodland,0.688,10
882830c0c3fffff,grassland,0.638,30
882830c0c5fffff,grassland,0.609,30
882830c0c7fffff,grassland,0.906,30
882830c0c9fffff,grassland,0.695,30
882830c0cbfffff,grassland,0.659,30
882830c0cdfffff,woodland,0.535,10
882830c0d1fffff,grassland,0.965,30
882830c0d3fffff,grassland,0.561,30
882830c0d5fffff,grassland,0.935,30
882830c0d7fffff,grassland,0.974,30
882830c0d9fffff,grassland,0.714,30
882830c0dbfffff,grassland,0.68,30
882830c0ddfffff,grassland,0.791,30
882830c0e1fffff,grassland,0.839,30
882830c0e3fffff,grassland,0.572,30
882830c0e5fffff,woodland,0.55,10
882830c0e7fffff,grassland,0.68,30
882830c0e9fffff,woodland,0.548,10
882830c0ebfffff,grassland,0.618,30
882830c0edfffff,grassland,0.734,30
882830c101fffff,cropland,0.575,40
882830c103fffff,cropland,0.774,40
882830c105fffff,grassland,0.399,30
882830c107fffff,cropland,0.831,40
882830c109fffff,cropland,0.6,40
882830c10bfffff,grassland,0.671,30
882830c10dfffff,grassland,0.474,30
882830c111fffff,grassland,0.824,30
882830c113fffff,grassland,0.82,30
882830c115fffff,cropland,0.638,40
882830c117fffff,grassland,0.66,30
882830c119fffff,grassland,0.962,30
882830c11bfffff,grassland,0.941,30
882830c11dfffff,grassland,0.719,30
882830c121fffff,developed,0.663,50
882830c123fffff,cropland,0.465,40
882830c125fffff,developed,0.623,50
882830c127fffff,developed,0.629,50
882830c129fffff,developed,0.627,50
882830c12bfffff,developed,0.499,50
882830c12dfffff,developed,0.561,50
882830c131fffff,grassland,0.509,30
882830c133fffff,cropland,0.434,40
882830c135fffff,cropland,0.773,40
882830c137fffff,developed,0.483,50
882830c139fffff,cropland,0.869,40
882830c13bfffff,grassland,0.598,30
882830c13dfffff,cropland,0.719,40
882830c141fffff,grassland,0.902,30
882830c143fffff,grassland,0.866,30
882830c145fffff,grassland,0.979,30
882830c147fffff,grassland,0.845,30
882830c149fffff,grassland,0.95,30
882830c14bfffff,grassland,0.848,30
882830c14dfffff,grassland,0.991,30
882830c151fffff,grassland,0.833,30
882830c153fffff,grassland,0.84,30
882830c155fffff,grassland,0.88,30
882830c157fffff,grassland,0.951,30
882830c159fffff,grassland,0.942,30
882830c15bfffff,grassland,0.978,30
882830c15dfffff,grassland,0.971,30
882830c161fffff,grassland,0.548,30
882830c163fffff,developed,0.542,50
882830c165fffff,developed,0.608,50
882830c167fffff,developed,0.457,50
882830c169fffff,grassland,0.89,30
882830c16bfffff,grassland,0.576,30
882830c16dfffff,developed,0.547,50
882830c181fffff,developed,0.453,50
882830c183fffff,grassland,0.822,30
882830c185fffff,developed,0.776,50
882830c187fffff,grassland,0.647,30
882830c189fffff,grassland,0.855,30
882830c18bfffff,grassland,0.799,30
882830c18dfffff,developed,0.541,50
882830c191fffff,grassland,0.854,30
882830c193fffff,developed,0.575,50
882830c195fffff,grassland,0.426,30
882830c197fffff,developed,0.813,50
882830c199fffff,grassland,0.995,30
882830c19bfffff,grassland,0.972,30
882830c19dfffff,grassland,0.95,30
882830c1a1fffff,developed,0.687,50
882830c1a3fffff,developed,0.761,50
882830c1a5fffff,developed,0.612,50
882830c1a7fffff,developed,0.739,50
882830c1a9fffff,developed,0.809,50
882830c1abfffff,developed,0.695,50
882830c1adfffff,developed,0.699,50
882830c1b1fffff,developed,0.697,50
882830c1b3fffff,developed,0.777,50
882830c1b5fffff,developed,0.702,50
882830c1b7fffff,developed,0.785,50
882830c1b9fffff,grassland,0.612,30
882830c1bbfffff,developed,0.575,50
882830c1bdfffff,developed,0.582,50
882830c1c1fffff,grassland,0.933,30
882830c1c3fffff,grassland,0.875,30
882830c1c5fffff,grassland,0.954,30
882830c1c7fffff,grassland,0.96,30
882830c1c9fffff,grassland,0.853,30
882830c1cbfffff,grassland,0.706,30
882830c1cdfffff,grassland,0.965,30
882830c1d1fffff,grassland,0.827,30
882830c1d3fffff,grassland,0.859,30
882830c1d5fffff,grassland,0.974,30
882830c1d7fffff,grassland,0.99,30
882830c1d9fffff,grassland,0.835,30
882830c1dbfffff,grassland,0.881,30
882830c1ddfffff,grassland,0.619,30
882830c1e1fffff,developed,0.512,50
882830c1e3fffff,developed,0.791,50
882830c1e5fffff,developed,0.731,50
882830c1e7fffff,developed,0.724,50
882830c1e9fffff,grassland,0.861,30
882830c1ebfffff,grassland,0.72,30
882830c1edfffff,grassland,0.646,30
882830c201fffff,woodland,0.751,10
882830c203fffff,woodland,0.643,10
882830c205fffff,woodland,0.72,10
882830c207fffff,woodland,0.771,10
882830c209fffff,woodland,0.77,10
882830c20bfffff,woodland,0.525,10
882830c20dfffff,woodland,0.704,10
882830c211fffff,woodland,0.734,10
882830c213fffff,woodland,0.509,10
882830c215fffff,woodland,0.766,10
882830c217fffff,grassland,0.728,30
882830c219fffff,woodland,0.613,10
882830c21bfffff,woodland,0.718,10
882830c21dfffff,grassland,0.554,30
882830c221fffff,woodland,0.711,10
882830c223fffff,woodland,0.547,10
882830c225fffff,woodland,0.887,10
882830c227fffff,grassland,0.511,30
882830c229fffff,woodland,0.683,10
882830c22bfffff,woodland,0.606,10
882830c22dfffff,grassland,0.723,30
882830c231fffff,grassland,0.637,30
882830c233fffff,woodland,0.676,10
882830c235fffff,woodland,0.525,10
882830c237fffff,grassland,0.663,30
882830c239fffff,grassland,0.613,30
882830c23bfffff,grassland,0.678,30
882830c23dfffff,grassland,0.607,30
882830c241fffff,grassland,0.524,30
882830c243fffff,woodland,0.71,10
882830c245fffff,woodland,0.651,10
882830c247fffff,woodland,0.661,10
882830c249fffff,woodland,0.49,10
882830c24bfffff,woodland,0.631,10
882830c24dfffff,woodland,0.63,10
882830c251fffff,woodland,0.911,10
882830c253fffff,woodland,0.985,10
882830c255fffff,woodland,0.765,10
882830c257fffff,grassland,0.556,30
882830c259fffff,woodland,0.638,10
882830c25bfffff,woodland,0.877,10
882830c25dfffff,woodland,0.845,10
882830c261fffff,woodland,0.792,10
882830c263fffff,woodland,0.885,10
882830c265fffff,woodland,0.684,10
882830c267fffff,woodland,0.51,10
882830c269fffff,grassland,0.547,30
882830c26bfffff,woodland,0.554,10
882830c26dfffff,woodland,0.623,10
882830c281fffff,woodland,0.705,10
882830c283fffff,woodland,0.91,10
882830c285fffff,grassland,0.579,30
882830c287fffff,woodland,0.663,10
882830c289fffff,woodland,0.518,10
882830c28bfffff,woodland,0.967,10
882830c28dfffff,woodland,0.75,10
882830c291fffff,woodland,0.665,10
882830c293fffff,woodland,0.673,10
882830c295fffff,woodland,0.945,10
882830c297fffff,woodland,0.747,10
882830c299fffff,woodland,0.925,10
882830c29bfffff,woodland,0.648,10
882830c29dfffff,woodland,0.756,10
882830c2a1fffff,woodland,0.905,10
882830c2a3fffff,woodland,0.822,10
882830c2a5fffff,grassland,0.628,30
882830c2a7fffff,grassland,0.53,30
882830c2a9fffff,woodland,0.597,10
882830c2abfffff,woodland,0.655,10
882830c2adfffff,woodland,0.571,10
882830c2b1fffff,woodland,0.688,10
882830c2b3fffff,grassland,0.654,30
882830c2b5fffff,woodland,0.573,10
882830c2b7fffff,grassland,0.484,30
882830c2b9fffff,woodland,0.719,10
882830c2bbfffff,woodland,0.755,10
882830c2bdfffff,woodland,0.854,10
882830c2c1fffff,woodland,0.803,10
882830c2c3fffff,grassland,0.573,30
882830c2c5fffff,woodland,0.842,10
882830c2c7fffff,woodland,0.538,10
882830c2c9fffff,grassland,0.706,30
882830c2cbfffff,woodland,0.769,10
882830c2cdfffff,woodland,0.523,10
882830c2d1fffff,woodland,0.515,10
882830c2d3fffff,grassland,0.516,30
882830c2d5fffff,woodland,0.834,10
882830c2d7fffff,woodland,0.911,10
882830c2d9fffff,woodland,0.581,10
882830c2dbfffff,grassland,0.748,30
882830c2ddfffff,grassland,0.527,30
882830c2e1fffff,woodland,0.569,10
882830c2e3fffff,woodland,0.725,10
882830c2e5fffff,woodland,0.849,10
882830c2e7fffff,woodland,0.863,10
882830c2e9fffff,grassland,0.802,30
882830c2ebfffff,grassland,0.577,30
882830c2edfffff,grassland,0.516,30
882830c301fffff,grassland,0.764,30
882830c303fffff,grassland,0.758,30
882830c305fffff,grassland,0.741,30
882830c307fffff,grassland,0.691,30
882830c309fffff,grassland,0.957,30
882830c30bfffff,grassland,0.817,30
882830c30dfffff,grassland,0.917,30
882830c311fffff,grassland,0.679,30
882830c313fffff,grassland,0.559,30
882830c315fffff,grassland,0.653,30
882830c317fffff,grassland,0.729,30
882830c319fffff,woodland,0.74,10
882830c31bfffff,grassland,0.912,30
882830c31dfffff,grassland,0.651,30
882830c321fffff,grassland,0.832,30
882830c323fffff,grassland,0.94,30
882830c325fffff,grassland,0.977,30
882830c327fffff,grassland,0.994,30
882830c329fffff,grassland,0.797,30
882830c32bfffff,grassland,0.645,30
882830c32dfffff,grassland,0.917,30
882830c331fffff,grassland,0.781,30
882830c333fffff,grassland,0.704,30
882830c335fffff,grassland,0.914,30
882830c337fffff,grassland,0.724,30
882830c339fffff,grassland,0.647,30
882830c33bfffff,grassland,0.762,30
882830c33dfffff,grassland,0.898,30
882830c341fffff,woodland,0.628,10
882830c343fffff,woodland,0.728,10
882830c345fffff,grassland,0.921,30
882830c347fffff,grassland,0.972,30
882830c349fffff,woodland,0.91,10
882830c34bfffff,woodland,0.815,10
882830c34dfffff,grassland,0.668,30
882830c351fffff,woodland,0.811,10
882830c353fffff,woodland,0.895,10
882830c355fffff,woodland,0.779,10
882830c357fffff,woodland,0.881,10
882830c359fffff,grassland,0.654,30
882830c35bfffff,grassland,0.53,30
882830c35dfffff,woodland,0.523,10
882830c361fffff,grassland,0.817,30
882830c363fffff,grassland,0.784,30
882830c365fffff,grassland,0.8,30
882830c367fffff,grassland,0.75,30
882830c369fffff,grassland,0.977,30
882830c36bfffff,grassland,0.927,30
882830c36dfffff,grassland,0.896,30
882830c401fffff,developed,0.644,50
882830c403fffff,developed,0.613,50
882830c405fffff,developed,0.649,50
882830c407fffff,developed,0.547,50
882830c409fffff,developed,0.473,50
882830c40bfffff,developed,0.628,50
882830c40dfffff,developed,0.657,50
882830c411fffff,developed,0.735,50
882830c413fffff,developed,0.832,50
882830c415fffff,developed,0.604,50
882830c417fffff,developed,0.751,50
882830c419fffff,developed,0.866,50
882830c41bfffff,developed,0.884,50
882830c41dfffff,developed,0.821,50
882830c421fffff,grassland,0.784,30
882830c423fffff,grassland,0.85,30
882830c425fffff,grassland,0.94,30
882830c427fffff,grassland,0.915,30
882830c429fffff,developed,0.632,50
882830c42bfffff,developed,0.629,50
882830c42dfffff,grassland,0.739,30
882830c431fffff,grassland,0.863,30
882830c433fffff,grassland,0.838,30
882830c435fffff,grassland,0.946,30
882830c437fffff,grassland,0.978,30
882830c439fffff,grassland,0.62,30
882830c43bfffff,developed,0.448,50
882830c43dfffff,developed,0.62,50
882830c441fffff,grassland,0.484,30
882830c443fffff,grassland,0.441,30
882830c445fffff,developed,0.637,50
882830c447fffff,developed,0.534,50
882830c449fffff,developed,0.552,50
882830c44bfffff,developed,0.515,50
882830c44dfffff,grassland,0.85,30
882830c451fffff,developed,0.835,50
882830c453fffff,developed,0.641,50
882830c455fffff,developed,0.427,50
882830c457fffff,developed,0.711,50
882830c459fffff,developed,0.529,50
882830c45bfffff,developed,0.766,50
882830c45dfffff,developed,0.698,50
882830c461fffff,developed,0.683,50
882830c463fffff,developed,0.725,50
882830c465fffff,developed,0.662,50
882830c467fffff,developed,0.748,50
882830c469fffff,developed,0.562,50
882830c46bfffff,developed,0.578,50
882830c46dfffff,developed,0.442,50
882830c481fffff,developed,0.419,50
882830c483fffff,grassland,0.386,30
882830c485fffff,grassland,0.813,30
882830c487fffff,developed,0.535,50
882830c489fffff,grassland,0.434,30
882830c48bfffff,grassland,0.616,30
882830c48dfffff,developed,0.353,50
882830c491fffff,grassland,0.755,30
882830c493fffff,grassland,0.432,30
882830c495fffff,grassland,0.818,30
882830c497fffff,grassland,0.461,30
882830c499fffff,developed,0.59,50
882830c49bfffff,open water,0.331,80
882830c49dfffff,grassland,0.685,30
882830c4a1fffff,grassland,0.556,30
882830c4a3fffff,wetland,0.467,90
882830c4a5fffff,grassland,0.611,30
882830c4a7fffff,wetland,0.46,90
882830c4a9fffff,open water,0.848,80
882830c4abfffff,grassland,0.712,30
882830c4adfffff,developed,0.57,50
882830c4b1fffff,wetland,0.42,90
882830c4b3fffff,wetland,0.832,90
882830c4b5fffff,wetland,0.515,90
882830c4b7fffff,wetland,0.619,90
882830c4b9fffff,developed,0.696,50
882830c4bbfffff,developed,0.425,50
882830c4bdfffff,wetland,0.339,90
882830c4c1fffff,developed,0.766,50
882830c4c3fffff,developed,0.646,50
882830c4c5fffff,developed,0.627,50
882830c4c7fffff,developed,0.462,50
882830c4c9fffff,developed,0.606,50
882830c4cbfffff,developed,0.875,50
882830c4cdfffff,developed,0.72,50
882830c4d1fffff,developed,0.369,50
882830c4d3fffff,grassland,0.414,30
882830c4d5fffff,developed,0.508,50
882830c4d7fffff,grassland,0.481,30
882830c4d9fffff,developed,0.67,50
882830c4dbfffff,developed,0.529,50
882830c4ddfffff,developed,0.483,50
882830c4e1fffff,developed,0.691,50
882830c4e3fffff,developed,0.65,50
882830c4e5fffff,developed,0.722,50
882830c4e7fffff,developed,0.824,50
882830c4e9fffff,developed,0.636,50
882830c4ebfffff,developed,0.811,50
882830c4edfffff,developed,0.81,50
882830c501fffff,grassland,0.913,30
882830c503fffff,grassland,0.94,30
882830c505fffff,grassland,0.998,30
882830c507fffff,grassland,0.689,30
882830c509fffff,grassland,0.979,30
882830c50bfffff,grassland,0.995,30
882830c50dfffff,grassland,1.0,30
882830c511fffff,grassland,1.0,30
882830c513fffff,grassland,0.99,30
882830c515fffff,grassland,0.992,30
882830c517fffff,grassland,0.767,30
882830c519fffff,grassland,0.981,30
882830c51bfffff,grassland,0.999,30
882830c51dfffff,grassland,0.999,30
882830c521fffff,grassland,0.957,30
882830c523fffff,grassland,0.88,30
882830c525fffff,developed,0.654,50
882830c527fffff,grassland,0.751,30
882830c529fffff,grassland,0.989,30
882830c52bfffff,grassland,0.972,30
882830c52dfffff,grassland,0.733,30
882830c531fffff,grassland,0.614,30
882830c533fffff,developed,0.67,50
882830c535fffff,developed,0.653,50
882830c537fffff,developed,0.642,50
882830c539fffff,grassland,0.907,30
882830c53bfffff,developed,0.65,50
882830c53dfffff,grassland,0.938,30
882830c541fffff,grassland,0.83,30
882830c543fffff,grassland,0.974,30
882830c545fffff,grassland,0.929,30
882830c547fffff,grassland,0.998,30
882830c549fffff,grassland,0.438,30
882830c54bfffff,grassland,0.569,30
882830c54dfffff,grassland,0.94,30
882830c551fffff,grassland,0.886,30
882830c553fffff,grassland,0.929,30
882830c555fffff,grassland,0.98,30
882830c557fffff,grassland,0.98,30
882830c559fffff,woodland,0.472,10
882830c55bfffff,woodland,0.437,10
882830c55dfffff,grassland,0.921,30
882830c561fffff,grassland,0.989,30
882830c563fffff,grassland,0.999,30
882830c565fffff,grassland,0.926,30
882830c567fffff,grassland,0.987,30
882830c569fffff,grassland,0.872,30
882830c56bfffff,grassland,0.977,30
882830c56dfffff,grassland,0.956,30
882830c581fffff,grassland,0.98,30
882830c583fffff,grassland,0.978,30
882830c585fffff,developed,0.5,50
882830c587fffff,grassland,0.9,30
882830c589fffff,grassland,0.85,30
882830c58bfffff,grassland,0.97,30
882830c58dfffff,grassland,0.685,30
882830c591fffff,grassland,0.957,30
882830c593fffff,grassland,0.527,30
882830c595fffff,grassland,0.738,30
882830c597fffff,grassland,0.737,30
882830c599fffff,grassland,0.982,30
882830c59bfffff,grassland,0.883,30
882830c59dfffff,grassland,0.978,30
882830c5a1fffff,wetland,0.537,90
882830c5a3fffff,open water,0.626,80
882830c5a5fffff,wetland,0.784,90
882830c5a7fffff,open water,0.897,80
882830c5a9fffff,developed,0.737,50
882830c5abfffff,developed,0.428,50
882830c5adfffff,grassland,0.42,30
882830c5b1fffff,wetland,0.55,90
882830c5b3fffff,open water,0.972,80
882830c5b5fffff,open water,1.0,80
882830c5b7fffff,open water,1.0,80
882830c5b9fffff,grassland,0.766,30
882830c5bbfffff,wetland,0.575,90
882830c5bdfffff,grassland,0.365,30
882830c5c1fffff,grassland,0.984,30
882830c5c3fffff,grassland,0.743,30
882830c5c5fffff,grassland,0.968,30
882830c5c7fffff,grassland,0.841,30
882830c5c9fffff,grassland,0.924,30
882830c5cbfffff,grassland,0.845,30
882830c5cdfffff,grassland,0.999,30
882830c5d1fffff,grassland,0.683,30
882830c5d3fffff,grassland,0.703,30
882830c5d5fffff,grassland,0.859,30
882830c5d7fffff,grassland,0.979,30
882830c5d9fffff,grassland,0.795,30
882830c5dbfffff,grassland,0.459,30
882830c5ddfffff,grassland,0.662,30
882830c5e1fffff,developed,0.544,50
882830c5e3fffff,developed,0.513,50
882830c5e5fffff,developed,0.592,50
882830c5e7fffff,developed,0.734,50
882830c5e9fffff,developed,0.672,50
882830c5ebfffff,developed,0.474,50
882830c5edfffff,developed,0.668,50
882830c601fffff,developed,0.655,50
882830c603fffff,developed,0.537,50
882830c605fffff,woodland,0.515,10
882830c607fffff,developed,0.631,50
882830c609fffff,woodland,0.627,10
882830c60bfffff,developed,0.578,50
882830c60dfffff,woodland,0.571,10
882830c611fffff,developed,0.559,50
882830c613fffff,developed,0.615,50
882830c615fffff,woodland,0.572,10
882830c617fffff,developed,0.51,50
882830c619fffff,developed,0.533,50
882830c61bfffff,developed,0.62,50
882830c61dfffff,woodland,0.588,10
882830c621fffff,developed,0.437,50
882830c623fffff,developed,0.491,50
882830c625fffff,grassland,0.816,30
882830c627fffff,grassland,0.55,30
882830c629fffff,woodland,0.578,10
882830c62bfffff,developed,0.683,50
882830c62dfffff,grassland,0.481,30
882830c631fffff,developed,0.575,50
882830c633fffff,developed,0.53,50
882830c635fffff,developed,0.658,50
882830c637fffff,developed,0.602,50
882830c639fffff,developed,0.574,50
882830c63bfffff,woodland,0.51,10
882830c63dfffff,developed,0.64,50
882830c641fffff,woodland,0.508,10
882830c643fffff,woodland,0.493,10
882830c645fffff,grassland,0.83,30
882830c647fffff,grassland,0.791,30
882830c649fffff,woodland,0.748,10
882830c64bfffff,woodland,0.826,10
882830c64dfffff,woodland,0.644,10
882830c651fffff,developed,0.522,50
882830c653fffff,developed,0.968,50
882830c655fffff,woodland,0.785,10
882830c657fffff,woodland,0.531,10
882830c659fffff,developed,0.784,50
882830c65bfffff,developed,0.862,50
882830c65dfffff,woodland,0.685,10
882830c661fffff,woodland,0.528,10
882830c663fffff,developed,0.482,50
882830c665fffff,woodland,0.411,10
882830c667fffff,woodland,0.632,10
882830c669fffff,grassland,0.678,30
882830c66bfffff,woodland,0.531,10
882830c66dfffff,grassland,0.505,30
882830c681fffff,woodland,0.538,10
882830c683fffff,woodland,0.518,10
882830c685fffff,woodland,0.554,10
882830c687fffff,developed,0.541,50
882830c689fffff,woodland,0.526,10
882830c68bfffff,woodland,0.47,10
882830c68dfffff,developed,0.56,50
882830c691fffff,grassland,0.605,30
882830c693fffff,grassland,0.623,30
882830c695fffff,woodland,0.362,10
882830c697fffff,woodland,0.413,10
882830c699fffff,woodland,0.573,10
882830c69bfffff,grassland,0.66,30
882830c69dfffff,developed,0.501,50
882830c6a1fffff,developed,0.854,50
882830c6a3fffff,developed,0.674,50
882830c6a5fffff,developed,0.779,50
882830c6a7fffff,developed,0.763,50
882830c6a9fffff,developed,0.54,50
882830c6abfffff,developed,0.637,50
882830c6adfffff,developed,0.613,50
882830c6b1fffff,woodland,0.367,10
882830c6b3fffff,developed,0.612,50
882830c6b5fffff,developed,0.565,50
882830c6b7fffff,developed,0.649,50
882830c6b9fffff,woodland,0.442,10
882830c6bbfffff,woodland,0.402,10
882830c6bdfffff,woodland,0.405,10
882830c6c1fffff,woodland,0.623,10
882830c6c3fffff,woodland,0.565,10
882830c6c5fffff,woodland,0.529,10
882830c6c7fffff,woodland,0.588,10
882830c6c9fffff,woodland,0.609,10
882830c6cbfffff,woodland,0.669,10
882830c6cdfffff,woodland,0.551,10
882830c6d1fffff,woodland,0.545,10
882830c6d3fffff,woodland,0.498,10
882830c6d5fffff,woodland,0.722,10
882830c6d7fffff,woodland,0.518,10
882830c6d9fffff,woodland,0.691,10
882830c6dbfffff,woodland,0.84,10
882830c6ddfffff,woodland,0.736,10
882830c6e1fffff,developed,0.844,50
882830c6e3fffff,developed,0.506,50
882830c6e5fffff,developed,0.606,50
882830c6e7fffff,developed,0.538,50
882830c6e9fffff,developed,0.615,50
882830c6ebfffff,woodland,0.577,10
882830c6edfffff,developed,0.599,50
882830c701fffff,grassland,0.762,30
882830c703fffff,grassland,0.493,30
882830c705fffff,grassland,0.684,30
882830c707fffff,developed,0.564,50
882830c709fffff,grassland,0.338,30
882830c70bfffff,grassland,0.638,30
882830c70dfffff,woodland,0.386,10
882830c711fffff,grassland,0.853,30
882830c713fffff,developed,0.388,50
882830c715fffff,grassland,0.696,30
882830c717fffff,developed,0.497,50
882830c719fffff,grassland,0.432,30
882830c71bfffff,grassland,0.928,30
882830c71dfffff,grassland,0.589,30
882830c721fffff,developed,0.425,50
882830c723fffff,woodland,0.449,10
882830c725fffff,grassland,0.796,30
882830c727fffff,grassland,0.582,30
882830c729fffff,woodland,0.511,10
882830c72bfffff,developed,0.611,50
882830c72dfffff,developed,0.395,50
882830c731fffff,developed,0.729,50
882830c733fffff,developed,0.659,50
882830c735fffff,developed,0.537,50
882830c737fffff,developed,0.602,50
882830c739fffff,developed,0.587,50
882830c73bfffff,developed,0.661,50
882830c73dfffff,developed,0.704,50
882830c741fffff,woodland,0.487,10
882830c743fffff,grassland,0.674,30
882830c745fffff,woodland,0.728,10
882830c747fffff,woodland,0.514,10
882830c749fffff,grassland,0.737,30
882830c74bfffff,grassland,0.95,30
882830c74dfffff,woodland,0.768,10
882830c751fffff,grassland,0.927,30
882830c753fffff,grassland,0.681,30
882830c755fffff,grassland,0.738,30
882830c757fffff,grassland,0.961,30
882830c759fffff,grassland,0.99,30
882830c75bfffff,woodland,0.422,10
882830c75dfffff,grassland,0.919,30
882830c761fffff,grassland,0.781,30
882830c763fffff,grassland,0.399,30
882830c765fffff,developed,0.389,50
882830c767fffff,developed,0.531,50
882830c769fffff,woodland,0.739,10
882830c76bfffff,grassland,0.535,30
882830c76dfffff,grassland,0.639,30
882830c801fffff,grassland,0.75,30
882830c803fffff,wetland,0.751,90
882830c805fffff,grassland,0.907,30
882830c807fffff,grassland,0.929,30
882830c809fffff,cropland,0.408,40
882830c80bfffff,grassland,0.298,30
882830c80dfffff,grassland,0.711,30
882830c811fffff,wetland,0.418,90
882830c813fffff,open water,0.795,80
882830c815fffff,open water,0.526,80
882830c817fffff,open water,0.581,80
882830c819fffff,cropland,0.408,40
882830c81bfffff,cropland,0.535,40
882830c81dfffff,wetland,0.405,90
882830c821fffff,cropland,0.325,40
882830c823fffff,grassland,0.402,30
882830c825fffff,open water,0.385,80
882830c827fffff,grassland,0.566,30
882830c829fffff,grassland,0.84,30
882830c82bfffff,grassland,0.827,30
882830c82dfffff,grassland,0.646,30
882830c831fffff,grassland,0.499,30
882830c833fffff,grassland,0.608,30
882830c835fffff,grassland,0.535,30
882830c837fffff,grassland,0.554,30
882830c839fffff,wetland,0.314,90
882830c83bfffff,cropland,0.353,40
882830c83dfffff,grassland,0.535,30
882830c841fffff,cropland,0.623,40
882830c843fffff,cropland,0.591,40
882830c845fffff,cropland,0.776,40
882830c847fffff,cropland,0.675,40
882830c849fffff,cropland,0.693,40
882830c84bfffff,cropland,0.558,40
882830c84dfffff,cropland,0.695,40
882830c851fffff,developed,0.594,50
882830c853fffff,developed,0.732,50
882830c855fffff,cropland,0.612,40
882830c857fffff,developed,0.682,50
882830c859fffff,developed,0.592,50
882830c85bfffff,developed,0.671,50
882830c85dfffff,developed,0.412,50
882830c861fffff,grassland,0.646,30
882830c863fffff,grassland,0.811,30
882830c865fffff,developed,0.386,50
882830c867fffff,grassland,0.786,30
882830c869fffff,grassland,0.863,30
882830c86bfffff,grassland,0.658,30
882830c86dfffff,grassland,0.767,30
882830c881fffff,open water,1.0,80
882830c885fffff,open water,1.0,80
882830c889fffff,open water,0.487,80
882830c88bfffff,open water,0.747,80
882830c88dfffff,cropland,0.4,40
882830c8a1fffff,open water,0.663,80
882830c8a5fffff,open water,0.267,80
882830c8a7fffff,open water,0.303,80
882830c8a9fffff,open water,0.703,80
882830c8adfffff,cropland,0.786,40
882830c8c1fffff,open water,0.898,80
882830c8c3fffff,open water,0.941,80
882830c8c5fffff,open water,0.924,80
882830c8c7fffff,open water,0.371,80
882830c8c9fffff,developed,0.338,50
882830c8cbfffff,open water,0.494,80
882830c8cdfffff,wetland,0.388,90
882830c8d1fffff,open water,0.985,80
882830c8d5fffff,open water,0.983,80
882830c8d9fffff,grassland,0.233,30
882830c8dbfffff,open water,0.887,80
882830c8ddfffff,open water,0.501,80
882830c8e1fffff,grassland,0.629,30
882830c8e3fffff,grassland,0.547,30
882830c8e5fffff,grassland,0.616,30
882830c8e7fffff,grassland,0.668,30
882830c8e9fffff,open water,0.993,80
882830c8ebfffff,open water,0.401,80
882830c8edfffff,grassland,0.73,30
882830c901fffff,cropland,0.527,40
882830c903fffff,wetland,0.284,90
882830c905fffff,cropland,0.493,40
882830c907fffff,cropland,0.462,40
882830c909fffff,grassland,0.533,30
882830c90bfffff,grassland,0.447,30
882830c90dfffff,cropland,0.789,40
882830c911fffff,grassland,0.491,30
882830c913fffff,grassland,0.639,30
882830c915fffff,open water,0.721,80
882830c917fffff,open water,0.607,80
882830c919fffff,grassland,0.35,30
882830c91bfffff,grassland,0.534,30
882830c91dfffff,woodland,0.261,10
882830c921fffff,wetland,0.381,90
882830c923fffff,wetland,0.456,90
882830c927fffff,cropland,0.646,40
882830c929fffff,wetland,0.331,90
882830c92bfffff,wetland,0.332,90
882830c92dfffff,open water,0.338,80
882830c931fffff,open water,1.0,80
882830c933fffff,open water,1.0,80
882830c935fffff,open water,0.702,80
882830c937fffff,open water,1.0,80
882830c939fffff,open water,0.78,80
882830c93bfffff,open water,1.0,80
882830c93dfffff,open water,0.629,80
882830c941fffff,cropland,0.814,40
882830c943fffff,cropland,0.465,40
882830c945fffff,cropland,0.445,40
882830c947fffff,cropland,0.681,40
882830c949fffff,cropland,0.842,40
882830c94bfffff,wetland,0.407,90
882830c94dfffff,cropland,0.649,40
882830c951fffff,grassland,0.337,30
882830c953fffff,wetland,0.356,90
882830c955fffff,grassland,0.458,30
882830c957fffff,grassland,0.53,30
882830c959fffff,grassland,0.437,30
882830c95bfffff,grassland,0.416,30
882830c95dfffff,wetland,0.535,90
882830c961fffff,open water,0.622,80
882830c963fffff,open water,0.744,80
882830c967fffff,open water,0.787,80
882830c969fffff,cropland,0.632,40
882830c96bfffff,open water,0.428,80
882830c981fffff,open water,0.753,80
882830c983fffff,woodland,0.387,10
882830c985fffff,cropland,0.525,40
882830c987fffff,cropland,0.734,40
882830c989fffff,open water,0.543,80
882830c98bfffff,open water,0.685,80
882830c98dfffff,open water,0.687,80
882830c991fffff,grassland,0.507,30
882830c993fffff,open water,0.681,80
882830c995fffff,grassland,0.497,30
882830c997fffff,woodland,0.367,10
882830c999fffff,grassland,0.351,30
882830c99bfffff,open water,0.904,80
882830c99dfffff,grassland,0.412,30
882830c9a1fffff,cropland,0.616,40
882830c9a3fffff,cropland,0.559,40
882830c9a5fffff,cropland,0.881,40
882830c9a7fffff,cropland,0.7,40
882830c9a9fffff,open water,0.426,80
882830c9abfffff,cropland,0.476,40
882830c9adfffff,woodland,0.354,10
882830c9b1fffff,cropland,0.567,40
882830c9b3fffff,cropland,0.5,40
882830c9b5fffff,cropland,0.775,40
882830c9b7fffff,open water,0.559,80
882830c9b9fffff,cropland,0.293,40
882830c9bbfffff,cropland,0.412,40
882830c9bdfffff,cropland,0.534,40
882830c9c1fffff,grassland,0.835,30
882830c9c3fffff,grassland,0.741,30
882830c9c5fffff,grassland,0.702,30
882830c9c7fffff,grassland,0.603,30
882830c9c9fffff,grassland,0.784,30
882830c9cbfffff,grassland,0.675,30
882830c9cdfffff,grassland,0.879,30
882830c9d1fffff,grassland,0.652,30
882830c9d3fffff,cropland,0.502,40
882830c9d5fffff,cropland,0.393,40
882830c9d7fffff,cropland,0.6,40
882830c9d9fffff,grassland,0.532,30
882830c9dbfffff,grassland,0.498,30
882830c9ddfffff,grassland,0.745,30
882830c9e1fffff,open water,0.994,80
882830c9e3fffff,open water,0.665,80
882830c9e5fffff,open water,1.0,80
882830c9e7fffff,open water,0.975,80
882830c9e9fffff,open water,0.592,80
882830c9ebfffff,open water,0.65,80
882830c9edfffff,open water,1.0,80
882830ca01fffff,developed,0.672,50
882830ca03fffff,developed,0.581,50
882830ca05fffff,cropland,0.775,40
882830ca07fffff,developed,0.442,50
882830ca09fffff,developed,0.777,50
882830ca0bfffff,developed,0.845,50
882830ca0dfffff,cropland,0.421,40
882830ca11fffff,developed,0.786,50
882830ca13fffff,developed,0.517,50
882830ca15fffff,developed,0.431,50
882830ca17fffff,developed,0.686,50
882830ca19fffff,developed,0.712,50
882830ca1bfffff,developed,0.57,50
882830ca1dfffff,developed,0.45,50
882830ca21fffff,cropland,0.489,40
882830ca23fffff,cropland,0.387,40
882830ca25fffff,cropland,0.433,40
882830ca27fffff,cropland,0.655,40
882830ca29fffff,cropland,0.792,40
882830ca2bfffff,cropland,0.864,40
882830ca2dfffff,cropland,0.463,40
882830ca31fffff,grassland,0.291,30
882830ca33fffff,grassland,0.345,30
882830ca35fffff,cropland,0.706,40
882830ca37fffff,grassland,0.257,30
882830ca39fffff,developed,0.717,50
882830ca3bfffff,developed,0.56,50
882830ca3dfffff,cropland,0.352,40
882830ca41fffff,cropland,0.506,40
882830ca43fffff,developed,0.718,50
882830ca45fffff,cropland,0.422,40
882830ca47fffff,developed,0.802,50
882830ca49fffff,cropland,0.821,40
882830ca4bfffff,cropland,0.544,40
882830ca4dfffff,cropland,0.74,40
882830ca51fffff,developed,0.697,50
882830ca53fffff,developed,0.811,50
882830ca55fffff,developed,0.766,50
882830ca57fffff,developed,0.65,50
882830ca59fffff,developed,0.396,50
882830ca5bfffff,developed,0.647,50
882830ca5dfffff,developed,0.613,50
882830ca61fffff,cropland,0.862,40
882830ca63fffff,cropland,0.776,40
882830ca65fffff,cropland,0.814,40
882830ca67fffff,cropland,0.755,40
882830ca69fffff,cropland,0.84,40
882830ca6bfffff,cropland,0.538,40
882830ca6dfffff,cropland,0.652,40
882830ca81fffff,grassland,0.382,30
882830ca83fffff,developed,0.506,50
882830ca85fffff,developed,0.757,50
882830ca87fffff,developed,0.696,50
882830ca89fffff,grassland,0.367,30
882830ca8bfffff,grassland,0.457,30
882830ca8dfffff,developed,0.413,50
882830ca91fffff,grassland,0.548,30
882830ca93fffff,developed,0.358,50
882830ca95fffff,developed,0.446,50
882830ca97fffff,grassland,0.501,30
882830ca99fffff,developed,0.54,50
882830ca9bfffff,developed,0.489,50
882830ca9dfffff,developed,0.638,50
882830caa1fffff,developed,0.728,50
882830caa3fffff,developed,0.844,50
882830caa5fffff,developed,0.374,50
882830caa7fffff,developed,0.465,50
882830caa9fffff,developed,0.706,50
882830caabfffff,developed,0.887,50
882830caadfffff,grassland,0.407,30
882830cab1fffff,developed,0.495,50
882830cab3fffff,bare ground,0.275,60
882830cab5fffff,developed,0.731,50
882830cab7fffff,cropland,0.274,40
882830cab9fffff,developed,0.331,50
882830cabbfffff,developed,0.406,50
882830cabdfffff,developed,0.775,50
882830cac1fffff,developed,0.537,50
882830cac3fffff,developed,0.816,50
882830cac5fffff,developed,0.702,50
882830cac7fffff,developed,0.448,50
882830cac9fffff,cropland,0.505,40
882830cacbfffff,cropland,0.405,40
882830cacdfffff,developed,0.699,50
882830cad1fffff,developed,0.784,50
882830cad3fffff,developed,0.625,50
882830cad5fffff,developed,0.587,50
882830cad7fffff,developed,0.707,50
882830cad9fffff,developed,0.719,50
882830cadbfffff,developed,0.485,50
882830caddfffff,developed,0.789,50
882830cae1fffff,developed,0.48,50
882830cae3fffff,developed,0.62,50
882830cae5fffff,grassland,0.339,30
882830cae7fffff,developed,0.326,50
882830cae9fffff,developed,0.664,50
882830caebfffff,developed,0.776,50
882830caedfffff,developed,0.399,50
882830cb01fffff,cropland,0.751,40
882830cb03fffff,grassland,0.605,30
882830cb05fffff,cropland,0.759,40
882830cb07fffff,cropland,1.0,40
882830cb09fffff,cropland,0.681,40
882830cb0bfffff,cropland,0.525,40
882830cb0dfffff,cropland,0.67,40
882830cb11fffff,grassland,0.577,30
882830cb13fffff,grassland,0.68,30
882830cb15fffff,grassland,0.636,30
882830cb17fffff,grassland,0.688,30
882830cb19fffff,grassland,0.459,30
882830cb1bfffff,cropland,0.583,40
882830cb1dfffff,grassland,0.629,30
882830cb21fffff,cropland,0.647,40
882830cb23fffff,cropland,0.601,40
882830cb25fffff,cropland,0.456,40
882830cb27fffff,cropland,0.818,40
882830cb29fffff,cropland,0.963,40
882830cb2bfffff,cropland,0.785,40
882830cb2dfffff,cropland,0.912,40
882830cb31fffff,cropland,0.507,40
882830cb33fffff,grassland,0.442,30
882830cb35fffff,cropland,0.543,40
882830cb37fffff,grassland,0.494,30
882830cb39fffff,cropland,0.713,40
882830cb3bfffff,grassland,0.426,30
882830cb3dfffff,cropland,0.93,40
882830cb41fffff,grassland,0.412,30
882830cb43fffff,cropland,0.474,40
882830cb45fffff,grassland,0.501,30
882830cb47fffff,cropland,0.359,40
882830cb49fffff,developed,0.604,50
882830cb4bfffff,cropland,0.668,40
882830cb4dfffff,grassland,0.454,30
882830cb51fffff,cropland,0.751,40
882830cb53fffff,cropland,0.408,40
882830cb55fffff,cropland,0.689,40
882830cb57fffff,cropland,0.486,40
882830cb59fffff,cropland,0.891,40
882830cb5bfffff,cropland,0.449,40
882830cb5dfffff,cropland,0.904,40
882830cb61fffff,cropland,0.988,40
882830cb63fffff,cropland,0.971,40
882830cb65fffff,cropland,0.988,40
882830cb67fffff,cropland,0.936,40
882830cb69fffff,cropland,0.591,40
882830cb6bfffff,cropland,0.903,40
882830cb6dfffff,cropland,0.619,40
882830cc01fffff,open water,0.995,80
882830cc03fffff,open water,0.863,80
882830cc09fffff,open water,0.882,80
882830cc0bfffff,open water,0.87,80
882830cc1dfffff,open water,0.97,80
882830cc41fffff,open water,0.841,80
882830cc43fffff,wetland,0.636,90
882830cc47fffff,open water,0.944,80
882830cc49fffff,wetland,0.514,90
882830cc4bfffff,wetland,0.617,90
882830cc4dfffff,open water,0.992,80
882830cc51fffff,open water,0.981,80
882830cc53fffff,open water,0.98,80
882830cc55fffff,open water,0.468,80
882830cc57fffff,open water,1.0,80
882830cc59fffff,wetland,0.844,90
882830cc5bfffff,open water,1.0,80
882830cc5dfffff,wetland,0.706,90
882830ce01fffff,developed,0.693,50
882830ce03fffff,developed,0.773,50
882830ce05fffff,developed,0.562,50
882830ce07fffff,developed,0.685,50
882830ce09fffff,developed,0.851,50
882830ce0bfffff,developed,0.817,50
882830ce0dfffff,developed,0.561,50
882830ce11fffff,developed,0.849,50
882830ce13fffff,developed,0.9,50
882830ce15fffff,developed,0.842,50
882830ce17fffff,developed,0.719,50
882830ce19fffff,developed,0.875,50
882830ce1bfffff,developed,0.839,50
882830ce1dfffff,developed,0.744,50
882830ce21fffff,grassland,0.371,30
882830ce23fffff,developed,0.403,50
882830ce25fffff,wetland,0.395,90
882830ce27fffff,open water,0.696,80
882830ce29fffff,developed,0.605,50
882830ce2bfffff,grassland,0.442,30
882830ce2dfffff,developed,0.526,50
882830ce31fffff,developed,0.735,50
882830ce33fffff,open water,0.342,80
882830ce35fffff,open water,0.451,80
882830ce37fffff,wetland,0.793,90
882830ce39fffff,developed,0.456,50
882830ce3bfffff,developed,0.656,50
882830ce3dfffff,developed,0.65,50
882830ce41fffff,grassland,0.934,30
882830ce43fffff,grassland,0.774,30
882830ce45fffff,grassland,0.547,30
882830ce47fffff,developed,0.383,50
882830ce49fffff,grassland,0.972,30
882830ce4bfffff,grassland,0.96,30
882830ce4dfffff,grassland,0.969,30
882830ce51fffff,developed,0.533,50
882830ce53fffff,developed,0.702,50
882830ce55fffff,developed,0.821,50
882830ce57fffff,developed,0.682,50
882830ce59fffff,grassland,0.99,30
882830ce5bfffff,grassland,0.729,30
882830ce5dfffff,grassland,0.929,30
882830ce61fffff,developed,0.81,50
882830ce63fffff,developed,0.787,50
882830ce65fffff,developed,0.829,50
882830ce67fffff,developed,0.861,50
882830ce69fffff,grassland,0.501,30
882830ce6bfffff,cropland,0.393,40
882830ce6dfffff,developed,0.72,50
882830ce81fffff,open water,0.982,80
882830ce85fffff,open water,0.794,80
882830ce89fffff,wetland,0.51,90
882830ce8bfffff,open water,0.592,80
882830ce8dfffff,open water,0.559,80
882830ce91fffff,open water,1.0,80
882830ce99fffff,wetland,0.58,90
882830ce9bfffff,open water,0.971,80
882830ce9dfffff,open water,0.967,80
882830cec1fffff,developed,0.874,50
882830cec3fffff,developed,0.393,50
882830cec5fffff,developed,0.514,50
882830cec7fffff,grassland,0.383,30
882830cec9fffff,developed,0.597,50
882830cecbfffff,developed,0.826,50
882830cecdfffff,developed,0.56,50
882830ced1fffff,developed,0.339,50
882830ced3fffff,wetland,0.476,90
882830ced5fffff,wetland,0.541,90
882830ced7fffff,wetland,0.938,90
882830ced9fffff,developed,0.762,50
882830cedbfffff,developed,0.456,50
882830ceddfffff,developed,0.724,50
882830cee1fffff,developed,0.706,50
882830cee3fffff,open water,0.835,80
882830cee5fffff,open water,0.656,80
882830cee7fffff,open water,0.989,80
882830cee9fffff,developed,0.773,50
882830ceebfffff,grassland,0.313,30
882830ceedfffff,developed,0.775,50
882830cf01fffff,open water,0.788,80
882830cf09fffff,developed,0.457,50
882830cf0bfffff,open water,0.791,80
882830cf0dfffff,open water,0.589,80
882830cf19fffff,open water,0.642,80
882830cf1bfffff,open water,0.81,80
882830cf1dfffff,wetland,0.526,90
882830cf29fffff,open water,0.743,80
882830cf2dfffff,open water,0.726,80
882830cf41fffff,developed,0.708,50
882830cf43fffff,developed,0.833,50
882830cf45fffff,developed,0.436,50
882830cf47fffff,developed,0.662,50
882830cf49fffff,developed,0.757,50
882830cf4bfffff,developed,0.824,50
882830cf4dfffff,developed,0.658,50
882830cf51fffff,developed,0.823,50
882830cf53fffff,developed,0.74,50
882830cf55fffff,developed,0.709,50
882830cf57fffff,developed,0.474,50
882830cf59fffff,developed,0.827,50
882830cf5bfffff,developed,0.665,50
882830cf5dfffff,developed,0.895,50
882830cf61fffff,grassland,0.456,30
882830cf63fffff,open water,0.69,80
882830cf65fffff,developed,0.597,50
882830cf67fffff,open water,0.602,80
882830cf69fffff,developed,0.561,50
882830cf6bfffff,developed,0.536,50
882830cf6dfffff,developed,0.395,50
882830d001fffff,grassland,0.998,30
882830d003fffff,grassland,0.977,30
882830d005fffff,grassland,0.885,30
882830d007fffff,grassland,0.956,30
882830d00bfffff,grassland,0.951,30
882830d011fffff,grassland,0.962,30
882830d013fffff,grassland,0.946,30
882830d015fffff,grassland,0.969,30
882830d017fffff,grassland,0.998,30
882830d019fffff,grassland,0.979,30
882830d01bfffff,grassland,0.979,30
882830d01dfffff,grassland,0.992,30
882830d021fffff,grassland,0.823,30
882830d023fffff,grassland,0.796,30
882830d025fffff,grassland,0.925,30
882830d027fffff,grassland,0.809,30
882830d029fffff,grassland,0.852,30
882830d02bfffff,grassland,0.933,30
882830d02dfffff,grassland,0.896,30
882830d031fffff,grassland,0.935,30
882830d033fffff,grassland,0.897,30
882830d035fffff,grassland,0.924,30
882830d037fffff,grassland,0.929,30
882830d039fffff,grassland,0.982,30
882830d03bfffff,grassland,0.952,30
882830d03dfffff,grassland,0.965,30
882830d053fffff,grassland,0.664,30
882830d057fffff,grassland,0.96,30
882830d081fffff,developed,0.548,50
882830d083fffff,developed,0.593,50
882830d085fffff,grassland,0.711,30
882830d087fffff,grassland,0.693,30
882830d089fffff,grassland,0.926,30
882830d08bfffff,grassland,0.801,30
882830d08dfffff,grassland,0.979,30
882830d091fffff,developed,0.46,50
882830d093fffff,grassland,0.618,30
882830d095fffff,developed,0.36,50
882830d097fffff,woodland,0.433,10
882830d099fffff,grassland,0.518,30
882830d09bfffff,developed,0.572,50
882830d09dfffff,developed,0.642,50
882830d0a1fffff,grassland,0.794,30
882830d0a3fffff,grassland,0.888,30
882830d0a5fffff,grassland,0.905,30
882830d0a7fffff,grassland,0.862,30
882830d0a9fffff,grassland,0.535,30
882830d0abfffff,grassland,0.693,30
882830d0adfffff,grassland,0.913,30
882830d0b1fffff,grassland,0.622,30
882830d0b3fffff,grassland,0.908,30
882830d0b5fffff,grassland,0.924,30
882830d0b7fffff,grassland,0.713,30
882830d0b9fffff,woodland,0.519,10
882830d0bbfffff,grassland,0.477,30
882830d0bdfffff,grassland,0.97,30
882830d0c1fffff,grassland,0.994,30
882830d0c3fffff,grassland,0.967,30
882830d0c5fffff,grassland,0.86,30
882830d0c7fffff,grassland,0.986,30
882830d0c9fffff,grassland,0.941,30
882830d0cbfffff,grassland,0.804,30
882830d0cdfffff,grassland,0.67,30
882830d0d1fffff,grassland,0.522,30
882830d0d3fffff,grassland,0.979,30
882830d0d5fffff,grassland,0.862,30
882830d0d7fffff,grassland,0.616,30
882830d0d9fffff,developed,0.559,50
882830d0dbfffff,developed,0.554,50
882830d0ddfffff,grassland,0.916,30
882830d0e1fffff,grassland,0.98,30
882830d0e3fffff,grassland,0.577,30
882830d0e5fffff,grassland,0.99,30
882830d0e7fffff,grassland,0.908,30
882830d0e9fffff,grassland,0.815,30
882830d0ebfffff,grassland,0.614,30
882830d0edfffff,grassland,0.915,30
882830d101fffff,grassland,0.983,30
882830d103fffff,grassland,1.0,30
882830d105fffff,grassland,0.996,30
882830d107fffff,grassland,0.931,30
882830d10bfffff,grassland,0.932,30
882830d111fffff,grassland,0.957,30
882830d113fffff,grassland,0.939,30
882830d115fffff,grassland,1.0,30
882830d117fffff,grassland,0.923,30
882830d119fffff,grassland,0.899,30
882830d11bfffff,grassland,0.916,30
882830d11dfffff,grassland,1.0,30
882830d121fffff,grassland,0.99,30
882830d123fffff,grassland,0.999,30
882830d125fffff,grassland,0.988,30
882830d127fffff,grassland,0.986,30
882830d129fffff,grassland,0.964,30
882830d12bfffff,grassland,0.967,30
882830d12dfffff,grassland,0.952,30
882830d131fffff,grassland,0.522,30
882830d133fffff,woodland,0.556,10
882830d135fffff,grassland,0.967,30
882830d137fffff,grassland,0.622,30
882830d139fffff,grassland,0.91,30
882830d13bfffff,grassland,0.919,30
882830d13dfffff,grassland,0.917,30
882830d153fffff,grassland,0.605,30
882830d157fffff,grassland,0.875,30
882830d181fffff,grassland,0.538,30
882830d183fffff,woodland,0.54,10
882830d185fffff,grassland,0.916,30
882830d187fffff,grassland,0.796,30
882830d189fffff,grassland,0.938,30
882830d18bfffff,grassland,0.866,30
882830d18dfffff,grassland,0.823,30
882830d191fffff,grassland,0.639,30
882830d193fffff,grassland,0.54,30
882830d195fffff,grassland,0.598,30
882830d197fffff,grassland,0.805,30
882830d199fffff,grassland,0.874,30
882830d19bfffff,woodland,0.475,10
882830d19dfffff,grassland,0.93,30
882830d1a1fffff,woodland,0.584,10
882830d1a3fffff,woodland,0.541,10
882830d1a5fffff,woodland,0.826,10
882830d1a7fffff,woodland,0.874,10
882830d1a9fffff,grassland,0.532,30
882830d1abfffff,grassland,0.702,30
882830d1adfffff,woodland,0.473,10
882830d1b1fffff,woodland,0.674,10
882830d1b3fffff,woodland,0.697,10
882830d1b5fffff,woodland,0.631,10
882830d1b7fffff,grassland,0.606,30
882830d1b9fffff,grassland,0.612,30
882830d1bbfffff,grassland,0.552,30
882830d1bdfffff,woodland,0.877,10
882830d1c1fffff,grassland,0.956,30
882830d1c3fffff,grassland,0.9,30
882830d1c5fffff,grassland,0.978,30
882830d1c7fffff,grassland,0.987,30
882830d1c9fffff,grassland,0.884,30
882830d1cbfffff,grassland,0.852,30
882830d1cdfffff,grassland,0.905,30
882830d1d1fffff,grassland,0.794,30
882830d1d3fffff,grassland,0.901,30
882830d1d5fffff,grassland,0.982,30
882830d1d7fffff,grassland,0.942,30
882830d1d9fffff,grassland,0.952,30
882830d1dbfffff,grassland,0.684,30
882830d1ddfffff,grassland,0.991,30
882830d1e1fffff,grassland,0.877,30
882830d1e3fffff,woodland,0.575,10
882830d1e5fffff,grassland,0.722,30
882830d1e7fffff,grassland,0.505,30
882830d1e9fffff,grassland,0.979,30
882830d1ebfffff,grassland,0.758,30
882830d1edfffff,grassland,0.968,30
882830d281fffff,grassland,0.939,30
882830d283fffff,grassland,0.999,30
882830d285fffff,grassland,0.991,30
882830d287fffff,grassland,0.992,30
882830d28bfffff,grassland,0.638,30
882830d291fffff,grassland,0.664,30
882830d293fffff,grassland,0.557,30
882830d295fffff,grassland,0.676,30
882830d297fffff,grassland,0.715,30
882830d299fffff,grassland,0.398,30
882830d29bfffff,developed,0.519,50
882830d29dfffff,developed,0.384,50
882830d2a1fffff,grassland,0.799,30
882830d2a3fffff,grassland,0.958,30
882830d2a5fffff,grassland,0.995,30
882830d2a7fffff,grassland,0.772,30
882830d2a9fffff,grassland,0.597,30
882830d2abfffff,grassland,0.644,30
882830d2adfffff,grassland,0.777,30
882830d2b1fffff,grassland,0.456,30
882830d2b3fffff,developed,0.589,50
882830d2b5fffff,grassland,0.484,30
882830d2b7fffff,developed,0.672,50
882830d2b9fffff,grassland,0.627,30
882830d2bbfffff,grassland,0.465,30
882830d2bdfffff,developed,0.689,50
882830d2d3fffff,developed,0.75,50
882830d2d7fffff,grassland,0.626,30
882830d401fffff,woodland,0.734,10
882830d403fffff,woodland,0.843,10
882830d405fffff,woodland,0.634,10
882830d407fffff,developed,0.596,50
882830d409fffff,woodland,0.643,10
882830d40bfffff,woodland,0.868,10
882830d40dfffff,woodland,0.561,10
882830d411fffff,woodland,0.686,10
882830d413fffff,woodland,0.687,10
882830d415fffff,woodland,0.856,10
882830d417fffff,woodland,0.889,10
882830d419fffff,woodland,0.966,10
882830d41bfffff,woodland,0.952,10
882830d41dfffff,woodland,0.925,10
882830d421fffff,grassland,0.497,30
882830d423fffff,woodland,0.562,10
882830d425fffff,grassland,0.582,30
882830d427fffff,woodland,0.573,10
882830d429fffff,woodland,0.573,10
882830d42bfffff,woodland,0.581,10
882830d42dfffff,grassland,0.653,30
882830d431fffff,woodland,0.569,10
882830d433fffff,woodland,0.583,10
882830d435fffff,woodland,0.806,10
882830d437fffff,woodland,0.772,10
882830d439fffff,woodland,0.579,10
882830d43bfffff,woodland,0.59,10
882830d43dfffff,woodland,0.625,10
882830d441fffff,woodland,0.557,10
882830d443fffff,grassland,0.648,30
882830d445fffff,grassland,0.607,30
882830d447fffff,grassland,0.515,30
882830d449fffff,grassland,0.52,30
882830d44bfffff,woodland,0.523,10
882830d44dfffff,grassland,0.818,30
882830d451fffff,woodland,0.646,10
882830d453fffff,woodland,0.649,10
882830d455fffff,woodland,0.571,10
882830d457fffff,woodland,0.915,10
882830d459fffff,woodland,0.669,10
882830d45bfffff,woodland,0.732,10
882830d45dfffff,grassland,0.772,30
882830d461fffff,woodland,0.553,10
882830d463fffff,woodland,0.696,10
882830d465fffff,grassland,0.704,30
882830d467fffff,woodland,0.622,10
882830d469fffff,woodland,0.664,10
882830d46bfffff,woodland,0.538,10
882830d46dfffff,woodland,0.46,10
882830d481fffff,woodland,0.447,10
882830d483fffff,grassland,0.553,30
882830d485fffff,woodland,0.862,10
882830d487fffff,woodland,0.861,10
882830d489fffff,woodland,0.663,10
882830d48bfffff,woodland,0.527,10
882830d48dfffff,woodland,0.89,10
882830d491fffff,woodland,0.413,10
882830d493fffff,grassland,0.434,30
882830d495fffff,grassland,0.437,30
882830d497fffff,woodland,0.481,10
882830d499fffff,woodland,0.774,10
882830d49bfffff,woodland,0.584,10
882830d49dfffff,woodland,0.43,10
882830d4a1fffff,woodland,0.465,10
882830d4a3fffff,woodland,0.448,10
882830d4a5fffff,woodland,0.545,10
882830d4a7fffff,woodland,0.441,10
882830d4a9fffff,woodland,0.665,10
882830d4abfffff,woodland,0.443,10
882830d4adfffff,woodland,0.7,10
882830d4b1fffff,woodland,0.801,10
882830d4b3fffff,woodland,0.762,10
882830d4b5fffff,woodland,0.699,10
882830d4b7fffff,woodland,0.516,10
882830d4b9fffff,woodland,0.714,10
882830d4bbfffff,woodland,0.623,10
882830d4bdfffff,woodland,0.679,10
882830d4c1fffff,woodland,0.932,10
882830d4c3fffff,woodland,0.77,10
882830d4c5fffff,woodland,0.867,10
882830d4c7fffff,woodland,0.943,10
882830d4c9fffff,woodland,0.915,10
882830d4cbfffff,woodland,0.864,10
882830d4cdfffff,woodland,0.881,10
882830d4d1fffff,woodland,0.646,10
882830d4d3fffff,woodland,0.66,10
882830d4d5fffff,woodland,0.859,10
882830d4d7fffff,woodland,0.875,10
882830d4d9fffff,grassland,0.684,30
882830d4dbfffff,grassland,0.662,30
882830d4ddfffff,woodland,0.612,10
882830d4e1fffff,woodland,0.517,10
882830d4e3fffff,woodland,0.702,10
882830d4e5fffff,woodland,0.712,10
882830d4e7fffff,woodland,0.711,10
882830d4e9fffff,woodland,0.846,10
882830d4ebfffff,woodland,0.868,10
882830d4edfffff,woodland,0.486,10
882830d501fffff,grassland,0.837,30
882830d503fffff,grassland,0.589,30
882830d505fffff,grassland,0.481,30
882830d507fffff,woodland,0.526,10
882830d509fffff,woodland,0.467,10
882830d50bfffff,woodland,0.742,10
882830d50dfffff,grassland,0.599,30
882830d511fffff,woodland,0.597,10
882830d513fffff,grassland,0.575,30
882830d515fffff,grassland,0.54,30
882830d517fffff,woodland,0.601,10
882830d519fffff,woodland,0.576,10
882830d51bfffff,woodland,0.491,10
882830d51dfffff,grassland,0.592,30
882830d521fffff,woodland,0.949,10
882830d523fffff,woodland,0.55,10
882830d525fffff,woodland,0.91,10
882830d527fffff,woodland,0.652,10
882830d529fffff,woodland,0.651,10
882830d52bfffff,woodland,0.88,10
882830d52dfffff,woodland,0.817,10
882830d531fffff,grassland,0.5,30
882830d533fffff,woodland,0.516,10
882830d535fffff,grassland,0.543,30
882830d537fffff,woodland,0.644,10
882830d539fffff,woodland,0.694,10
882830d53bfffff,woodland,0.737,10
882830d53dfffff,woodland,0.689,10
882830d541fffff,grassland,0.618,30
882830d543fffff,grassland,0.824,30
882830d545fffff,woodland,0.535,10
882830d547fffff,grassland,0.575,30
882830d549fffff,woodland,0.488,10
882830d54bfffff,grassland,0.652,30
882830d54dfffff,woodland,0.456,10
882830d551fffff,grassland,0.932,30
882830d553fffff,grassland,0.873,30
882830d555fffff,grassland,0.475,30
882830d557fffff,grassland,0.45,30
882830d559fffff,grassland,0.442,30
882830d55bfffff,grassland,0.55,30
882830d55dfffff,grassland,0.928,30
882830d561fffff,grassland,0.728,30
882830d563fffff,grassland,0.54,30
882830d565fffff,grassland,0.503,30
882830d567fffff,woodland,0.662,10
882830d569fffff,grassland,0.465,30
882830d56bfffff,grassland,0.467,30
882830d56dfffff,woodland,0.499,10
882830d581fffff,woodland,0.52,10
882830d583fffff,woodland,0.603,10
882830d585fffff,grassland,0.648,30
882830d587fffff,woodland,0.486,10
882830d589fffff,grassland,0.955,30
882830d58bfffff,grassland,0.924,30
882830d58dfffff,grassland,0.764,30
882830d591fffff,grassland,0.854,30
882830d593fffff,grassland,0.744,30
882830d595fffff,grassland,0.623,30
882830d597fffff,grassland,0.702,30
882830d599fffff,grassland,0.441,30
882830d59bfffff,grassland,0.893,30
882830d59dfffff,grassland,0.766,30
882830d5a1fffff,woodland,0.508,10
882830d5a3fffff,grassland,0.55,30
882830d5a5fffff,woodland,0.794,10
882830d5a7fffff,woodland,0.66,10
882830d5a9fffff,grassland,0.781,30
882830d5abfffff,grassland,0.682,30
882830d5adfffff,grassland,0.808,30
882830d5b1fffff,grassland,0.995,30
882830d5b3fffff,grassland,0.926,30
882830d5b5fffff,grassland,0.892,30
882830d5b7fffff,grassland,0.959,30
882830d5b9fffff,grassland,0.915,30
882830d5bbfffff,grassland,0.729,30
882830d5bdfffff,grassland,0.791,30
882830d5c1fffff,woodland,0.527,10
882830d5c3fffff,grassland,0.678,30
882830d5c5fffff,grassland,0.565,30
882830d5c7fffff,woodland,0.638,10
882830d5c9fffff,woodland,0.395,10
882830d5cbfffff,grassland,0.49,30
882830d5cdfffff,woodland,0.638,10
882830d5d1fffff,woodland,0.576,10
882830d5d3fffff,woodland,0.618,10
882830d5d5fffff,grassland,0.458,30
882830d5d7fffff,grassland,0.526,30
882830d5d9fffff,woodland,0.67,10
882830d5dbfffff,woodland,0.682,10
882830d5ddfffff,woodland,0.568,10
882830d5e1fffff,woodland,0.547,10
882830d5e3fffff,grassland,0.562,30
882830d5e5fffff,grassland,0.55,30
882830d5e7fffff,grassland,0.658,30
882830d5e9fffff,grassland,0.468,30
882830d5ebfffff,woodland,0.495,10
882830d5edfffff,woodland,0.72,10
882830d60dfffff,grassland,0.906,30
882830d621fffff,grassland,0.526,30
882830d623fffff,grassland,0.851,30
882830d625fffff,developed,0.537,50
882830d627fffff,grassland,0.529,30
882830d629fffff,grassland,0.899,30
882830d62bfffff,grassland,0.699,30
882830d62dfffff,grassland,0.59,30
882830d631fffff,grassland,0.832,30
882830d633fffff,grassland,0.532,30
882830d635fffff,grassland,0.861,30
882830d637fffff,grassland,0.555,30
882830d661fffff,woodland,0.603,10
882830d663fffff,grassland,0.717,30
882830d665fffff,grassland,0.562,30
882830d667fffff,grassland,0.588,30
882830d669fffff,grassland,0.886,30
882830d66bfffff,grassland,0.888,30
882830d66dfffff,woodland,0.384,10
882830d681fffff,woodland,0.593,10
882830d683fffff,grassland,0.583,30
882830d685fffff,woodland,0.709,10
882830d687fffff,woodland,0.504,10
882830d68bfffff,woodland,0.617,10
882830d691fffff,woodland,0.505,10
882830d693fffff,grassland,0.869,30
882830d695fffff,woodland,0.518,10
882830d697fffff,grassland,0.813,30
882830d699fffff,grassland,0.579,30
882830d69bfffff,grassland,0.674,30
882830d69dfffff,woodland,0.647,10
882830d6a1fffff,woodland,0.564,10
882830d6a3fffff,grassland,0.635,30
882830d6a5fffff,woodland,0.704,10
882830d6a7fffff,woodland,0.841,10
882830d6a9fffff,grassland,0.552,30
882830d6abfffff,grassland,0.498,30
882830d6adfffff,woodland,0.765,10
882830d6b1fffff,woodland,0.594,10
882830d6b3fffff,woodland,0.616,10
882830d6b5fffff,woodland,0.565,10
882830d6b7fffff,woodland,0.734,10
882830d6b9fffff,woodland,0.649,10
882830d6bbfffff,grassland,0.532,30
882830d6bdfffff,woodland,0.515,10
882830d6e3fffff,woodland,0.778,10
882830d6e5fffff,woodland,0.526,10
882830d6e7fffff,grassland,0.605,30
882830d701fffff,grassland,0.569,30
882830d703fffff,woodland,0.342,10
882830d705fffff,grassland,0.44,30
882830d707fffff,developed,0.395,50
882830d709fffff,developed,0.425,50
882830d70bfffff,developed,0.511,50
882830d70dfffff,developed,0.442,50
882830d711fffff,developed,0.579,50
882830d713fffff,developed,0.403,50
882830d715fffff,woodland,0.438,10
882830d717fffff,woodland,0.522,10
882830d719fffff,developed,0.673,50
882830d71bfffff,grassland,0.449,30
882830d71dfffff,developed,0.792,50
882830d721fffff,developed,0.438,50
882830d723fffff,grassland,0.827,30
882830d725fffff,grassland,0.793,30
882830d727fffff,developed,0.594,50
882830d729fffff,grassland,0.539,30
882830d72bfffff,grassland,0.503,30
882830d72dfffff,grassland,0.45,30
882830d731fffff,grassland,0.929,30
882830d733fffff,grassland,0.799,30
882830d735fffff,woodland,0.436,10
882830d737fffff,grassland,0.34,30
882830d739fffff,woodland,0.345,10
882830d73bfffff,woodland,0.385,10
882830d73dfffff,grassland,0.686,30
882830d741fffff,developed,0.694,50
882830d743fffff,woodland,0.506,10
882830d745fffff,developed,0.525,50
882830d747fffff,developed,0.442,50
882830d749fffff,developed,0.739,50
882830d74bfffff,developed,0.443,50
882830d74dfffff,developed,0.759,50
882830d751fffff,developed,0.554,50
882830d753fffff,developed,0.56,50
882830d755fffff,developed,0.658,50
882830d757fffff,developed,0.608,50
882830d759fffff,woodland,0.493,10
882830d75bfffff,woodland,0.52,10
882830d75dfffff,developed,0.472,50
882830d761fffff,grassland,0.598,30
882830d763fffff,grassland,0.439,30
882830d765fffff,developed,0.762,50
882830d767fffff,developed,0.43,50
882830d769fffff,grassland,0.983,30
882830d76bfffff,grassland,0.717,30
882830d76dfffff,grassland,0.506,30
882830d801fffff,grassland,0.935,30
882830d803fffff,grassland,0.991,30
882830d805fffff,grassland,0.905,30
882830d807fffff,grassland,0.922,30
882830d809fffff,grassland,0.994,30
882830d80bfffff,grassland,0.986,30
882830d80dfffff,grassland,0.969,30
882830d811fffff,grassland,0.985,30
882830d813fffff,grassland,0.915,30
882830d815fffff,grassland,0.988,30
882830d817fffff,grassland,0.923,30
882830d819fffff,grassland,0.993,30
882830d81bfffff,grassland,0.948,30
882830d81dfffff,grassland,0.996,30
882830d821fffff,grassland,0.641,30
882830d823fffff,grassland,0.618,30
882830d825fffff,grassland,0.797,30
882830d827fffff,cropland,0.721,40
882830d829fffff,grassland,0.828,30
882830d82bfffff,grassland,0.884,30
882830d82dfffff,grassland,0.49,30
882830d831fffff,grassland,0.772,30
882830d833fffff,grassland,0.771,30
882830d835fffff,grassland,0.499,30
882830d837fffff,cropland,0.441,40
882830d839fffff,grassland,0.723,30
882830d83bfffff,grassland,0.614,30
882830d83dfffff,grassland,0.904,30
882830d841fffff,grassland,0.956,30
882830d843fffff,grassland,0.997,30
882830d845fffff,grassland,0.925,30
882830d847fffff,grassland,0.958,30
882830d849fffff,grassland,0.979,30
882830d84bfffff,grassland,0.992,30
882830d84dfffff,grassland,1.0,30
882830d851fffff,grassland,1.0,30
882830d853fffff,grassland,0.99,30
882830d855fffff,grassland,0.994,30
882830d857fffff,grassland,0.989,30
882830d859fffff,grassland,1.0,30
882830d85bfffff,grassland,1.0,30
882830d85dfffff,grassland,1.0,30
882830d861fffff,grassland,0.799,30
882830d863fffff,grassland,0.936,30
882830d865fffff,cropland,0.508,40
882830d867fffff,grassland,0.772,30
882830d869fffff,grassland,0.989,30
882830d86bfffff,grassland,0.823,30
882830d86dfffff,grassland,0.787,30
882830d881fffff,grassland,0.999,30
882830d883fffff,grassland,0.889,30
882830d885fffff,grassland,0.805,30
882830d887fffff,grassland,0.93,30
882830d889fffff,grassland,0.96,30
882830d88bfffff,grassland,0.943,30
882830d88dfffff,grassland,0.949,30
882830d891fffff,grassland,0.874,30
882830d893fffff,grassland,0.945,30
882830d895fffff,grassland,0.556,30
882830d897fffff,grassland,0.42,30
882830d899fffff,grassland,0.985,30
882830d89bfffff,grassland,0.975,30
882830d89dfffff,grassland,0.553,30
882830d8a1fffff,cropland,0.544,40
882830d8a3fffff,cropland,0.427,40
882830d8a5fffff,cropland,0.772,40
882830d8a7fffff,cropland,0.618,40
882830d8a9fffff,cropland,0.469,40
882830d8abfffff,grassland,0.371,30
882830d8adfffff,cropland,0.682,40
882830d8b1fffff,cropland,0.577,40
882830d8b3fffff,developed,0.336,50
882830d8b5fffff,cropland,0.652,40
882830d8b7fffff,cropland,0.636,40
882830d8b9fffff,cropland,0.667,40
882830d8bbfffff,developed,0.484,50
882830d8bdfffff,cropland,0.749,40
882830d8c1fffff,grassland,0.97,30
882830d8c3fffff,grassland,0.979,30
882830d8c5fffff,grassland,0.859,30
882830d8c7fffff,grassland,0.919,30
882830d8c9fffff,grassland,0.988,30
882830d8cbfffff,grassland,0.983,30
882830d8cdfffff,grassland,0.949,30
882830d8d1fffff,grassland,0.624,30
882830d8d3fffff,grassland,0.989,30
882830d8d5fffff,grassland,0.963,30
882830d8d7fffff,grassland,0.863,30
882830d8d9fffff,grassland,0.875,30
882830d8dbfffff,grassland,0.828,30
882830d8ddfffff,grassland,0.995,30
882830d8e1fffff,grassland,0.689,30
882830d8e3fffff,grassland,0.652,30
882830d8e5fffff,grassland,0.847,30
882830d8e7fffff,grassland,0.366,30
882830d8e9fffff,grassland,0.965,30
882830d8ebfffff,grassland,0.735,30
882830d8edfffff,grassland,0.825,30
882830d901fffff,cropland,0.426,40
882830d903fffff,cropland,0.532,40
882830d905fffff,open water,0.483,80
882830d907fffff,cropland,0.887,40
882830d909fffff,open water,0.406,80
882830d90bfffff,cropland,0.614,40
882830d90dfffff,open water,0.997,80
882830d911fffff,grassland,0.795,30
882830d913fffff,grassland,0.573,30
882830d915fffff,cropland,0.509,40
882830d917fffff,cropland,0.469,40
882830d919fffff,grassland,0.909,30
882830d91bfffff,grassland,0.485,30
882830d91dfffff,grassland,0.634,30
882830d929fffff,cropland,0.723,40
882830d92bfffff,cropland,0.522,40
882830d92dfffff,cropland,0.652,40
882830d931fffff,cropland,0.925,40
882830d933fffff,cropland,0.911,40
882830d935fffff,cropland,0.64,40
882830d937fffff,cropland,0.557,40
882830d939fffff,cropland,0.893,40
882830d93bfffff,cropland,0.801,40
882830d93dfffff,cropland,0.517,40
882830d941fffff,open water,1.0,80
882830d943fffff,open water,0.647,80
882830d945fffff,open water,1.0,80
882830d947fffff,open water,1.0,80
882830d949fffff,open water,0.948,80
882830d94bfffff,open water,0.491,80
882830d94dfffff,open water,0.827,80
882830d951fffff,grassland,0.954,30
882830d953fffff,cropland,0.51,40
882830d955fffff,grassland,0.727,30
882830d957fffff,grassland,0.785,30
882830d959fffff,cropland,0.689,40
882830d95bfffff,cropland,0.605,40
882830d95dfffff,grassland,0.676,30
882830d961fffff,cropland,0.416,40
882830d963fffff,open water,0.656,80
882830d965fffff,cropland,0.751,40
882830d967fffff,cropland,0.512,40
882830d969fffff,open water,0.94,80
882830d96bfffff,open water,1.0,80
882830d96dfffff,cropland,0.829,40
882830d981fffff,cropland,0.854,40
882830d983fffff,cropland,0.792,40
882830d985fffff,grassland,0.469,30
882830d987fffff,cropland,0.704,40
882830d989fffff,cropland,0.541,40
882830d98bfffff,cropland,0.708,40
882830d98dfffff,developed,0.422,50
882830d991fffff,cropland,0.657,40
882830d993fffff,cropland,0.919,40
882830d995fffff,cropland,0.569,40
882830d997fffff,cropland,0.922,40
882830d999fffff,grassland,0.331,30
882830d99bfffff,cropland,0.763,40
882830d99dfffff,cropland,0.634,40
882830d9a1fffff,grassland,0.573,30
882830d9a3fffff,developed,0.552,50
882830d9a5fffff,open water,0.497,80
882830d9a7fffff,grassland,0.576,30
882830d9a9fffff,developed,0.395,50
882830d9abfffff,developed,0.453,50
882830d9adfffff,developed,0.588,50
882830d9b1fffff,cropland,0.809,40
882830d9b3fffff,cropland,0.92,40
882830d9b5fffff,cropland,0.797,40
882830d9b7fffff,cropland,0.87,40
882830d9b9fffff,cropland,0.714,40
882830d9bbfffff,cropland,0.794,40
882830d9bdfffff,cropland,0.811,40
882830d9c1fffff,cropland,0.582,40
882830d9c3fffff,cropland,0.67,40
882830d9c5fffff,cropland,0.704,40
882830d9c7fffff,cropland,0.706,40
882830d9c9fffff,cropland,0.501,40
882830d9cbfffff,cropland,0.612,40
882830d9cdfffff,cropland,0.651,40
882830d9d1fffff,woodland,0.589,10
882830d9d3fffff,cropland,0.745,40
882830d9d5fffff,cropland,0.675,40
882830d9d7fffff,cropland,0.779,40
882830d9d9fffff,cropland,0.886,40
882830d9dbfffff,cropland,0.52,40
882830d9ddfffff,cropland,0.522,40
882830d9e1fffff,cropland,0.414,40
882830d9e3fffff,grassland,0.427,30
882830d9e5fffff,developed,0.314,50
882830d9e7fffff,developed,0.521,50
882830d9e9fffff,cropland,0.489,40
882830d9ebfffff,cropland,0.588,40
882830d9edfffff,cropland,0.608,40
882830da01fffff,grassland,0.998,30
882830da03fffff,grassland,0.992,30
882830da05fffff,grassland,0.987,30
882830da07fffff,grassland,0.99,30
882830da0bfffff,grassland,0.994,30
882830da11fffff,grassland,0.994,30
882830da13fffff,grassland,0.999,30
882830da15fffff,grassland,0.924,30
882830da17fffff,grassland,0.994,30
882830da19fffff,grassland,0.981,30
882830da1bfffff,grassland,0.994,30
882830da1dfffff,grassland,0.963,30
882830da21fffff,grassland,0.992,30
882830da23fffff,grassland,0.987,30
882830da25fffff,grassland,0.991,30
882830da27fffff,grassland,0.988,30
882830da29fffff,grassland,0.995,30
882830da2bfffff,grassland,0.996,30
882830da2dfffff,grassland,0.999,30
882830da31fffff,grassland,1.0,30
882830da33fffff,grassland,0.998,30
882830da35fffff,grassland,0.953,30
882830da37fffff,grassland,0.999,30
882830da39fffff,grassland,0.948,30
882830da3bfffff,grassland,0.981,30
882830da3dfffff,grassland,0.942,30
882830da53fffff,grassland,0.984,30
882830da57fffff,grassland,0.973,30
882830da81fffff,open water,0.99,80
882830da83fffff,open water,0.893,80
882830da85fffff,grassland,0.851,30
882830da87fffff,open water,0.615,80
882830da89fffff,open water,0.916,80
882830da8bfffff,open water,0.531,80
882830da8dfffff,grassland,0.578,30
882830da91fffff,grassland,0.94,30
882830da93fffff,grassland,0.965,30
882830da95fffff,grassland,0.86,30
882830da97fffff,grassland,0.999,30
882830da99fffff,grassland,0.456,30
882830da9bfffff,grassland,0.731,30
882830da9dfffff,grassland,0.687,30
882830daa1fffff,grassland,1.0,30
882830daa3fffff,grassland,0.961,30
882830daa5fffff,grassland,0.951,30
882830daa7fffff,grassland,0.958,30
882830daa9fffff,grassland,1.0,30
882830daabfffff,grassland,0.997,30
882830daadfffff,grassland,1.0,30
882830dab1fffff,grassland,0.854,30
882830dab3fffff,grassland,0.783,30
882830dab5fffff,grassland,0.921,30
882830dab7fffff,grassland,0.964,30
882830dab9fffff,grassland,0.821,30
882830dabbfffff,grassland,0.942,30
882830dabdfffff,grassland,0.88,30
882830dac1fffff,grassland,0.902,30
882830dac3fffff,open water,0.745,80
882830dac5fffff,grassland,0.996,30
882830dac7fffff,grassland,0.789,30
882830dac9fffff,grassland,0.999,30
882830dacbfffff,grassland,0.96,30
882830dacdfffff,grassland,0.994,30
882830dad1fffff,grassland,0.702,30
882830dad3fffff,grassland,0.525,30
882830dad5fffff,open water,1.0,80
882830dad7fffff,open water,0.739,80
882830dad9fffff,woodland,0.593,10
882830dadbfffff,grassland,0.506,30
882830daddfffff,grassland,0.605,30
882830dae1fffff,grassland,0.992,30
882830dae3fffff,grassland,0.996,30
882830dae5fffff,grassland,1.0,30
882830dae7fffff,grassland,1.0,30
882830dae9fffff,grassland,0.997,30
882830daebfffff,grassland,0.816,30
882830daedfffff,grassland,0.992,30
882830db03fffff,grassland,0.827,30
882830db07fffff,grassland,0.755,30
882830db11fffff,grassland,0.954,30
882830db13fffff,grassland,0.983,30
882830db15fffff,grassland,0.963,30
882830db17fffff,grassland,0.996,30
882830db19fffff,grassland,1.0,30
882830db1bfffff,grassland,0.999,30
882830db1dfffff,grassland,0.903,30
882830db21fffff,cropland,0.455,40
882830db23fffff,cropland,0.715,40
882830db25fffff,grassland,0.43,30
882830db27fffff,cropland,0.332,40
882830db2bfffff,cropland,0.597,40
882830db31fffff,grassland,0.838,30
882830db33fffff,grassland,0.661,30
882830db35fffff,grassland,0.434,30
882830db37fffff,grassland,0.53,30
882830db39fffff,grassland,0.85,30
882830db3bfffff,grassland,0.933,30
882830db3dfffff,grassland,0.624,30
882830db53fffff,grassland,1.0,30
882830db57fffff,grassland,0.915,30
8828346d85fffff,grassland,0.781,30
8828346d87fffff,grassland,0.815,30
8828346d95fffff,grassland,0.875,30
8828346d97fffff,grassland,0.927,30
8828346da1fffff,developed,0.442,50
8828346da3fffff,grassland,0.415,30
8828346da5fffff,developed,0.527,50
8828346da7fffff,developed,0.624,50
8828346da9fffff,woodland,0.4,10
8828346dabfffff,grassland,0.528,30
8828346dadfffff,developed,0.77,50
8828346db1fffff,woodland,0.672,10
8828346db3fffff,woodland,0.604,10
8828346db5fffff,grassland,0.473,30
8828346db7fffff,grassland,0.559,30
8828346db9fffff,grassland,0.536,30
8828346dbbfffff,grassland,0.625,30
8828346dbdfffff,woodland,0.611,10
882836265bfffff,cropland,0.463,40
8828362681fffff,open water,0.488,80
8828362683fffff,open water,0.269,80
882836268bfffff,open water,0.471,80
8828362691fffff,cropland,0.938,40
8828362693fffff,cropland,1.0,40
8828362695fffff,cropland,0.332,40
8828362697fffff,cropland,0.758,40
8828362699fffff,cropland,0.963,40
882836269bfffff,cropland,0.907,40
882836269dfffff,cropland,0.625,40
88283626b3fffff,open water,0.895,80
88283626b9fffff,open water,0.831,80
88283626bbfffff,cropland,0.378,40
88283626c3fffff,cropland,0.417,40
88283626c9fffff,grassland,0.3,30
88283626cbfffff,open water,0.569,80
88283626d1fffff,open water,1.0,80
88283626d3fffff,cropland,0.511,40
88283626d5fffff,open water,0.882,80
88283626d7fffff,cropland,0.603,40
88283626d9fffff,open water,1.0,80
88283626dbfffff,open water,0.961,80
88283626ddfffff,open water,0.978,80
8828363499fffff,cropland,0.744,40
882836349bfffff,open water,0.436,80
88283634d1fffff,cropland,0.354,40
88283634d3fffff,cropland,0.488,40
88283634d9fffff,cropland,0.346,40
88283634dbfffff,cropland,0.652,40
88283634ddfffff,cropland,0.744,40
8828363659fffff,cropland,0.444,40
882836365bfffff,cropland,0.513,40
8828363681fffff,cropland,0.52,40
8828363683fffff,cropland,0.805,40
8828363687fffff,cropland,0.403,40
8828363689fffff,cropland,0.687,40
882836368bfffff,cropland,0.817,40
8828363691fffff,grassland,0.51,30
8828363693fffff,grassland,0.531,30
8828363695fffff,cropland,0.854,40
8828363697fffff,cropland,0.644,40
8828363699fffff,open water,0.412,80
882836369bfffff,grassland,0.511,30
882836369dfffff,cropland,0.522,40
88283636b1fffff,cropland,0.337,40
88283636b3fffff,cropland,0.675,40
88283636b7fffff,open water,0.379,80
88283636b9fffff,cropland,0.717,40
88283636bbfffff,cropland,0.505,40
88283636bdfffff,cropland,0.573,40
88283636c1fffff,cropland,0.698,40
88283636c3fffff,cropland,0.635,40
88283636cbfffff,cropland,0.535,40
88283636d1fffff,cropland,0.393,40
88283636d3fffff,open water,0.505,80
88283636d5fffff,cropland,0.819,40
88283636d7fffff,cropland,0.735,40
88283636d9fffff,grassland,0.357,30
88283636dbfffff,developed,0.445,50
88283636ddfffff,cropland,0.935,40
882836ac91fffff,cropland,0.769,40
882836ac93fffff,open water,0.962,80
882836ac95fffff,cropland,0.643,40
882836ac97fffff,open water,0.528,80
882836ac99fffff,grassland,0.372,30
882836ac9bfffff,cropland,0.397,40
882836ac9dfffff,cropland,0.424,40
882836acb3fffff,cropland,0.511,40
882836acbbfffff,cropland,0.511,40
