GEOID,pop,pop_moe,income,income_moe,units,units_moe,occupied,occupied_moe,pop65,pop65_moe,acs_year
060133010001,1085,445,75984.0,22220.0,704,249,599,259,634,309.2555577511906,2024
060133010002,779,544,,,334,186,264,173,92,96.97422337920526,2024
060133010003,2425,603,178919.0,10726.0,669,179,630,164,255,99.06563480844405,2024
060133010004,1005,523,70202.0,11716.0,605,267,366,209,90,71.8192174839019,2024
060133020051,1373,766,44286.0,29175.0,622,170,622,170,455,192.53311403496284,2024
060133020052,2743,1547,96237.0,10360.0,758,274,758,274,235,189.80779752159816,2024
060133020053,2191,946,100861.0,59661.0,601,208,601,208,493,192.11715175902438,2024
060133020054,985,363,106250.0,52208.0,449,151,394,129,121,84.6994687114388,2024
060133020061,1725,609,153393.0,63807.0,518,158,518,158,151,99.62429422585637,2024
060133020062,2467,465,131792.0,32476.0,819,160,819,160,269,106.74268124794318,2024
060133020071,2443,655,153838.0,23059.0,854,212,806,211,255,133.82451195502264,2024
060133020072,2649,1197,120175.0,69724.0,805,248,780,248,334,150.0133327407934,2024
060133020073,2245,820,118333.0,34943.0,664,206,664,206,352,185.21878954360974,2024
060133020091,2773,888,117611.0,44162.0,1021,276,1021,276,496,297.1514765233382,2024
060133020092,1235,606,110528.0,59002.0,393,156,393,156,250,193.0362660227347,2024
060133020093,822,629,88084.0,10217.0,245,147,245,147,121,85.26429498916883,2024
060133020094,2061,473,190208.0,75790.0,634,146,634,146,343,147.13259326199616,2024
060133020111,4679,559,156020.0,26778.0,1316,165,1288,158,334,118.11011811017717,2024
060133020112,1626,724,128750.0,103181.0,546,259,546,259,284,235.34655298091792,2024
060133020121,2484,579,133125.0,55075.0,719,243,701,243,213,81.48619514985344,2024
060133020122,3205,1048,177936.0,15195.0,911,297,911,297,251,125.36745989290841,2024
060133020131,2273,402,147481.0,12391.0,925,266,879,275,166,75.59100475585703,2024
060133020132,651,296,218676.0,69309.0,196,82,196,82,151,72.35329985563892,2024
060133020141,4195,1069,148740.0,22235.0,1164,342,1164,342,519,225.91370033709774,2024
060133020142,3017,1246,122143.0,60697.0,882,330,882,330,263,136.49175799292792,2024
060133020143,1049,473,205917.0,49114.0,285,120,285,120,92,83.74962686484042,2024
060133031041,4476,763,153373.0,32239.0,1168,165,1111,147,384,177.46548960290843,2024
060133031042,2058,582,147386.0,52077.0,770,199,770,199,273,102.71319292087068,2024
060133031051,3446,589,165625.0,47365.0,993,95,963,103,261,104.09130607308182,2024
060133031061,2996,1429,111719.0,57950.0,807,371,771,377,384,187.71520982594885,2024
060133031062,3639,943,91626.0,47704.0,1042,278,1016,268,280,162.97852619286996,2024
060133031063,2586,744,144887.0,50849.0,774,207,774,207,336,180.87288353979432,2024
060133031071,2255,1026,123162.0,47552.0,589,217,589,217,238,126.7990536242286,2024
060133031072,2444,729,146250.0,57146.0,685,166,685,166,236,138.8200273735746,2024
060133031073,986,487,162222.0,140358.0,290,135,290,135,1,53.21653878260028,2024
060133031074,2307,666,142500.0,14789.0,728,175,728,175,179,100.33942395688746,2024
060133032021,3431,822,132385.0,54372.0,1160,272,1160,272,177,90.08329478876757,2024
060133032022,2538,1105,196487.0,33685.0,653,240,653,240,492,255.73228188869703,2024
060133032023,2987,763,125302.0,19987.0,879,181,879,181,414,152.83324245726124,2024
060133032041,2135,425,98750.0,65829.0,811,137,762,152,536,157.71810295587505,2024
060133032042,1129,620,160319.0,99204.0,356,142,356,142,65,54.78138369920935,2024
060133032043,1778,479,226000.0,132436.0,560,116,560,116,172,76.7333043730035,2024
060133032061,3121,1004,142639.0,87940.0,893,254,871,259,206,110.85125168440814,2024
060133032062,1897,565,170139.0,54129.0,618,195,618,195,168,93.28987083279728,2024
060133032071,3417,915,123581.0,35576.0,1024,220,959,216,379,136.12861565446113,2024
060133032072,5644,1790,175684.0,61678.0,1205,285,1205,285,360,152.39094461286078,2024
060133032073,709,241,104167.0,71331.0,318,101,318,101,162,88.70174744614674,2024
060133032081,1332,510,119943.0,100217.0,391,182,391,182,58,48.093658625644196,2024
060133032082,3014,650,146271.0,20639.0,1272,196,1228,205,926,201.67548190099856,2024
060133032091,2991,389,172642.0,19345.0,950,164,950,164,461,146.28738838327794,2024
060133032092,2550,879,109009.0,44176.0,691,273,691,273,150,76.43297717608546,2024
060133032101,1946,245,106146.0,27457.0,923,141,859,110,736,146.0719001040241,2024
060133032102,1454,324,99100.0,29695.0,983,188,960,192,1381,287.87844657077056,2024
060133032111,2405,467,151583.0,49745.0,905,134,843,135,290,125.23577763562615,2024
060133032112,1893,682,172000.0,91743.0,738,300,738,300,162,81.1664955508121,2024
060133040011,3230,713,129107.0,32843.0,1418,207,1351,203,1519,251.67637950352037,2024
060133040012,2673,545,230921.0,43277.0,843,193,782,156,477,141.97534997315555,2024
060133040021,1903,911,76526.0,29171.0,577,149,577,149,255,105.30432089900205,2024
060133040031,1524,314,125450.0,54324.0,665,119,615,115,398,104.05767631462851,2024
060133040032,1722,488,129167.0,57801.0,913,156,760,159,551,150.8343462212768,2024
060133040041,2181,287,142045.0,38699.0,1062,177,924,166,626,179.95555006723188,2024
060133040042,1139,319,135625.0,79664.0,765,166,577,143,246,92.66067126888301,2024
060133040061,3843,385,167208.0,20549.0,1166,94,1113,101,448,123.76186811776881,2024
060133040071,1726,689,174960.0,115994.0,513,225,513,225,304,285.89683454001374,2024
060133040072,2023,755,,,618,180,607,184,171,92.05976319760984,2024
060133040073,1170,477,160926.0,35671.0,455,171,416,183,172,81.69455306200041,2024
060133050001,1812,942,,,516,220,516,220,297,153.4177303964571,2024
060133050002,1309,703,106719.0,26603.0,439,234,439,234,291,277.3625785862253,2024
060133050003,667,539,59058.0,3472.0,241,161,195,147,16,51.42956348249516,2024
060133050004,1825,674,64969.0,34975.0,527,180,487,184,38,63.08724118235002,2024
060133050005,1871,848,39252.0,18515.0,796,265,751,269,566,334.8432469081615,2024
060133060021,1695,648,108583.0,8445.0,575,200,575,200,437,200.43203336792251,2024
060133060022,2917,1072,98170.0,47698.0,1044,348,963,351,301,116.42164747159353,2024
060133060031,1581,514,72386.0,32416.0,481,138,481,138,180,66.19667665374146,2024
060133060032,1612,468,41869.0,35629.0,726,317,713,319,419,291.32456127144513,2024
060133060033,1888,481,59750.0,47724.0,632,153,632,153,204,92.19002115196633,2024
060133060041,2631,737,107367.0,11080.0,862,231,843,237,415,199.7298175035465,2024
060133060042,846,359,80132.0,31143.0,429,150,412,149,163,86.85620300243386,2024
060133071011,1976,614,104722.0,75368.0,737,147,654,155,212,104.86658190291128,2024
060133071012,911,351,60833.0,22481.0,376,109,376,109,239,122.87798826478239,2024
060133071013,1708,539,130754.0,34557.0,605,155,585,153,421,161.63229875244613,2024
060133071021,551,262,,,202,93,202,93,62,54.67174773134658,2024
060133071022,1572,526,39836.0,16201.0,507,138,507,138,161,99.86490875177326,2024
060133071023,1527,524,83590.0,43180.0,491,152,491,152,210,125.13992168768526,2024
060133071024,2347,829,91114.0,18315.0,724,219,673,221,319,182.28274740084427,2024
060133072011,2438,864,95833.0,29109.0,630,172,630,172,577,243.00205760445732,2024
060133072012,1663,475,49621.0,10248.0,588,131,564,128,133,89.25245094673872,2024
060133072021,1858,593,88652.0,14832.0,597,163,565,164,122,85.18215775618742,2024
060133072022,500,251,,,234,114,234,114,36,60.0,2024
060133072023,1852,541,47015.0,29082.0,809,158,684,154,102,92.2496612459905,2024
060133072041,1818,468,115398.0,17911.0,527,113,517,109,228,104.62313319720452,2024
060133072042,943,422,109922.0,33441.0,415,162,377,152,149,77.32399368889322,2024
060133072043,1943,472,89297.0,24047.0,655,157,655,157,316,155.22564221158822,2024
060133072051,1793,909,69968.0,6947.0,757,269,714,268,102,95.01052573267869,2024
060133072052,2316,637,57969.0,27408.0,1039,268,997,283,345,174.01436722293937,2024
060133072053,1176,532,74861.0,72147.0,428,154,428,154,169,98.16312953446422,2024
060133072054,1816,747,94949.0,28977.0,750,294,750,294,351,164.69972677572966,2024
060133080011,1566,748,66293.0,13413.0,829,419,796,423,581,396.4580684006822,2024
060133080012,2273,976,151410.0,54573.0,715,234,715,234,353,163.1165227682346,2024
060133080013,2736,1454,112468.0,103804.0,877,389,877,389,241,175.18846994023323,2024
060133080014,1209,520,75500.0,49242.0,538,179,538,179,445,222.64994947226015,2024
060133080021,2526,497,119010.0,45194.0,746,118,736,119,183,93.01075206662937,2024
060133080022,2059,481,120804.0,33440.0,740,133,729,134,198,75.50496672405067,2024
060133080023,561,210,177557.0,130006.0,183,65,183,65,65,56.06246516163912,2024
060133090001,1624,435,76053.0,23115.0,614,131,614,131,493,171.81676286090365,2024
060133090002,750,378,137635.0,64687.0,272,104,272,104,210,96.56086163658648,2024
060133090003,1520,494,88900.0,31436.0,512,134,512,134,236,108.94494022211403,2024
060133100001,1322,402,80954.0,20401.0,473,134,473,134,219,126.68070097690493,2024
060133100002,1583,533,,,693,283,693,283,380,294.2295022597156,2024
060133100003,2037,649,90625.0,83677.0,545,141,545,141,95,95.37295214053091,2024
060133100004,1479,462,87250.0,39587.0,409,107,409,107,198,102.82995672468213,2024
060133110001,1182,601,,,399,172,354,167,109,72.47068372797375,2024
060133110002,2083,759,,,582,199,582,199,346,173.58283325260018,2024
060133110003,2250,518,95513.0,23537.0,671,124,671,124,128,69.67783004657937,2024
060133120001,3106,433,71375.0,28553.0,984,151,885,69,333,97.89790600416333,2024
060133131021,3327,541,73661.0,34074.0,1171,158,1113,170,328,143.79151574414954,2024
060133131022,1405,484,103051.0,42385.0,498,143,498,143,315,135.7976435730753,2024
060133131041,1690,503,98170.0,43807.0,532,135,503,132,248,118.83602147497197,2024
060133131042,1334,694,57927.0,4206.0,573,198,548,195,229,105.27582818482124,2024
060133131051,1818,616,82301.0,62089.0,780,248,741,247,423,261.3273808845908,2024
060133131052,1911,527,68813.0,29088.0,726,169,683,157,483,219.20766409959302,2024
060133131053,2004,642,67410.0,22122.0,659,197,659,197,11,49.79959839195493,2024
060133131061,3428,908,206552.0,26809.0,908,284,908,284,394,143.3980474065111,2024
060133131062,3462,1246,115021.0,43355.0,1289,382,1209,380,492,156.90761613127643,2024
060133131071,1095,429,118438.0,82807.0,299,99,299,99,93,49.53786430600334,2024
060133131072,1633,473,185833.0,36242.0,555,112,548,112,419,142.59733517846678,2024
060133132031,660,277,160484.0,41283.0,222,78,222,78,190,84.00595217006948,2024
060133132032,2549,568,114618.0,29478.0,816,138,773,142,406,159.34553649224065,2024
060133132041,2148,524,71181.0,26571.0,709,134,709,134,322,125.42726976220123,2024
060133132042,1835,595,142615.0,51378.0,620,184,620,184,463,188.21264569629747,2024
060133132043,1621,572,90288.0,12974.0,565,180,541,172,99,52.67826876426369,2024
060133132051,2047,410,114224.0,10117.0,548,89,528,91,235,77.9615289742319,2024
060133132061,1505,455,79955.0,42525.0,413,108,413,108,250,100.13490899781155,2024
060133132062,1628,499,75524.0,51126.0,407,120,407,120,85,56.0,2024
060133132063,1777,716,97344.0,43146.0,442,133,403,134,346,152.6892268629323,2024
060133132064,1157,339,,,468,152,468,152,211,134.8109787814034,2024
060133141021,2662,732,96232.0,23930.0,861,193,803,191,422,191.07851789251455,2024
060133141022,1398,576,106058.0,46576.0,386,124,354,116,50,49.52776998815917,2024
060133141023,2463,522,102569.0,23184.0,710,143,641,130,295,110.88282103193443,2024
060133141031,2627,486,69375.0,20524.0,814,122,814,122,107,80.38656604184557,2024
060133141032,1256,435,83393.0,10186.0,347,102,324,98,210,88.78062851771213,2024
060133141033,1641,469,91898.0,19295.0,475,134,445,126,47,59.983331017875294,2024
060133141051,1879,740,72417.0,43055.0,556,145,556,145,340,150.76140089558734,2024
060133141052,1813,613,52608.0,24214.0,768,199,734,202,337,196.98730923589977,2024
060133141061,1726,563,71589.0,23269.0,564,138,564,138,196,101.10390694725896,2024
060133141062,2562,1817,78039.0,11354.0,548,267,541,267,56,62.20932405998316,2024
060133142001,2406,845,84896.0,20406.0,537,131,507,140,212,103.31989159885913,2024
060133142002,2230,604,83828.0,29173.0,580,126,580,126,197,76.92203845452875,2024
060133142003,2903,744,99186.0,37594.0,668,181,668,181,209,126.3210196285638,2024
060133150001,804,267,134050.0,28019.0,285,89,273,90,168,96.97937925146768,2024
060133150002,2707,533,140735.0,25998.0,893,126,884,125,326,124.23365083583433,2024
060133160001,1334,171,58214.0,24816.0,614,130,596,137,216,76.95453203028396,2024
060133170001,1231,318,86827.0,60244.0,534,126,519,127,156,62.49799996799898,2024
060133170002,928,237,69500.0,68777.0,494,112,426,111,121,60.852280154485584,2024
060133180001,751,227,88571.0,23573.0,382,107,382,107,159,92.36882591004391,2024
060133180002,1112,363,109737.0,12130.0,456,130,456,130,207,73.24616030891995,2024
060133180003,1651,535,99950.0,39195.0,687,172,639,172,228,100.44401425669923,2024
060133190011,1779,331,145179.0,31392.0,794,151,794,151,215,88.95504482602435,2024
060133190012,2281,619,149167.0,43441.0,870,180,820,176,214,103.38278386656069,2024
060133190021,817,273,130000.0,71317.0,420,125,420,125,248,93.93614852653903,2024
060133190022,792,367,120861.0,28750.0,311,135,311,135,82,91.07140056021979,2024
060133190023,1481,402,109524.0,21368.0,609,147,596,147,361,114.9086593777858,2024
060133190024,729,339,86464.0,1367.0,320,165,320,165,70,68.24221567329127,2024
060133200011,1662,382,84345.0,46527.0,459,89,459,89,210,134.41354098453027,2024
060133200012,1614,540,99079.0,19414.0,641,154,606,153,323,100.04498987955368,2024
060133200031,2928,338,171343.0,14731.0,1081,129,1081,129,421,137.37903770226373,2024
060133200041,701,335,121172.0,66408.0,301,110,301,110,113,82.10968274204937,2024
060133200042,1341,440,96545.0,18790.0,772,191,706,197,204,129.4565564195186,2024
060133200043,1171,387,149762.0,74731.0,504,132,504,132,173,104.19213022104884,2024
060133200044,3188,694,169683.0,19238.0,1142,211,1142,211,412,146.92855406625358,2024
060133211011,2269,490,168455.0,17300.0,905,206,863,201,431,132.06816421833082,2024
060133211012,1454,295,123523.0,31243.0,508,127,508,127,364,125.24775447088862,2024
060133211013,1770,503,134012.0,26634.0,598,158,568,154,276,117.90674280973077,2024
060133211014,1775,784,170313.0,56871.0,668,173,668,173,311,169.47566196949933,2024
060133211021,912,280,174485.0,55860.0,455,126,455,126,353,146.37622757811462,2024
060133211022,1608,417,164208.0,27519.0,758,160,715,162,421,197.33220720399393,2024
060133211023,1744,490,148203.0,112002.0,639,208,639,208,384,172.60648886991473,2024
060133211024,1566,376,136296.0,23414.0,723,138,678,128,340,135.09996299037243,2024
060133211031,1733,305,139630.0,16758.0,808,141,748,134,322,81.5659242576212,2024
060133211032,2367,448,202198.0,40861.0,893,158,869,151,589,176.26400653565094,2024
060133211033,542,204,175208.0,89407.0,205,58,205,58,183,64.83054835492293,2024
060133212001,1597,510,147423.0,30966.0,605,214,605,214,170,138.0470934138057,2024
060133212002,1599,622,74643.0,62612.0,590,202,590,202,283,132.0227253165151,2024
060133212003,810,428,110547.0,62833.0,543,245,401,211,67,69.66347680097513,2024
060133212004,1623,508,87005.0,33880.0,736,239,736,239,222,91.95107394696377,2024
060133220001,817,436,60111.0,14276.0,278,102,278,102,23,51.81698563212646,2024
060133220002,1066,536,112862.0,53523.0,278,77,278,77,180,109.32977636490436,2024
060133220003,1919,427,166585.0,49412.0,700,127,700,127,354,124.1370210694618,2024
060133220004,2220,712,202987.0,57021.0,780,186,780,186,595,198.12622239370538,2024
060133220005,800,444,177563.0,88227.0,302,135,302,135,150,103.49879226348489,2024
060133230001,948,459,94929.0,90754.0,380,151,380,151,132,62.68173577685928,2024
060133230002,1272,315,170139.0,41333.0,441,114,441,114,80,52.38320341483518,2024
060133230003,1162,263,159034.0,23540.0,423,93,423,93,304,93.06986622962343,2024
060133230004,1010,329,165729.0,62117.0,373,99,323,85,284,174.8656627242753,2024
060133240021,1931,535,61976.0,23356.0,1110,352,1023,338,400,190.71182448920152,2024
060133240022,1292,444,147045.0,91595.0,522,187,522,187,125,91.43850392476902,2024
060133240023,1708,514,115069.0,30175.0,896,263,873,266,312,136.4587849865299,2024
060133240031,1012,257,82237.0,16467.0,488,119,488,119,62,74.7127833774114,2024
060133240032,1368,395,102847.0,68625.0,823,221,813,222,127,106.19322012256714,2024
060133240033,886,371,138807.0,86555.0,614,203,549,200,117,88.10788840960836,2024
060133240041,662,285,157614.0,35593.0,293,121,241,96,58,64.5445582524197,2024
060133240042,991,369,65833.0,32784.0,637,153,626,152,512,152.24322645030878,2024
060133240043,910,241,97500.0,53933.0,444,116,444,116,88,80.58535847162312,2024
060133250001,1343,384,126685.0,88258.0,597,169,597,169,367,180.6294549623621,2024
060133250002,699,364,,,309,111,133,88,57,90.47098982546837,2024
060133250003,2121,701,153886.0,61021.0,696,208,696,208,337,117.76247280012423,2024
060133250004,1108,383,140025.0,22761.0,391,104,391,104,165,96.26006440887103,2024
060133250005,953,427,163984.0,110529.0,273,118,273,118,152,111.18453129819814,2024
060133260001,2123,386,167583.0,49421.0,917,152,877,158,765,213.1079538637636,2024
060133260002,1155,265,185739.0,44437.0,475,104,425,89,267,97.36015612148535,2024
060133270011,1483,352,157181.0,21625.0,460,102,460,102,112,76.77890335241837,2024
060133270012,2089,550,65353.0,44676.0,787,171,765,170,569,179.6886195617296,2024
060133270021,2569,579,86615.0,12099.0,1049,139,1049,139,328,129.31357237351384,2024
060133270022,584,206,132750.0,32247.0,190,69,190,69,82,69.13031173081747,2024
060133270023,800,258,104083.0,41498.0,347,107,347,107,141,81.80464534487024,2024
060133280001,929,223,51406.0,26701.0,590,128,581,127,323,143.03845636750978,2024
060133280002,1908,365,70667.0,34845.0,1102,156,1046,160,360,119.87493482792806,2024
060133290001,1321,493,115833.0,84594.0,481,154,432,140,332,142.35870187663275,2024
060133290002,3099,1377,,,762,198,762,198,487,229.41665153166193,2024
060133290003,1139,452,180833.0,77798.0,434,138,434,138,21,65.24568951279464,2024
060133290004,1094,324,82831.0,30306.0,494,154,494,154,261,125.99603168354153,2024
060133300001,1265,463,102109.0,23938.0,457,138,457,138,224,120.04582458378134,2024
060133300002,1907,388,119625.0,33998.0,688,130,688,130,293,130.5947931580735,2024
060133300003,1159,407,145426.0,22807.0,434,156,434,156,215,148.11144452742334,2024
060133300004,1129,296,108125.0,33832.0,466,105,466,105,159,77.23988606931007,2024
060133310001,694,458,91131.0,40973.0,268,124,230,112,77,78.87965517166008,2024
060133310002,1823,823,,,732,345,695,343,529,325.39053458882296,2024
060133310003,1150,648,116187.0,61043.0,391,236,391,236,120,106.1414151026827,2024
060133310004,1006,355,84737.0,84396.0,404,129,404,129,182,107.29864864013899,2024
060133310005,1737,739,89375.0,57404.0,685,208,674,213,263,147.57371039585607,2024
060133310006,1215,518,66667.0,41605.0,518,206,518,206,138,86.29600222490032,2024
060133320001,1825,600,133750.0,33292.0,796,200,638,175,383,152.354848954669,2024
060133320002,953,451,188795.0,94311.0,389,218,389,218,222,175.03713891628828,2024
060133320003,1319,554,125688.0,31341.0,468,178,448,182,112,55.92852581643825,2024
060133320004,1413,459,155417.0,93453.0,480,135,480,135,282,120.46991325638116,2024
060133320005,497,287,164375.0,125147.0,181,77,181,77,95,67.63135367564367,2024
060133320006,1296,841,131250.0,116545.0,462,190,439,186,66,70.55494312945054,2024
060133320007,642,356,110926.0,26705.0,234,121,234,121,79,66.52067347825036,2024
060133331011,1136,392,148214.0,43675.0,376,91,344,75,185,90.20532135079394,2024
060133331012,1731,387,99387.0,10315.0,700,151,700,151,399,124.24169992397883,2024
060133331013,1415,566,140759.0,15908.0,518,173,518,173,203,113.45483682946268,2024
060133331021,1377,535,124393.0,73755.0,552,213,522,210,432,185.17829246431668,2024
060133331022,830,282,142440.0,81192.0,323,91,298,88,168,81.00617260431454,2024
060133331023,1951,296,96289.0,18739.0,755,101,755,101,277,104.91425070027427,2024
060133332001,729,340,134559.0,89335.0,214,90,214,90,180,102.65476121447071,2024
060133332002,1348,453,107560.0,88834.0,457,141,457,141,228,110.049988641526,2024
060133332003,1017,441,118750.0,40340.0,432,135,432,135,158,84.73488065725944,2024
060133332004,1028,298,117639.0,45605.0,480,135,480,135,397,155.8621185535472,2024
060133332005,1641,905,223750.0,54757.0,574,192,574,192,209,154.95160534825058,2024
060133340011,1967,606,138500.0,44584.0,793,127,750,123,408,127.93357651531517,2024
060133340012,2110,493,101094.0,51178.0,736,141,699,135,281,96.54532614269839,2024
060133340061,1303,324,130375.0,45013.0,412,79,412,79,228,84.52218643646175,2024
060133340062,2132,454,185221.0,30757.0,817,172,801,171,500,135.71661652133832,2024
060133340063,1331,352,219306.0,66707.0,455,91,455,91,151,65.1766829472013,2024
060133340071,499,238,,,319,175,284,169,56,60.09991680526688,2024
060133340072,1625,488,53140.0,23584.0,768,168,716,170,535,175.27692375210148,2024
060133340073,1451,399,159275.0,35015.0,832,335,761,294,321,111.91514642799696,2024
060133340081,1597,353,91188.0,38276.0,827,183,827,183,151,77.85242449660768,2024
060133340082,2410,670,152455.0,66774.0,826,205,826,205,228,85.76712656956627,2024
060133342001,1278,407,250001.0,,473,141,473,141,261,107.54068997360952,2024
060133342002,1425,518,129632.0,120386.0,561,166,547,163,292,142.755034937476,2024
060133342003,1760,444,46773.0,29522.0,896,292,821,286,1213,353.8022046285184,2024
060133342004,1138,427,225592.0,117881.0,411,184,411,184,173,90.67524469225324,2024
060133342005,1039,426,250001.0,,328,121,328,121,75,62.5939294181153,2024
060133342006,882,281,250001.0,,330,93,330,93,230,95.25754563287887,2024
060133350001,1318,301,206136.0,38779.0,474,82,474,82,211,83.22259308625273,2024
060133350002,1543,679,160298.0,65626.0,494,126,449,131,243,91.28526715741155,2024
060133350003,633,192,102212.0,94925.0,271,87,243,73,82,88.01136290275251,2024
060133361011,1620,470,79963.0,28749.0,830,219,781,216,172,106.72862783714592,2024
060133361012,1637,609,69423.0,46273.0,484,145,484,145,95,65.06150935845248,2024
060133361013,1331,687,118102.0,55379.0,380,168,377,168,26,52.278102490430925,2024
060133361031,1800,488,71779.0,24640.0,715,149,715,149,118,92.33092656309694,2024
060133361032,3213,1104,59662.0,26147.0,962,264,962,264,26,61.28621378417825,2024
060133361041,1234,561,67659.0,24626.0,469,139,427,142,35,55.910642993977454,2024
060133361042,1307,418,70342.0,11394.0,643,172,601,176,116,72.42927584892728,2024
060133362011,2075,460,101597.0,59627.0,771,213,771,213,419,212.20744567521658,2024
060133362012,1047,398,132679.0,98274.0,411,121,411,121,182,110.63453348751464,2024
060133362013,502,258,,,203,76,203,76,54,58.47221562417487,2024
060133362021,3533,1113,87561.0,11119.0,1115,310,1064,310,132,84.2852300228219,2024
060133362022,782,297,53750.0,29465.0,266,101,266,101,23,47.47630988187688,2024
060133362023,1143,465,84464.0,63603.0,422,156,406,157,16,48.218253804964775,2024
060133371001,1391,299,142772.0,26014.0,561,113,561,113,393,122.19247112649781,2024
060133371002,1936,475,175304.0,81869.0,629,122,629,122,476,158.28771272590933,2024
060133372011,1142,333,97031.0,19411.0,374,94,374,94,296,112.7962765342899,2024
060133372012,1777,497,51213.0,14371.0,873,257,848,263,184,91.55872432488343,2024
060133372021,645,276,47417.0,33193.0,269,114,269,114,150,92.4716172671377,2024
060133372022,1708,400,176458.0,60919.0,535,133,525,134,314,121.32600710482481,2024
060133372023,1048,302,69712.0,55607.0,383,110,383,110,436,170.8215443086732,2024
060133372024,1668,580,123688.0,39366.0,757,205,757,205,327,166.7752979310785,2024
060133373001,1635,455,174857.0,68489.0,628,171,611,172,323,186.5180956368577,2024
060133373002,1295,422,113188.0,40243.0,552,146,552,146,193,98.48857801796105,2024
060133373003,751,450,101250.0,53613.0,228,91,228,91,146,84.82924024179398,2024
060133373004,880,506,146644.0,106038.0,278,123,278,123,236,105.41347162483551,2024
060133373005,718,276,229474.0,95245.0,210,79,210,79,69,59.60704656330491,2024
060133373006,926,332,243295.0,216260.0,426,137,426,137,251,125.0799744163709,2024
060133381011,1167,405,95096.0,47641.0,381,101,381,101,136,94.72592042308166,2024
060133381012,810,573,69444.0,19681.0,274,171,274,171,250,180.1638143468327,2024
060133381013,2139,822,77766.0,11608.0,677,193,639,193,165,83.24061508662703,2024
060133381014,899,327,67868.0,31014.0,544,135,479,144,227,122.74770873625299,2024
060133381021,627,195,173750.0,43505.0,276,69,276,69,114,56.28498911788115,2024
060133381022,2546,470,186944.0,18825.0,1002,157,996,155,527,113.39753083731586,2024
060133382011,2056,317,167470.0,73165.0,847,156,837,157,559,181.8708332856041,2024
060133382012,1970,494,242383.0,45982.0,780,162,769,162,707,184.4966124350255,2024
060133382031,1319,421,104125.0,47138.0,697,207,697,207,0,48.49742261192856,2024
060133382032,908,388,134624.0,34545.0,416,182,416,182,48,59.19459434779497,2024
060133382033,950,290,132083.0,85305.0,436,130,400,114,151,104.22571659624126,2024
060133382034,1066,328,148601.0,33478.0,591,155,591,155,115,75.34586916347837,2024
060133382035,1377,439,188000.0,47134.0,681,188,610,176,203,99.68450230602548,2024
060133382041,1574,364,165461.0,70676.0,784,171,784,171,315,115.30394615970435,2024
060133382042,980,341,215188.0,103855.0,405,148,405,148,201,157.18778578502847,2024
060133382043,1995,467,112000.0,39682.0,938,242,938,242,449,251.4816096655976,2024
060133382044,1974,528,208308.0,13589.0,839,201,839,201,440,211.1942234058498,2024
060133383011,1995,417,218868.0,9023.0,697,150,697,150,378,102.95630140987001,2024
060133383012,1039,231,176250.0,56014.0,436,79,402,74,399,115.26925001924842,2024
060133383021,2156,450,230493.0,14357.0,825,148,825,148,492,156.61417560361514,2024
060133383022,1187,566,168594.0,77520.0,404,127,404,127,444,160.738918747141,2024
060133383023,2324,553,173220.0,59416.0,853,136,853,136,475,130.09227494359533,2024
060133390011,868,330,98971.0,69906.0,415,126,362,112,25,48.12483766206386,2024
060133390012,1615,389,93482.0,5540.0,953,194,902,184,27,48.218253804964775,2024
060133390013,1158,348,111601.0,18313.0,884,218,759,219,165,86.82741502543998,2024
060133390031,2455,467,121124.0,16150.0,1603,305,1476,309,357,129.79984591670362,2024
060133390032,2064,504,109504.0,18959.0,1283,300,1259,303,227,149.39544839117423,2024
060133390041,2979,463,121875.0,47397.0,1545,166,1531,171,256,108.32358930537707,2024
060133390042,722,248,182674.0,104688.0,454,196,454,196,152,77.0454411370329,2024
060133400011,565,179,177955.0,89719.0,220,70,220,70,82,69.00724599634447,2024
060133400012,1987,571,123250.0,44707.0,1119,258,893,230,389,195.24087686752486,2024
060133400013,1417,518,120833.0,110329.0,502,137,488,142,183,83.92258337301111,2024
060133400014,1860,669,188889.0,68590.0,632,164,614,169,309,136.08085831592922,2024
060133400031,1090,298,194787.0,26754.0,439,98,439,98,95,57.79273310719956,2024
060133400032,787,244,111037.0,69277.0,284,103,284,103,156,81.72514912803769,2024
060133400033,1441,314,133900.0,42035.0,788,162,778,161,465,154.38588018338982,2024
060133400041,895,442,170699.0,111530.0,325,121,319,124,105,53.113086899558006,2024
060133400042,1303,269,235234.0,32020.0,504,92,498,92,305,88.45903006477066,2024
060133400043,1860,387,116146.0,115184.0,850,287,844,288,574,283.21016930894274,2024
060133410001,1333,295,120893.0,54890.0,812,142,812,142,352,118.42719282327012,2024
060133410002,1704,389,234299.0,33618.0,600,135,585,137,395,150.37286989347513,2024
060133410003,1835,493,140556.0,29976.0,710,156,710,156,275,116.24112869376312,2024
060133430011,920,417,214301.0,85222.0,303,121,303,121,347,184.2471166667202,2024
060133430012,1451,605,250001.0,,466,207,466,207,421,309.8951435566553,2024
060133430013,2217,1034,98929.0,40146.0,975,254,928,264,211,120.17903311310172,2024
060133430014,1171,344,169851.0,102883.0,527,126,527,126,292,118.13128290169374,2024
060133430021,2008,428,158942.0,20678.0,880,146,851,139,413,144.8792600754159,2024
060133430022,1647,379,158580.0,135859.0,730,160,730,160,576,202.69681793259608,2024
060133430023,823,268,250001.0,,240,74,240,74,184,84.94704232638121,2024
060133430031,2122,318,182813.0,46460.0,762,87,762,87,631,134.14544345597432,2024
060133430032,1680,272,172024.0,50011.0,652,81,652,81,378,125.15989773086265,2024
060133451011,837,342,166417.0,88435.0,273,75,273,75,175,90.35485598461214,2024
060133451012,1969,469,218611.0,74804.0,688,156,688,156,333,138.98920821416317,2024
060133451013,1663,829,171700.0,34145.0,406,144,406,144,297,170.83032517676713,2024
060133451014,2179,776,170139.0,103925.0,826,222,826,222,156,94.32921074619463,2024
060133451021,833,231,176071.0,50186.0,324,75,324,75,213,111.66915420114903,2024
060133451022,2325,580,204500.0,68665.0,695,116,686,120,205,87.17797887081348,2024
060133451023,956,297,189688.0,40234.0,302,91,302,91,174,90.04443347592343,2024
060133451031,1268,555,250001.0,,384,139,384,139,82,68.41052550594829,2024
060133451032,959,239,250001.0,,340,74,340,74,272,80.65977932030313,2024
060133451033,2503,346,216771.0,67276.0,776,119,767,119,299,85.85452812752511,2024
060133451034,605,224,,,536,187,482,182,385,187.31791158348952,2024
060133451051,1655,440,209306.0,78918.0,622,167,622,167,356,136.50274722510167,2024
060133451052,1125,320,231488.0,82201.0,408,112,408,112,298,122.2620137246234,2024
060133451053,967,332,235074.0,106455.0,293,99,293,99,77,67.5721836261046,2024
060133451054,1546,608,214043.0,78210.0,537,178,500,168,178,125.03599481749245,2024
060133451055,1080,469,160515.0,24794.0,309,109,309,109,126,87.2238499494261,2024
060133451111,2398,603,250001.0,,749,150,749,150,351,134.97777594848716,2024
060133451112,1639,360,131575.0,21334.0,613,128,613,128,41,52.848841046895245,2024
060133451113,690,300,195809.0,88920.0,213,77,213,77,156,79.98749902328488,2024
060133451114,1134,387,100300.0,49227.0,599,184,532,171,61,65.45227268781429,2024
060133451121,2064,586,244531.0,88108.0,606,175,606,175,175,126.42389014739263,2024
060133451122,1482,647,126810.0,69170.0,634,189,634,189,57,62.68173577685928,2024
060133451123,1846,458,250001.0,,631,144,631,144,185,98.41239759298622,2024
060133451124,2829,528,234659.0,65546.0,955,201,955,201,310,115.40797199500561,2024
060133451131,1855,395,245221.0,54951.0,617,128,617,128,421,139.96070877214075,2024
060133451132,3004,500,223125.0,70508.0,1149,248,1122,250,546,234.78926721637,2024
060133451141,1400,580,203924.0,32158.0,566,229,566,229,354,119.36917525056458,2024
060133451142,1333,332,133015.0,35315.0,735,138,735,138,1002,267.1535139203675,2024
060133451143,3009,703,250001.0,,902,174,902,174,451,178.83791544300666,2024
060133451144,930,427,209536.0,111166.0,277,105,277,105,98,80.65358020571685,2024
060133451151,2303,520,250001.0,,877,142,748,151,254,96.99484522385713,2024
060133451152,1975,565,226786.0,50214.0,686,203,686,203,612,267.80963388197966,2024
060133451153,1942,831,195500.0,60118.0,684,197,684,197,397,152.73833834371774,2024
060133451161,1120,165,215956.0,25096.0,388,54,369,51,213,62.313722405261586,2024
060133451162,1674,220,250001.0,,517,54,517,54,241,61.6765757804371,2024
060133451171,1603,906,250001.0,,474,244,474,244,131,74.48489779814429,2024
060133451172,1512,469,199722.0,83039.0,644,181,644,181,143,69.74238309665078,2024
060133451173,1637,350,177659.0,56922.0,845,141,809,144,348,115.5551816233266,2024
060133451181,2614,338,168841.0,28073.0,1118,135,1074,131,589,181.71406109599775,2024
060133451182,937,202,138750.0,47529.0,613,119,544,106,346,111.04053313993049,2024
060133452031,2920,624,250001.0,,1219,207,1204,211,578,182.21964767828962,2024
060133452032,1536,417,160164.0,103231.0,811,164,725,151,240,89.59352655186646,2024
060133452033,1486,631,119181.0,56567.0,593,159,497,177,188,82.23746105030237,2024
060133452034,1744,761,212331.0,91070.0,634,217,617,217,198,78.94935085230277,2024
060133452041,2056,386,250001.0,,745,103,671,99,449,119.52823934116992,2024
060133452042,1156,268,250001.0,,422,93,374,80,295,79.0,2024
060133452051,682,241,,,382,123,382,123,211,147.50254235097103,2024
060133452052,2065,435,137813.0,40892.0,929,180,856,175,72,82.66801074176153,2024
060133452053,2994,660,188288.0,23211.0,1141,221,1067,204,198,127.10625476348518,2024
060133452061,1322,450,221545.0,9515.0,399,108,399,108,218,99.04039579888602,2024
060133452062,2365,487,157875.0,47594.0,917,211,905,211,251,88.70174744614674,2024
060133461011,2231,329,250001.0,,894,109,894,109,514,108.73361945598978,2024
060133461012,1050,215,205694.0,137052.0,432,83,421,82,453,135.31444860028807,2024
060133461021,1823,423,250001.0,,563,110,549,109,438,125.78553175941977,2024
060133461022,1744,460,250001.0,,630,137,602,135,342,112.89818421923357,2024
060133461023,990,813,250001.0,,280,170,280,170,143,80.68457101577724,2024
060133461024,921,265,250001.0,,434,103,367,96,258,109.88630487917955,2024
060133462031,3119,518,189605.0,51847.0,1074,164,1064,166,714,189.36472744415735,2024
060133462032,953,236,223516.0,115213.0,355,79,355,79,191,73.32803011127464,2024
060133462041,1917,451,250001.0,,695,158,667,145,439,150.0499916694433,2024
060133462042,2061,708,242721.0,97108.0,854,274,777,280,374,121.82774724995944,2024
060133462043,2148,468,250001.0,,762,176,762,176,561,170.14111789923092,2024
060133462044,1576,1000,250001.0,,457,268,457,268,68,73.62064927722385,2024
060133462051,2442,548,241161.0,135599.0,976,192,937,179,693,192.0833152566875,2024
060133462052,1327,390,229306.0,82063.0,561,143,561,143,523,150.1532550429727,2024
060133462061,1202,253,250001.0,,423,76,423,76,256,95.60857702110204,2024
060133462062,2102,411,250001.0,,764,138,711,129,445,176.90675509996785,2024
060133470001,2575,551,250001.0,,956,209,938,209,576,206.01456259206532,2024
060133470002,2487,592,250001.0,,757,148,757,148,744,227.9736826916651,2024
060133470003,1909,810,235913.0,21201.0,606,211,588,209,251,112.34322409473569,2024
060133480001,655,228,208906.0,114038.0,217,55,217,55,111,51.58488150611572,2024
060133480002,2262,387,250001.0,,832,127,758,126,562,141.2940196894405,2024
060133480003,1971,345,250001.0,,655,99,630,99,331,91.40021881811882,2024
060133490001,2054,692,140213.0,60883.0,914,202,914,202,410,146.7310464761974,2024
060133490002,1938,406,250001.0,,754,171,754,171,513,192.84449693989197,2024
060133490003,1030,325,125417.0,54942.0,583,191,583,191,278,143.46776641462012,2024
060133500001,1745,446,167250.0,46101.0,993,212,856,200,171,90.9065454189081,2024
060133500002,439,152,194900.0,127638.0,247,77,232,77,334,114.21033228215387,2024
060133500003,1435,389,222647.0,67813.0,492,125,492,125,462,158.19608086169518,2024
060133500004,2207,600,200263.0,128085.0,860,196,796,195,401,180.14993755202914,2024
060133511011,509,209,87344.0,57685.0,355,113,355,113,494,171.89531698100447,2024
060133511012,573,143,68750.0,23151.0,508,124,450,103,522,129.76517252329302,2024
060133511013,1686,286,82375.0,28052.0,1183,167,1143,173,1588,284.8192409230809,2024
060133511031,841,145,95781.0,23573.0,537,77,537,77,695,128.46011054019843,2024
060133511032,1152,211,97798.0,13122.0,770,105,742,103,1039,165.65325230734229,2024
060133511041,528,142,80000.0,34659.0,440,83,376,87,496,124.4025723206719,2024
060133511042,590,112,52083.0,20800.0,523,86,494,86,486,123.66082645688569,2024
060133511043,481,127,70313.0,18325.0,375,72,348,76,456,114.92171248288984,2024
060133511051,718,194,57528.0,9508.0,524,134,489,136,681,173.59147444503142,2024
060133511052,1003,338,81111.0,17456.0,821,165,732,168,826,257.3616132992642,2024
060133512001,1274,465,250001.0,,423,133,423,133,292,104.62791214585141,2024
060133512002,1792,476,250001.0,,695,192,682,193,517,246.8501569778719,2024
060133512003,2465,625,236058.0,77278.0,913,213,883,212,515,210.0761766598012,2024
060133521011,3579,313,223281.0,60205.0,911,93,872,99,582,111.32834320154055,2024
060133521021,1499,352,250001.0,,526,119,487,106,312,101.6021653312566,2024
060133521022,672,176,250001.0,,248,66,217,57,157,67.17142249498666,2024
060133521023,2173,267,237500.0,49828.0,640,114,640,114,270,81.01234473831751,2024
060133521024,802,255,250001.0,,311,90,311,90,211,83.04215796810678,2024
060133522011,2745,622,131378.0,35412.0,1132,204,1114,204,365,159.21369287847074,2024
060133522012,1340,591,247589.0,243082.0,390,131,390,131,254,155.49598065544973,2024
060133522013,2043,562,224250.0,32616.0,841,189,789,188,438,159.91872935963443,2024
060133522021,2575,343,196250.0,31935.0,1102,122,1054,121,763,161.43419712068444,2024
060133530011,1365,312,240417.0,104786.0,526,108,515,111,349,124.93598360760602,2024
060133530012,1626,346,250001.0,,542,106,498,99,189,67.54998149518622,2024
060133530013,1727,758,250001.0,,515,152,515,152,257,84.51627062288065,2024
060133530021,565,183,150125.0,77940.0,226,72,226,72,232,105.79224924350555,2024
060133530022,1661,321,250001.0,,599,131,599,131,353,136.7296602789607,2024
060133530023,1309,331,250001.0,,490,76,457,78,299,100.73728207570423,2024
060133530024,840,314,204950.0,91838.0,221,64,221,64,178,69.39020103732227,2024
060133540011,2255,382,231108.0,25540.0,831,101,819,100,470,89.62700485902673,2024
060133540021,2495,434,250001.0,,971,171,971,171,700,211.7781858454737,2024
060133540022,1009,516,207188.0,155230.0,459,232,459,232,219,145.97260016866178,2024
060133540023,1389,426,250001.0,,569,145,546,148,234,112.39217054581694,2024
060133540024,1965,368,231750.0,87138.0,907,192,884,190,731,239.87079855622275,2024
060133551071,1782,471,105227.0,20416.0,644,127,644,127,231,94.93682109698007,2024
060133551072,2179,812,158346.0,17860.0,667,220,631,222,255,85.85452812752511,2024
060133551073,1924,559,160469.0,18149.0,558,164,558,164,300,133.09770847013107,2024
060133551091,1115,548,132824.0,45064.0,335,133,307,142,247,152.10522673465235,2024
060133551092,772,470,151083.0,63272.0,233,109,233,109,172,103.32956982393762,2024
060133551093,2081,640,90843.0,30430.0,866,248,777,207,637,212.45705448395918,2024
060133551094,3069,933,121193.0,16926.0,752,254,697,223,159,92.21171292194934,2024
060133551101,2795,697,149091.0,50373.0,874,169,768,165,299,109.98636279102969,2024
060133551102,1201,495,113750.0,49089.0,372,99,372,99,125,61.538605769061746,2024
060133551111,2541,518,95588.0,15045.0,882,190,882,190,269,108.43892290132727,2024
060133551112,3077,844,89454.0,52708.0,869,264,857,265,240,115.43829520570719,2024
060133551113,963,299,128786.0,13355.0,385,121,356,114,208,89.46507698538016,2024
060133551121,1355,478,191755.0,42485.0,475,148,429,144,339,160.15617378046966,2024
060133551122,1223,512,181453.0,112768.0,543,175,543,175,522,156.48322593811773,2024
060133551123,2966,627,237292.0,113326.0,1212,225,1169,221,707,242.98765400735897,2024
060133551131,1792,298,250001.0,,724,103,683,111,465,136.4734406395618,2024
060133551132,2381,757,250001.0,,707,250,707,250,347,119.81652640600127,2024
060133551133,1280,371,250001.0,,429,91,417,96,256,90.32718306246464,2024
060133551151,1876,743,89474.0,71647.0,807,374,792,373,216,240.7426011324128,2024
060133551152,2570,550,249583.0,60359.0,804,216,804,216,147,98.5393322486001,2024
060133551153,6014,958,126953.0,82012.0,2431,365,2431,365,634,262.6689932215068,2024
060133551181,2370,584,102614.0,34579.0,799,223,799,223,269,141.45670715805596,2024
060133551182,1371,374,230139.0,103914.0,476,105,464,107,350,124.26584406022437,2024
060133551191,1423,457,169875.0,58504.0,447,131,447,131,167,123.77802712921223,2024
060133551192,3640,810,159091.0,56999.0,768,145,768,145,431,159.4145539152558,2024
060133551201,3166,602,101730.0,13455.0,1062,275,1062,275,468,185.9919353090343,2024
060133551202,1027,335,163403.0,56624.0,306,87,306,87,195,89.83874442577657,2024
060133551211,1795,395,245296.0,32191.0,575,110,575,110,167,93.66963221877195,2024
060133551212,2653,669,250001.0,,901,207,888,203,451,206.11162024495368,2024
060133551213,1673,414,250001.0,,622,138,582,147,151,94.02127418834527,2024
060133551221,1795,428,235732.0,52536.0,564,127,564,127,414,126.24975247500488,2024
060133551222,914,406,100852.0,57579.0,300,130,300,130,90,77.07788269017254,2024
060133551223,2701,1089,250001.0,,645,182,645,182,346,203.0221662774782,2024
060133551231,2256,536,250001.0,,719,195,681,181,72,52.38320341483518,2024
060133551232,790,200,250001.0,,239,60,226,60,75,73.19152956456095,2024
060133551241,1031,279,250001.0,,309,83,309,83,21,49.71921157862421,2024
060133551242,2348,389,250001.0,,667,126,667,126,173,81.7129120763665,2024
060133551243,1101,496,250001.0,,353,138,328,141,30,49.69909455915671,2024
060133551251,2282,335,250001.0,,698,85,654,102,103,82.6922003577121,2024
060133551252,1698,487,202685.0,119463.0,508,129,508,129,89,81.75573374387878,2024
060133551261,4269,653,250001.0,,1248,220,1248,220,564,234.94254616820683,2024
060133551262,1367,352,250001.0,,340,76,340,76,192,78.99367063252599,2024
060133552011,2947,749,183240.0,25954.0,879,201,879,201,430,178.13758727455584,2024
060133552012,1982,1372,174423.0,59564.0,556,272,556,272,107,86.09878047916823,2024
060133552013,3869,686,148233.0,24777.0,1246,239,1215,239,551,276.67489947590116,2024
060133552021,968,389,65076.0,37096.0,402,110,402,110,43,58.93216439263028,2024
060133552022,2835,227,208750.0,22762.0,785,112,613,73,329,116.49892703368559,2024
060133553021,1070,484,250001.0,,400,153,400,153,258,92.08148565265441,2024
060133553022,593,202,162000.0,64494.0,232,73,232,73,147,66.71581521648372,2024
060133553023,1636,247,250001.0,,574,88,564,87,367,108.0555412739208,2024
060133553061,720,245,134659.0,56749.0,291,75,291,75,163,61.83849933496123,2024
060133553062,1342,367,199350.0,85310.0,443,131,443,131,167,85.871997764114,2024
060133553063,827,280,151169.0,56837.0,339,88,339,88,225,91.33454987024352,2024
060133553064,1044,308,161136.0,28768.0,326,70,326,70,103,64.39720490828775,2024
060133553065,629,255,154524.0,32845.0,226,82,226,82,151,90.46546302318913,2024
060133553071,2606,526,182132.0,46496.0,951,147,943,147,250,85.6971411425142,2024
060133553072,1920,516,113750.0,35658.0,780,144,740,145,476,127.28707711311466,2024
060133553081,1199,296,205980.0,24947.0,379,97,379,97,258,100.91580649234291,2024
060133553082,1363,578,168906.0,26068.0,646,210,646,210,161,63.796551630946325,2024
060133553083,959,354,178077.0,45136.0,326,97,326,97,190,79.25276020429824,2024
060133553091,1123,271,171818.0,44823.0,424,82,376,81,307,106.62082348209472,2024
060133553092,1334,266,250001.0,,544,99,509,100,195,75.66372975210778,2024
060133553093,2146,762,139539.0,66940.0,647,138,647,138,487,172.4934781375806,2024
060133553101,1784,321,90139.0,32073.0,829,186,780,185,435,196.19378175671113,2024
060133553102,1053,230,126354.0,24277.0,395,90,395,90,139,73.87151006985034,2024
060133560011,704,309,82738.0,32081.0,257,95,222,88,197,87.36704184073076,2024
060133560012,2176,449,138260.0,42564.0,651,138,651,138,443,111.94194924156002,2024
060133560013,818,248,165875.0,27871.0,265,74,265,74,98,67.37952211169207,2024
060133560021,3020,617,142368.0,45952.0,1081,211,1081,211,789,211.0473880435387,2024
060133560022,2592,501,98708.0,35144.0,1093,210,1071,211,588,194.2446910471429,2024
060133570001,918,286,82568.0,35789.0,526,118,412,107,246,100.89598604503551,2024
060133570002,1155,349,90357.0,34612.0,598,191,598,191,474,178.47969072138153,2024
060133570003,1139,257,156447.0,21447.0,554,108,516,107,259,115.61574287267284,2024
060133580001,1104,490,82210.0,22631.0,580,167,483,187,224,117.0128198104806,2024
060133580002,761,372,64041.0,30015.0,453,174,453,174,262,172.0348801842231,2024
060133580003,746,337,129554.0,67334.0,246,109,246,109,142,80.7031597894407,2024
060133580004,1981,581,76202.0,50059.0,515,149,515,149,144,94.15943925066674,2024
060133580005,1226,622,55588.0,40109.0,505,166,440,162,70,69.06518659932803,2024
060133591021,1195,476,86326.0,44046.0,389,129,381,130,273,144.512975196001,2024
060133591022,2379,589,140682.0,15978.0,778,184,736,177,557,149.55935276671934,2024
060133591023,2102,563,144957.0,14771.0,694,159,643,151,482,167.5768480429203,2024
060133591031,1554,516,130139.0,49985.0,530,156,465,147,102,85.27015890685323,2024
060133591032,1233,340,108839.0,41315.0,473,110,473,110,317,119.65784554303157,2024
060133591033,1204,492,102174.0,81067.0,706,308,558,192,297,156.8853084262513,2024
060133591034,1177,427,95714.0,19567.0,466,148,466,148,216,105.14751542475932,2024
060133591041,2648,564,99796.0,42823.0,1310,340,1303,340,333,81.75573374387878,2024
060133591051,2241,534,146908.0,36355.0,770,149,770,149,553,163.09199857749,2024
060133591052,2942,510,123214.0,44368.0,1196,236,1126,243,301,112.17842929904127,2024
060133592021,2517,654,150788.0,6900.0,909,169,857,182,410,159.94686617749034,2024
060133592022,2382,799,126375.0,84610.0,941,353,923,353,957,388.93701289540445,2024
060133592023,1528,554,129107.0,97331.0,527,162,509,163,405,164.9424141935603,2024
060133592031,1754,536,155272.0,38352.0,545,136,545,136,581,192.566871501824,2024
060133592032,1147,350,56500.0,39679.0,568,153,568,153,422,164.6329250180534,2024
060133592033,4157,774,189821.0,65971.0,1296,303,1248,295,603,231.16228066014577,2024
060133592041,723,324,113125.0,78969.0,270,127,259,119,177,67.62396025078685,2024
060133592042,1344,386,139375.0,70218.0,454,124,414,112,411,130.90072574283155,2024
060133592043,2422,537,160859.0,63533.0,809,135,803,133,723,175.12852423291872,2024
060133601011,627,212,175234.0,97930.0,297,98,297,98,174,78.47929663293371,2024
060133601012,2204,530,133750.0,55387.0,738,146,738,146,296,91.6624241442479,2024
060133601013,1363,363,101786.0,52845.0,622,116,512,120,442,119.39430472179149,2024
060133601021,1977,449,136719.0,38056.0,689,110,689,110,651,158.0063289871643,2024
060133601022,2053,729,141014.0,31232.0,633,154,598,157,476,117.36268572250722,2024
060133601023,1309,642,207226.0,70049.0,306,128,306,128,361,182.65541327866524,2024
060133602001,2679,795,107313.0,61903.0,973,218,973,218,394,124.7517534946904,2024
060133602002,1100,479,130982.0,17967.0,455,148,387,138,146,71.78439941937245,2024
060133602003,1583,465,106544.0,31518.0,522,113,497,117,203,93.27915093953203,2024
060133610001,1065,348,76688.0,25739.0,396,132,363,125,158,93.9734004918413,2024
060133610002,1657,392,128631.0,34445.0,746,154,723,154,423,138.4702134034609,2024
060133610003,2297,527,113333.0,17648.0,751,147,708,141,285,96.46761114488116,2024
060133620001,989,301,166027.0,53120.0,400,97,345,93,168,72.49137879775773,2024
060133620002,846,366,122315.0,29382.0,416,129,324,109,165,63.60031446463138,2024
060133620003,953,302,119086.0,46388.0,461,129,461,129,356,155.5281325034156,2024
060133630001,1822,842,99828.0,43168.0,808,236,689,238,433,189.17452259752105,2024
060133630002,2114,532,120477.0,23218.0,849,208,707,185,582,204.08821622033938,2024
060133630003,2521,887,91671.0,7397.0,980,311,980,311,785,350.3155720204285,2024
060133630004,771,305,90938.0,63687.0,325,125,325,125,74,68.32276341015489,2024
060133640021,1902,471,63929.0,43703.0,816,185,816,185,464,148.49242404917499,2024
060133640022,1588,611,88750.0,34964.0,539,164,539,164,166,83.37865434270333,2024
060133640023,1763,521,141667.0,42921.0,568,144,568,144,179,76.38062581571324,2024
060133650021,2120,686,74743.0,20928.0,660,169,620,171,179,83.60621986431393,2024
060133650022,1142,394,105313.0,41730.0,342,90,309,92,32,58.66003750424986,2024
060133650023,1852,531,108393.0,66169.0,452,148,381,138,188,114.84337159801605,2024
060133650031,1488,317,116078.0,24953.0,702,165,649,163,385,163.41358572652396,2024
060133650032,1497,663,84769.0,28213.0,581,248,581,248,107,107.42904635153381,2024
060133650033,1723,614,59381.0,7156.0,791,247,791,247,344,199.45926902503177,2024
060133650034,881,544,,,564,310,518,298,56,79.91245209602819,2024
060133660011,1283,416,78500.0,21879.0,526,150,526,150,222,107.75435026020992,2024
060133660012,2733,627,110341.0,44609.0,773,140,773,140,259,111.00450441310929,2024
060133660021,1173,340,56343.0,9958.0,464,127,464,127,197,111.33732527773424,2024
060133660022,1858,499,165032.0,38360.0,477,119,470,121,247,105.60776486603625,2024
060133660023,3221,857,77625.0,41191.0,892,231,874,223,270,104.47487736293353,2024
060133671001,1894,642,131069.0,9261.0,545,188,545,188,269,148.60349928585129,2024
060133671002,803,569,,,255,141,179,107,93,68.74590896918885,2024
060133671003,1885,670,46680.0,18882.0,932,282,910,275,178,151.08275877809487,2024
060133671004,1198,487,108661.0,45592.0,412,151,366,137,242,105.9197809665409,2024
060133672001,1600,476,98920.0,30784.0,409,110,402,111,174,74.07428703673091,2024
060133672002,3020,863,66731.0,35041.0,1077,252,1020,257,216,89.86100377805714,2024
060133672003,997,402,135139.0,29796.0,312,98,312,98,212,129.20913280414817,2024
060133680011,407,255,74167.0,53200.0,157,92,138,86,36,52.3354564325181,2024
060133680012,2005,653,104096.0,28886.0,498,153,498,153,112,70.92249290598858,2024
060133680013,1412,659,111167.0,57463.0,384,140,384,140,158,84.74668135095321,2024
060133680014,1674,605,86450.0,30629.0,371,136,371,136,101,89.50418984606252,2024
060133680021,2096,479,74313.0,28870.0,617,155,617,155,230,140.49911031746785,2024
060133680022,2210,739,65598.0,23043.0,597,163,557,158,250,125.61846997953764,2024
060133690011,2275,888,72609.0,7295.0,793,319,758,319,143,108.40664186294121,2024
060133690012,1516,412,84554.0,16290.0,549,169,549,169,467,142.97202523570826,2024
060133690013,1590,660,90880.0,48740.0,435,174,435,174,88,75.63068160475615,2024
060133690014,1669,587,80340.0,10198.0,654,256,654,256,383,189.2326610286924,2024
060133690015,626,403,,,225,126,225,126,161,89.3420393767682,2024
060133690021,866,460,68553.0,17010.0,370,145,313,145,93,62.44197306299666,2024
060133690022,1136,323,97083.0,95210.0,393,95,393,95,205,101.58247880417174,2024
060133690023,803,298,91563.0,35491.0,334,106,334,106,116,70.71774883294857,2024
060133700001,1533,379,129125.0,49914.0,548,102,539,103,309,111.48542505637228,2024
060133700002,529,185,188750.0,55032.0,291,85,260,86,177,93.8083151964686,2024
060133700003,858,359,172857.0,67880.0,300,101,300,101,77,49.42671342502959,2024
060133710001,1171,532,107582.0,14631.0,438,174,398,169,304,133.04886320446334,2024
060133710002,629,337,212531.0,81018.0,195,104,195,104,110,95.06839643120105,2024
060133710003,659,315,104271.0,38706.0,296,116,267,121,92,65.79513659838392,2024
060133710004,1105,363,96781.0,18232.0,436,110,415,107,247,93.31666517830564,2024
060133710005,1191,515,110352.0,35053.0,381,152,359,150,162,112.37882362794157,2024
060133710006,1027,409,72330.0,25708.0,500,201,486,199,125,79.0,2024
060133720001,578,385,84224.0,47084.0,266,153,214,145,45,65.58200972827838,2024
060133720002,1492,758,,,446,186,397,167,102,87.78382538941898,2024
060133720003,1146,538,97751.0,31122.0,498,256,498,256,31,68.23488843692792,2024
060133720004,1750,770,119250.0,55043.0,672,221,604,225,310,135.34770038681853,2024
060133720005,1190,579,74109.0,22592.0,401,176,401,176,148,100.98019607824101,2024
060133720006,637,319,125598.0,59160.0,269,121,269,121,66,67.7864293203293,2024
060133720007,477,300,158846.0,69393.0,102,68,102,68,77,65.10760324263211,2024
060133730001,2179,631,119648.0,28726.0,660,200,660,200,269,149.36532395439042,2024
060133730002,1430,546,81103.0,40799.0,432,148,432,148,143,80.72174428244226,2024
060133730003,1189,511,54286.0,33323.0,310,113,310,113,112,84.08329203831163,2024
060133740001,1366,476,135227.0,46556.0,518,128,510,126,179,96.12491872558333,2024
060133740002,1543,454,123750.0,52124.0,584,151,584,151,262,128.7866452703851,2024
060133740003,459,152,14741.0,3415.0,285,84,285,84,100,67.66091929614909,2024
060133740004,1742,693,90192.0,73466.0,562,149,530,153,167,90.82400563727631,2024
060133750001,2376,1197,97357.0,71619.0,540,172,540,172,142,83.04817878797824,2024
060133750002,1720,585,57540.0,14918.0,591,140,553,144,180,121.99180300331658,2024
060133750003,1271,519,84420.0,28741.0,363,121,363,121,115,78.42831121476479,2024
060133760001,1028,543,,,343,115,310,112,88,74.29670248402684,2024
060133760002,2885,749,83615.0,21122.0,785,169,721,177,201,123.47874310989727,2024
060133760003,1363,446,68542.0,64546.0,464,117,422,119,203,104.30723848324239,2024
060133760004,1540,779,53482.0,42339.0,521,199,470,196,65,71.09852319141376,2024
060133770001,1547,843,,,346,152,346,152,48,72.37402849088892,2024
060133770002,1275,822,56127.0,13722.0,364,150,364,150,66,77.2463591375024,2024
060133770003,1025,523,34052.0,14734.0,487,250,487,250,292,235.55678720852006,2024
060133770004,2728,1220,54839.0,27916.0,790,287,790,287,360,172.15109642404255,2024
060133770005,1295,516,,,679,194,642,181,263,146.69014963520897,2024
060133780001,1858,511,129167.0,42442.0,890,120,862,122,590,175.78680269007683,2024
060133780002,2484,452,160962.0,36955.0,1230,183,1202,182,602,155.48633380461447,2024
060133790001,2552,1184,,,402,127,353,121,113,92.07605551933683,2024
060133790002,1185,425,93036.0,68422.0,397,121,345,105,226,97.74456506629922,2024
060133790003,2281,1039,93180.0,38760.0,714,243,689,236,65,61.204574992397426,2024
060133790004,1810,506,49286.0,30877.0,661,164,642,165,135,83.09031231136396,2024
060133800011,1784,365,137083.0,32426.0,1107,168,1052,183,338,106.0,2024
060133800012,1320,250,151125.0,43989.0,816,148,777,147,302,104.05767631462851,2024
060133800021,2391,826,114291.0,27772.0,1054,348,1041,348,400,282.35615806991,2024
060133800022,1047,459,41576.0,19165.0,465,180,465,180,135,128.1327436684316,2024
060133810001,1588,787,76019.0,31197.0,667,222,564,220,430,202.6746160721663,2024
060133810002,1518,694,77962.0,38554.0,578,212,578,212,285,173.76996288196645,2024
060133810003,584,320,123010.0,39458.0,299,134,282,132,177,97.15966241192895,2024
060133810004,3148,927,88702.0,42825.0,878,185,841,176,272,144.98965480336864,2024
060133820001,661,323,62833.0,54429.0,392,179,360,181,144,101.99019560722492,2024
060133820002,2819,1071,27083.0,17806.0,883,280,883,280,349,175.97727125967148,2024
060133820003,3207,977,81307.0,49623.0,1005,252,1005,252,367,199.80740727010098,2024
060133820004,1854,917,83627.0,36689.0,815,262,734,272,150,103.09219175087898,2024
060133830001,2091,716,60654.0,14137.0,835,248,835,248,169,87.69264507357501,2024
060133830002,1361,404,162586.0,47167.0,593,125,573,127,281,139.91068579633222,2024
060133830003,1791,446,139619.0,49653.0,808,154,728,157,287,119.08820260630354,2024
060133840001,1253,377,181667.0,164349.0,595,198,586,198,303,95.37295214053091,2024
060133840002,738,217,250001.0,,302,78,302,78,179,80.38034585643433,2024
060133840003,1484,344,178277.0,17591.0,532,93,527,94,205,82.26177727231524,2024
060133840004,710,172,146250.0,55836.0,290,61,290,61,170,69.82836100038436,2024
060133851001,1785,302,141023.0,60920.0,778,144,763,144,512,116.55041827466772,2024
060133851002,950,301,153769.0,69538.0,476,152,437,161,434,172.89013852733186,2024
060133852001,595,101,216429.0,65595.0,266,38,266,38,169,52.009614495783374,2024
060133852002,816,273,134135.0,21143.0,297,86,292,86,170,60.74537019394976,2024
060133860001,1616,423,89535.0,30467.0,705,168,654,167,203,92.81163720137685,2024
060133860002,1538,423,55368.0,23123.0,644,132,636,133,292,119.15955689746417,2024
060133860003,639,220,131058.0,64448.0,256,71,249,69,123,73.07530362578044,2024
060133870001,1041,293,170275.0,49625.0,443,121,443,121,159,72.79423054061358,2024
060133870002,848,294,195433.0,68045.0,281,73,281,73,142,69.8426803609369,2024
060133870003,1276,289,,,569,88,569,88,218,95.86970324351692,2024
060133880001,1021,208,88824.0,21991.0,483,96,476,100,143,73.25981162956946,2024
060133880002,1757,384,143317.0,19476.0,721,138,653,132,342,93.65361712181756,2024
060133891001,1156,243,61283.0,29672.0,585,131,553,121,251,126.86607111438424,2024
060133891002,1160,241,92891.0,31160.0,582,111,567,111,202,70.11419257183242,2024
060133892001,723,184,90114.0,25366.0,301,60,301,60,15,45.58508528016593,2024
060133892002,1054,271,89423.0,20530.0,435,71,416,69,156,57.619441163551734,2024
060133901001,673,140,208750.0,74051.0,316,49,296,51,181,55.02726596879042,2024
060133901002,996,194,185294.0,50617.0,496,172,420,90,280,85.45174076635303,2024
060133901003,679,161,189333.0,35318.0,251,64,244,64,142,56.91221310052878,2024
060133902001,1133,197,175625.0,51788.0,484,98,475,100,272,68.59300255857006,2024
060133902002,697,109,205250.0,41180.0,319,43,295,43,163,41.83300132670378,2024
060133910001,880,187,164896.0,94121.0,350,68,343,69,224,91.92932067626738,2024
060133910002,1756,340,197750.0,62651.0,751,98,751,98,396,96.82974749528164,2024
060133920001,889,154,250001.0,,392,61,370,59,233,67.12674578735364,2024
060133920002,990,325,250001.0,,436,101,402,103,237,104.28326807307106,2024
060133920003,595,169,250001.0,,255,54,255,54,112,61.91930232165088,2024
060133922011,1664,462,86250.0,73872.0,468,166,468,166,210,107.91200118615167,2024
060133922012,1224,441,119257.0,64947.0,504,187,504,187,23,60.0,2024
060133922013,2369,573,123165.0,30245.0,856,257,847,257,279,134.24231821597837,2024
060133922021,1221,451,96667.0,32782.0,403,134,326,117,241,112.09371079592289,2024
060133922022,1254,441,62823.0,19418.0,447,99,420,102,387,140.52401929919313,2024
060133922023,2339,1190,162971.0,60564.0,740,288,740,288,358,143.90621946253748,2024
060133923001,2871,557,135083.0,53805.0,853,111,831,111,326,105.25207836427744,2024
060133923002,1169,260,238482.0,30112.0,321,69,321,69,241,109.45318634009702,2024
060139800001,475,17,,,0,14,0,14,6,47.49736834815167,2024
060139900000,0,14,,,0,14,0,14,0,48.49742261192856,2024
