h3,canopy_pct,row_canopy_pct,canopy_m2,row_m2,assessed_m2,coverage_frac,canopy_source,canopy_year,canopy_quality
892830d0883ffff,26.718552452260152,0.0,29290.32,0.0,109625.4,0.9964812877609865,usfs-2022,2022,full
892830d0893ffff,0.0,0.0,0.0,0.0,787.68,0.007159638050055436,usfs-2022,2022,partial
892830d0897ffff,14.81824439491281,0.0,6509.88,0.0,43931.52,0.3993363051357782,usfs-2022,2022,partial
892830d0993ffff,0.5767782906150775,0.0,634.32,0.0,109976.4,0.9999770638412524,usfs-2022,2022,full
892830d0c07ffff,0.3518392701155003,0.0,387.0,0.0,,,chm-legacy,2009-2020,coverage-unknown
892830d0c17ffff,0.3033268893220846,0.0,334.0,0.0,,,chm-legacy,2009-2020,coverage-unknown
892830d0c23ffff,0.0,0.0,0.0,0.0,,,chm-legacy,2009-2020,coverage-unknown
892830d0c27ffff,0.0,0.0,0.0,0.0,,,chm-legacy,2009-2020,coverage-unknown
892830d0c2bffff,0.0,0.0,0.0,0.0,,,chm-legacy,2009-2020,coverage-unknown
892830d0c2fffff,0.0,0.0,0.0,0.0,,,chm-legacy,2009-2020,coverage-unknown
892830d0c33ffff,0.0,0.0,0.0,0.0,,,chm-legacy,2009-2020,coverage-unknown
892830d0c37ffff,0.0,0.0,0.0,0.0,,,chm-legacy,2009-2020,coverage-unknown
892830d0c3bffff,0.0,0.0,0.0,0.0,,,chm-legacy,2009-2020,coverage-unknown
892830d0c83ffff,0.0,0.0,0.0,0.0,2018.88,0.01834643086755055,usfs-2022,2022,partial
892830d0c87ffff,37.733333333333334,30.443548387096776,1222.56,497.0,3240.0,0.029444718059241228,usfs-2022,2022,partial
892830d0c8fffff,0.0,0.0,0.0,0.0,,,chm-legacy,2009-2020,coverage-unknown
892830d0c93ffff,0.0,0.0,0.0,0.0,23111.64,0.21001734608837017,usfs-2022,2022,partial
892830d0c97ffff,7.464353203916853,27.590110487230575,6882.48,5757.0,92204.64,0.8379121425731548,usfs-2022,2022,partial
892830d0ca3ffff,0.2063006650162613,0.0,227.0,0.0,,,chm-legacy,2009-2020,coverage-unknown
892830d0ca7ffff,0.8501860540365636,0.0,935.0,0.0,,,chm-legacy,2009-2020,coverage-unknown
892830d0cabffff,0.0307396112248117,0.0,34.0,0.0,,,chm-legacy,2009-2020,coverage-unknown
892830d0cafffff,0.0,0.0,0.0,0.0,,,chm-legacy,2009-2020,coverage-unknown
892830d0cb3ffff,20.966289770003392,26.646451246091157,6455.16,5574.0,30788.28,0.279813799134967,usfs-2022,2022,partial
892830d0cb7ffff,14.747346961064492,18.23791490309646,11666.52,13213.0,79109.28,0.7190058875130269,usfs-2022,2022,partial
892830d0cbbffff,0.0,0.0,0.0,0.0,,,chm-legacy,2009-2020,coverage-unknown
892830d0d03ffff,14.252702944551473,7.414806110458285,9747.72,2836.0,68392.08,0.6217630151560053,usfs-2022,2022,partial
892830d0d07ffff,2.389002536617298,28.26855123674912,2627.64,438.0,109989.0,0.9999761907898734,usfs-2022,2022,full
892830d0d0bffff,24.633661535616884,11.126908111343909,9592.2,4276.0,38939.4,0.3540003592783643,usfs-2022,2022,partial
892830d0d0fffff,3.762228469874352,1.619644723092999,4138.2,678.0,109993.32,1.0,usfs-2022,2022,full
892830d0d13ffff,9.332327088697506,10.340597677149942,7567.92,12367.0,81093.6,0.7372061533105329,usfs-2022,2022,partial
892830d0d17ffff,20.959628193169358,25.98491773308958,23054.04,11660.0,109992.6,0.9999704597297311,usfs-2022,2022,full
892830d0d1bffff,10.280397022332506,14.60649936227927,10440.36,17113.0,101556.0,0.9232160162778603,usfs-2022,2022,partial
892830d0d23ffff,0.8048994448517859,0.0,885.24,0.0,109981.44,0.9999950575055521,usfs-2022,2022,full
892830d0d27ffff,0.0,0.0,0.0,0.0,109975.68,0.9999918253928991,usfs-2022,2022,full
892830d0d2bffff,0.0,0.0,0.0,0.0,109981.8,0.9999876762167552,usfs-2022,2022,full
892830d0d2fffff,0.050083308509907006,0.0,55.08,0.0,109976.76,0.9999909864895282,usfs-2022,2022,full
892830d0d33ffff,0.3351717591607613,5.151942040652043,368.64,1697.0,109985.4,0.9999925892711612,usfs-2022,2022,full
892830d0d37ffff,0.0,0.0,0.0,0.0,109980.0,0.9999926287104534,usfs-2022,2022,full
892830d0d3bffff,2.283365083105848,0.0,2511.36,0.0,109985.04,0.9999786565115866,usfs-2022,2022,full
892830d0d43ffff,13.227681602172437,0.0,2244.6,0.0,16968.96,0.15425658994702104,usfs-2022,2022,partial
892830d0d47ffff,81.54093097913324,100.0,182.88,0.0,224.28,0.0020389208810482696,usfs-2022,2022,partial
892830d0d4bffff,15.779082376696707,0.0,15191.28,0.0,96274.8,0.8751782391982351,usfs-2022,2022,partial
892830d0d53ffff,0.0,0.0,0.0,0.0,,,chm-legacy,2009-2020,coverage-unknown
892830d0d57ffff,9.632447448069986,15.310246048391221,3345.48,5960.0,34731.36,0.31572931646558855,usfs-2022,2022,partial
892830d0d5bffff,0.0,0.0,0.0,0.0,,,chm-legacy,2009-2020,coverage-unknown
892830d0d63ffff,22.074313133759713,50.46106089655802,24278.76,5860.0,109986.48,0.9999704590973021,usfs-2022,2022,full
892830d0d67ffff,2.7540923507981763,20.291310899045705,3029.04,571.0,109983.24,0.9999901243648127,usfs-2022,2022,full
892830d0d77ffff,2.901264066090167,0.0,3191.04,0.0,109987.92,0.9999941913322393,usfs-2022,2022,full
892830d0d83ffff,7.416522396510025,0.0,8158.32,0.0,110001.96,0.9999786565931149,usfs-2022,2022,full
892830d0d87ffff,21.64861742480028,44.84781811514485,23813.28,8663.0,109999.08,1.0,usfs-2022,2022,full
892830d0d8bffff,12.047739368851138,8.488499452354874,12101.4,13836.0,100445.4,0.9130944971801325,usfs-2022,2022,partial
892830d0d8fffff,11.282314784208097,32.129425108948716,12410.28,4093.0,109997.64,0.9999778273627679,usfs-2022,2022,full
892830d0d93ffff,17.24886113729186,10.726169844020797,18974.52,18544.0,110004.48,0.9999631307204627,usfs-2022,2022,full
892830d0d97ffff,17.478343113159074,8.024420960411762,19226.52,12094.0,110001.96,0.9999893369403361,usfs-2022,2022,full
892830d0d9bffff,9.699228682411537,7.492977805910511,10670.04,8418.0,110009.16,0.9999949969559255,usfs-2022,2022,full
892830d0da3ffff,26.277821419219695,37.969281275647795,28902.24,9523.0,109987.2,0.9999811650081674,usfs-2022,2022,full
892830d0da7ffff,24.41965513178051,39.19676480657309,26857.44,10230.0,109982.88,0.999991025856197,usfs-2022,2022,full
892830d0dabffff,9.078293201017246,16.771799628942485,9985.32,13727.0,109991.16,1.0,usfs-2022,2022,full
892830d0dafffff,7.3859861019734145,16.745270378905623,8123.4,11185.0,109983.96,0.9999901661531321,usfs-2022,2022,full
892830d0db3ffff,28.417972585522953,30.693121002480094,31257.36,19115.0,109991.52,0.9999819906795571,usfs-2022,2022,full
892830d0db7ffff,27.84649374028312,29.682133952233848,30628.08,16143.0,109989.0,1.0,usfs-2022,2022,full
892830d0dbbffff,24.65773600096878,33.33227430858922,27122.04,15108.0,109994.04,0.9999942211921209,usfs-2022,2022,full
892830d0dc3ffff,0.0,0.0,0.0,0.0,,,chm-legacy,2009-2020,coverage-unknown
892830d0dc7ffff,0.1537179518296481,0.0,169.0,16.0,,,chm-legacy,2009-2020,coverage-unknown
892830d0dcbffff,0.0,0.0,0.0,0.0,,,chm-legacy,2009-2020,coverage-unknown
892830d0dcfffff,32.27571115973742,27.038183694530442,318.6,509.0,987.12,0.008973179766899349,usfs-2022,2022,partial
892830d0dd3ffff,0.0,0.0,0.0,0.0,,,chm-legacy,2009-2020,coverage-unknown
892830d0dd7ffff,7.673803543186741,8.398774181191342,2078.64,3443.0,27087.48,0.24622545581661753,usfs-2022,2022,partial
892830d0ddbffff,0.0,0.0,0.0,0.0,,,chm-legacy,2009-2020,coverage-unknown
892830d286bffff,0.6114097099320547,0.0,672.84,0.0,110047.32,0.9999748394106198,usfs-2022,2022,full
892830d286fffff,0.0,0.0,0.0,0.0,110039.76,0.9999552086595975,usfs-2022,2022,full
892830d28a3ffff,8.349335435687905,14.819420109647883,9188.28,10851.0,110048.04,0.9999966583598298,usfs-2022,2022,full
892830d28a7ffff,29.260927741627324,16.67690260504632,32198.76,11722.0,110040.12,0.9999737755846997,usfs-2022,2022,full
892830d28afffff,2.1189587429539793,6.832019483432673,2331.72,5233.0,110040.84,0.9999695668174227,usfs-2022,2022,full
892830d28b7ffff,37.63338850977801,35.2157552119098,41414.4,8491.0,110046.96,0.9999976015095352,usfs-2022,2022,full
892830d2903ffff,0.5720082463431395,0.0,629.28,0.0,110012.4,0.9999458606750812,usfs-2022,2022,full
892830d2907ffff,8.397526097058151,7.484317542721176,9238.32,3079.0,110012.4,0.9999949875528245,usfs-2022,2022,full
892830d290bffff,13.944897091063774,6.450152766776056,15342.12,8928.0,110019.6,1.0,usfs-2022,2022,full
892830d290fffff,0.6652813456157861,0.0,731.88,0.0,110010.6,0.9999678661621003,usfs-2022,2022,full
892830d2913ffff,9.186097495533582,12.96010792060127,10106.64,6504.0,110021.04,0.9999860333093475,usfs-2022,2022,full
892830d2917ffff,11.952684020222183,5.709583243529204,13150.08,17324.0,110017.8,1.0,usfs-2022,2022,full
892830d291bffff,11.193785665671955,7.763317191283294,12315.6,8777.0,110021.76,0.9999818169682843,usfs-2022,2022,full
892830d2923ffff,14.254390988614682,14.74396360667211,15680.52,10525.0,110004.84,1.0,usfs-2022,2022,full
892830d2927ffff,22.069778097794067,17.078796513008378,24275.52,17601.0,109994.4,0.9999680174369696,usfs-2022,2022,full
892830d292bffff,7.193561794921306,0.0,7912.8,0.0,109998.36,0.9999441117977651,usfs-2022,2022,full
892830d292fffff,6.271314023891343,7.212813711487452,6898.32,3274.0,109998.0,0.9999899813812686,usfs-2022,2022,full
892830d2933ffff,7.44827766760261,18.913390194854728,8193.6,8419.0,110006.64,0.9999917650548709,usfs-2022,2022,full
892830d2937ffff,14.373705207968554,6.260147371050332,15810.84,10808.0,109998.36,0.9999656394372244,usfs-2022,2022,full
892830d293bffff,0.1557708858978261,0.0,171.36,0.0,110007.72,0.9999908180164556,usfs-2022,2022,full
892830d2943ffff,6.930242754820576,12.479382216224321,7624.8,8405.0,110022.12,0.999963597811322,usfs-2022,2022,full
892830d2947ffff,17.362395002666858,9.585513746988953,19101.6,3919.0,110017.08,0.9999668985465541,usfs-2022,2022,full
892830d294bffff,0.0,0.0,0.0,0.0,110026.8,0.9999954019529754,usfs-2022,2022,full
892830d294fffff,9.13502282283265,11.264904732636754,10050.48,12993.0,110021.4,0.9999954280714782,usfs-2022,2022,full
892830d2953ffff,6.477482429620323,13.748896042847782,7126.92,10899.0,110026.08,0.9999612237658941,usfs-2022,2022,full
892830d2957ffff,36.27657242324794,17.361545538178472,39913.56,16169.0,110025.72,1.0,usfs-2022,2022,full
892830d2963ffff,4.769820804481852,1.7185093932861102,5247.36,5744.0,110011.68,1.0,usfs-2022,2022,full
892830d2967ffff,0.0,0.0,0.0,0.0,110005.56,0.999998814007567,usfs-2022,2022,full
892830d296bffff,9.694256552229673,1.1966701352757543,10664.64,9571.0,110009.88,0.9999782179730636,usfs-2022,2022,full
892830d296fffff,0.1263200610001538,0.07432432432432433,138.96,10648.0,110006.28,0.9999946192757692,usfs-2022,2022,full
892830d2973ffff,6.247484415648162,0.0,6873.12,0.0,110014.2,0.9999898390745412,usfs-2022,2022,full
892830d2977ffff,0.004254260805822446,0.0,4.68,0.0,110007.36,0.9999767909307226,usfs-2022,2022,full
892830d297bffff,11.215934972119689,3.0201157343620832,12339.0,12670.0,110013.12,0.9999692821153413,usfs-2022,2022,full
892830d2983ffff,13.158299440148943,5.2136532314362345,14477.04,9287.0,110022.12,0.9999682748109526,usfs-2022,2022,full
892830d2987ffff,12.745460554517521,5.453279972159388,14022.0,9780.0,110015.64,0.999958501837481,usfs-2022,2022,full
892830d298bffff,14.060608440160452,14.000222049517042,15470.64,13943.0,110028.24,1.0,usfs-2022,2022,full
892830d298fffff,16.777590178524683,6.339482222676014,18459.0,14860.0,110021.76,1.0,usfs-2022,2022,full
892830d2993ffff,18.166796998975883,5.684559968514177,19988.28,19842.0,110026.44,0.99996920215711,usfs-2022,2022,full
892830d2997ffff,12.99476806392189,2.530900529723367,14297.4,1192.0,110024.28,0.9999986918538406,usfs-2022,2022,full
892830d299bffff,16.898256451196012,9.704927564319977,18593.28,13418.0,110030.76,0.999997683489411,usfs-2022,2022,full
892830d29a3ffff,10.55421749829834,2.886741939238738,11610.72,12014.0,110010.24,0.9999969025576007,usfs-2022,2022,full
892830d29a7ffff,12.541889203057913,6.187115707098938,13796.64,9667.0,110004.48,0.999993688226412,usfs-2022,2022,full
892830d29abffff,14.685275782515502,7.501793173283827,16155.36,15785.0,110010.6,0.9999893954582105,usfs-2022,2022,full
892830d29afffff,5.724786134583036,2.7777777777777777,6297.48,1109.0,110003.76,0.9999763591039664,usfs-2022,2022,full
892830d29b3ffff,15.34668206821402,5.183805265772479,16883.64,13742.0,110014.92,1.0,usfs-2022,2022,full
892830d29b7ffff,12.050605737324021,2.489650087903363,13256.64,12380.0,110008.08,0.9999880572480144,usfs-2022,2022,full
892830d29bbffff,12.766451781799143,4.229447528416601,14044.68,14347.0,110012.4,0.9999673998652701,usfs-2022,2022,full
892830d29c3ffff,34.87945244023334,15.739296238516207,38378.88,19250.0,110032.92,0.9999957821027341,usfs-2022,2022,full
892830d29c7ffff,17.02473660100779,7.01577439786985,18731.16,16595.0,110023.2,0.9999565501344144,usfs-2022,2022,full
892830d29cbffff,13.406008100662842,15.645550808099573,14751.36,16347.0,110035.44,1.0,usfs-2022,2022,full
892830d29cfffff,33.59180989212693,13.476478683575774,36960.84,21049.0,110029.32,1.0,usfs-2022,2022,full
892830d29d3ffff,15.369087774284415,2.584727993595364,16911.72,9199.0,110037.24,0.9999966989128342,usfs-2022,2022,full
892830d29d7ffff,9.829891796917178,14.768555056102667,10815.48,8942.0,110026.44,0.999947651416281,usfs-2022,2022,full
892830d29dbffff,29.59932473769789,14.049650414266793,32570.28,20092.0,110037.24,0.9999859424534412,usfs-2022,2022,full
892830d2a23ffff,0.0,0.0,0.0,0.0,47927.88,0.4355124484843066,usfs-2022,2022,partial
892830d2a27ffff,0.0,0.0,0.0,0.0,110044.44,1.0,usfs-2022,2022,full
892830d2a2fffff,0.0,0.0,0.0,0.0,104262.84,0.947454972129262,usfs-2022,2022,partial
892830d2a33ffff,0.0,0.0,0.0,0.0,35011.08,0.318127484035717,usfs-2022,2022,partial
892830d2a37ffff,7.866319029844643,28.41409691629956,8656.56,5148.0,110045.88,0.9999787586012338,usfs-2022,2022,full
892830d2aa3ffff,12.481885776531817,14.181032891579608,13736.52,16738.0,110051.64,0.9999543462498539,usfs-2022,2022,full
892830d2aa7ffff,16.419306825430578,19.671622838749688,18069.48,19585.0,110050.2,0.9999903161649499,usfs-2022,2022,full
892830d2aabffff,0.0,0.0,0.0,525.0,36127.08,0.3282553980117572,usfs-2022,2022,partial
892830d2aafffff,8.15204946187314,19.3922523776386,8971.2,10008.0,110048.4,0.9999632771174081,usfs-2022,2022,full
892830d2ab3ffff,0.0,0.0,0.0,0.0,110061.0,1.0,usfs-2022,2022,full
892830d2ab7ffff,1.950887614611376,3.295222160252835,2147.04,7491.0,110054.52,0.9999912029950914,usfs-2022,2022,full
892830d2abbffff,1.444671618286339,8.959482594635723,1350.72,5169.0,93496.68,0.8494905307131901,usfs-2022,2022,partial
892830d2b03ffff,6.3016163863621495,9.511114448783418,6933.24,8676.0,110023.2,0.9999689435590234,usfs-2022,2022,full
892830d2b07ffff,3.1176378200094237,0.0,3430.08,0.0,110021.76,1.0,usfs-2022,2022,full
892830d2b0bffff,2.6123004538152217,27.163280662151994,2874.24,1045.0,110027.16,0.9999942480145071,usfs-2022,2022,full
892830d2b0fffff,9.884493308465036,14.651236025822707,10874.88,3903.0,110019.6,0.9999746271150947,usfs-2022,2022,full
892830d2b13ffff,20.995131336134122,22.30725511188654,23100.12,21161.0,110026.08,0.9999567241726328,usfs-2022,2022,full
892830d2b17ffff,18.98738318980185,24.21876175430678,20890.8,18132.0,110024.64,0.999992727798674,usfs-2022,2022,full
892830d2b1bffff,16.42613392836694,23.161342220179268,18073.8,19257.0,110030.76,0.9999885657282896,usfs-2022,2022,full
892830d2b23ffff,18.572573915604494,29.800734324314693,20431.8,7089.0,110010.6,0.9999910275853726,usfs-2022,2022,full
892830d2b27ffff,14.441491798772107,15.878234138843823,15886.08,21279.0,110003.04,0.9999714211685985,usfs-2022,2022,full
892830d2b2bffff,20.691596063917167,13.60995403135574,22762.8,23071.0,110009.88,0.999973792163997,usfs-2022,2022,full
892830d2b2fffff,20.573865179643754,31.754417382999044,22632.84,8231.0,110007.72,1.0,usfs-2022,2022,full
892830d2b33ffff,24.35339467794081,21.460406500941332,26792.28,14718.0,110014.56,0.9999886115909843,usfs-2022,2022,full
892830d2b37ffff,7.921734947329151,2.4032897999669367,8714.52,17002.0,110007.72,0.999975548882964,usfs-2022,2022,full
892830d2b3bffff,17.961983108694017,14.886735013654476,19761.12,27377.0,110016.36,0.9999942768149231,usfs-2022,2022,full
892830d2b43ffff,9.473081516138002,36.04698258404212,10423.44,3411.0,110032.2,0.9999802983529619,usfs-2022,2022,full
892830d2b47ffff,8.577448981928953,1.6063851283087491,9437.4,3506.0,110025.72,0.999970483601435,usfs-2022,2022,full
892830d2b4bffff,20.341482754063698,20.664657329157063,13853.16,14498.0,68103.0,0.6189182086400223,usfs-2022,2022,partial
892830d2b4fffff,19.798779590033863,20.396936178199006,21784.32,24431.0,110028.6,0.9999859913506425,usfs-2022,2022,full
892830d2b53ffff,11.682856049179954,16.55422715627669,12855.24,14071.0,110035.08,0.9999680699519101,usfs-2022,2022,full
892830d2b57ffff,5.819804610562547,19.83077265642396,6403.68,6481.0,110032.56,0.9999942423800191,usfs-2022,2022,full
892830d2b5bffff,6.699395318206309,22.120669619020696,6445.44,8927.0,96209.28,0.8743137345460659,usfs-2022,2022,partial
892830d2b63ffff,17.958744265492168,21.29011530360904,19757.88,23813.0,110018.16,0.9999892751651366,usfs-2022,2022,full
892830d2b67ffff,12.91019280861814,14.270032930845225,14202.72,21649.0,110011.68,0.9999794729784123,usfs-2022,2022,full
892830d2b6bffff,16.401533181351304,14.193015085761521,7070.76,7474.0,43110.36,0.391839290993303,usfs-2022,2022,partial
892830d2b6fffff,15.045192996320353,11.967946716619835,8772.84,12181.0,58309.92,0.5300173658241072,usfs-2022,2022,partial
892830d2b73ffff,15.415498280550095,7.3369681878676,16960.68,15540.0,110023.56,0.9999999380656863,usfs-2022,2022,full
892830d2b77ffff,20.345416587587778,19.268599690330053,22383.36,26091.0,110016.72,0.999986862829631,usfs-2022,2022,full
892830d2b7bffff,14.282301973718653,16.4096795863211,15713.64,19263.0,110021.76,0.9999729063018755,usfs-2022,2022,full
892830d2b83ffff,9.213600047113326,12.21830985915493,10137.96,5385.0,110032.56,0.9999879367192619,usfs-2022,2022,full
892830d2b87ffff,14.925758934122097,27.631869344515557,16422.12,2361.0,110025.36,0.9999715931447781,usfs-2022,2022,full
892830d2b8bffff,14.977114571098598,23.84688456531682,16480.08,15584.0,110035.08,1.0,usfs-2022,2022,full
892830d2b8fffff,18.80668507636535,22.408284468500977,20692.8,14863.0,110028.96,0.9999936003489189,usfs-2022,2022,full
892830d2b9bffff,0.3543129338943016,0.0,389.88,0.0,110038.32,0.9999911983203104,usfs-2022,2022,full
892830d2ba3ffff,13.449128915299937,10.327812580451386,14796.0,7524.0,110014.56,0.9999609202237147,usfs-2022,2022,full
892830d2ba7ffff,18.979024182728494,0.0,20879.28,0.0,110012.4,0.9999903991099057,usfs-2022,2022,full
892830d2babffff,14.532484743377891,17.721212121212123,15988.32,10997.0,110017.8,0.999979658858387,usfs-2022,2022,full
892830d2bafffff,16.131249038735287,30.509645271103658,17746.2,5071.0,110011.32,0.9999698667441002,usfs-2022,2022,full
892830d2bb3ffff,6.765524845970362,16.7085052971961,7443.72,7047.0,110024.28,1.0,usfs-2022,2022,full
892830d2bb7ffff,6.847163458234758,0.0,7533.0,685.0,110016.36,0.9999880017023501,usfs-2022,2022,full
892830d2bbbffff,14.569031523424975,20.43675502579612,16029.0,6440.0,110021.04,0.9999707141595,usfs-2022,2022,full
892830d2bc3ffff,20.46984696114161,26.031824089360356,22525.56,22743.0,110042.64,1.0,usfs-2022,2022,full
892830d2bc7ffff,20.552131181866958,24.555703815435788,22614.48,14045.0,110034.72,0.9999861629018917,usfs-2022,2022,full
892830d2bcbffff,15.098654400434466,17.708033400518282,16614.36,20578.0,110038.68,0.9999623927523748,usfs-2022,2022,full
892830d2bcfffff,10.764318290376826,13.935161568365316,11844.72,17614.0,110036.88,0.9999951053649372,usfs-2022,2022,full
892830d2bd3ffff,9.748493512781424,17.84097818009863,10727.64,13135.0,110044.08,0.9999837677686594,usfs-2022,2022,full
892830d2bd7ffff,8.035831130421126,14.334169001622179,8842.32,14639.0,110036.16,0.999960866921947,usfs-2022,2022,full
892830d2bdbffff,22.021400835489665,20.732160698933473,24234.12,24562.0,110048.04,1.0,usfs-2022,2022,full
892830d2d23ffff,20.797712408677928,16.367948460785122,22884.48,25516.0,110033.64,1.0,usfs-2022,2022,full
892830d2d27ffff,26.00393295007247,20.557975216083925,28610.64,21209.0,110024.28,0.9999711610700784,usfs-2022,2022,full
892830d2d2bffff,14.776255648003037,4.663567062377569,16258.32,14542.0,110030.04,0.9999635933713431,usfs-2022,2022,full
892830d2d2fffff,16.175936499003708,7.661655879066433,17798.04,15767.0,110027.88,0.9999930799073176,usfs-2022,2022,full
892830d2d37ffff,15.465705199513158,14.368450082735798,17017.2,21238.0,110031.84,1.0,usfs-2022,2022,full
892830d2d3bffff,14.324412746188575,16.079251473796173,15762.24,16758.0,110037.6,0.999993979859915,usfs-2022,2022,full
892830d2d63ffff,1.2948816514811967,0.0,1424.88,0.0,110039.4,0.9999887654235377,usfs-2022,2022,full
892830d2d67ffff,10.382013060946722,6.077763699714919,11423.52,17079.0,110031.84,0.9999691663114296,usfs-2022,2022,full
892830d2d6bffff,10.322185943951162,3.252827027781656,11358.36,4990.0,110038.32,0.9999681796424804,usfs-2022,2022,full
892830d2d6fffff,0.011777984983069147,0.0,12.96,0.0,110035.8,0.999994378668149,usfs-2022,2022,full
892830d2d77ffff,11.982399031619584,13.25008563510105,13185.36,10029.0,110039.4,0.9999995466504156,usfs-2022,2022,full
892830d2d7bffff,2.1064374088104634,3.5243996901626646,2318.04,1794.0,110045.52,0.9999952830260311,usfs-2022,2022,full
892830d44c3ffff,1.1447307216681983,0.0,363.24,0.0,31731.48,0.28875624953990214,usfs-2022,2022,partial
892830d44d3ffff,4.2739087379831915,0.0,1755.72,0.0,41079.96,0.37381296798288705,usfs-2022,2022,partial
892830d44d7ffff,1.626746991854119,0.0,1787.0,0.0,,,chm-legacy,2009-2020,coverage-unknown
892830d44dbffff,2.2200875584057407,4.316785654989208,2387.88,2075.0,107557.92,0.9787280804780036,usfs-2022,2022,partial
892830d6203ffff,7.508388069038073,2.92838503914178,7605.0,9642.0,101286.72,0.9215866320901066,usfs-2022,2022,partial
892830d6207ffff,46.9126742845162,1.5847216578626575,1611.0,872.0,3434.04,0.031247150556859768,usfs-2022,2022,partial
892830d620bffff,36.40651332184692,10.695728836450263,34763.4,17139.0,95486.76,0.86880458358573,usfs-2022,2022,partial
892830d620fffff,61.62767644726408,0.0,2238.12,0.0,3631.68,0.03304516538405561,usfs-2022,2022,partial
892830d6213ffff,5.26767248686218,2.4821002386634845,5593.32,1471.0,106182.0,0.9660906252661596,usfs-2022,2022,partial
892830d6217ffff,5.680132923212128,3.541147132169576,2978.28,696.0,52433.28,0.4770846048784437,usfs-2022,2022,partial
892830d621bffff,18.48640681297085,7.372667344462299,20318.04,20335.0,109908.0,0.9999805580704826,usfs-2022,2022,full
892830d6243ffff,26.6193483302108,15.923531533531257,29257.56,21817.0,109910.88,0.9999850763070245,usfs-2022,2022,full
892830d6247ffff,19.375136137831213,13.422008913267055,19853.64,22729.0,102469.68,0.9323299106920749,usfs-2022,2022,partial
892830d624bffff,13.112246569060954,8.041241257335798,14411.88,16472.0,109911.6,0.9999807992490269,usfs-2022,2022,full
892830d624fffff,22.29536713426214,13.151162463804786,20117.52,11121.0,90231.84,0.8209738924062555,usfs-2022,2022,partial
892830d6253ffff,46.64972258432192,12.912237419729347,51274.8,8641.0,109914.48,0.9999793869882128,usfs-2022,2022,full
892830d6257ffff,36.75980727721751,31.33087565857226,40403.16,16563.0,109911.24,0.9999991892127091,usfs-2022,2022,full
892830d625bffff,45.991399497594415,7.230550529852675,50553.36,10337.0,109919.16,1.0,usfs-2022,2022,full
892830d6263ffff,37.62458471760797,26.680244399185337,163.08,259.0,433.44,0.003944040217639763,usfs-2022,2022,partial
892830d6267ffff,47.30946628596529,35.94053005817712,775.44,357.0,1639.08,0.014915365860992456,usfs-2022,2022,partial
892830d626bffff,0.0,0.0,0.0,408.0,2146.68,0.019533269992888746,usfs-2022,2022,partial
892830d626fffff,3.247983675055874,0.0,3567.0,0.0,,,chm-legacy,2009-2020,coverage-unknown
892830d6273ffff,29.410699306032186,10.75698347932776,22214.16,11260.0,75530.88,0.687258609883169,usfs-2022,2022,partial
892830d6277ffff,78.19882670049152,39.78809738503156,7102.08,962.0,9082.08,0.08264229681534944,usfs-2022,2022,partial
892830d627bffff,0.0,0.0,0.0,23964.0,,,chm-legacy,2009-2020,coverage-unknown
892830d628bffff,0.8404976584888516,0.0,173.16,0.0,20602.08,0.1874395992770925,usfs-2022,2022,partial
892830d62c3ffff,14.597859814297006,8.590604026845638,4454.28,2697.0,30513.24,0.2775955390583388,usfs-2022,2022,partial
892830d62c7ffff,8.55105025624135,0.0,7850.88,128.0,91811.88,0.8353037685516537,usfs-2022,2022,partial
892830d62cbffff,22.908833663029096,12.974285714285713,25181.28,21930.0,109919.52,0.999986805786931,usfs-2022,2022,full
892830d62cfffff,28.878040980220582,19.887755102040817,23405.04,11305.0,81047.88,0.7373649780696419,usfs-2022,2022,partial
892830d62d3ffff,27.207207207207208,0.0,108.72,0.0,399.6,0.0036352388563671988,usfs-2022,2022,partial
892830d62dbffff,25.202190316692697,7.110438729198185,24107.76,11936.0,95657.4,0.8702045128644567,usfs-2022,2022,partial
892830d7003ffff,23.29355139727911,15.226939970717424,25611.12,8963.0,109949.4,0.9999860463082115,usfs-2022,2022,full
892830d7007ffff,16.4203198470183,11.717878706303118,18052.92,8264.0,109942.56,0.999973045733757,usfs-2022,2022,full
892830d700bffff,5.533745665761892,10.799662510546545,6084.36,3425.0,109950.12,0.999981843479294,usfs-2022,2022,full
892830d700fffff,20.659971775368607,42.811945366154795,22714.92,2668.0,109946.52,0.9999983075979757,usfs-2022,2022,full
892830d7013ffff,19.50725207085093,11.959429780777063,21449.16,7937.0,109954.8,0.9999967117312815,usfs-2022,2022,full
892830d7017ffff,13.461028436717253,12.24193475203049,14800.32,6963.0,109949.4,0.9999968073399046,usfs-2022,2022,full
892830d701bffff,10.869408629258807,16.9935509607074,11951.28,8989.0,109953.36,0.9999728591936081,usfs-2022,2022,full
892830d7023ffff,21.060576787684894,10.905747126436783,23153.4,6976.0,109937.16,1.0,usfs-2022,2022,full
892830d7027ffff,29.361139129409608,12.09076320880637,32276.16,21102.0,109928.16,0.9999789738229237,usfs-2022,2022,full
892830d702bffff,15.410057241659352,10.152048593647232,16940.88,8360.0,109933.92,0.9999713834756847,usfs-2022,2022,full
892830d702fffff,25.641277544724872,13.75059617712881,28188.0,16926.0,109932.12,1.0,usfs-2022,2022,full
892830d7033ffff,18.94768209101358,6.495507060333761,20830.68,1311.0,109937.88,0.9999796967716384,usfs-2022,2022,full
892830d7037ffff,26.88764666778008,17.507523455478847,29558.16,13421.0,109932.12,0.9999765302623304,usfs-2022,2022,full
892830d703bffff,4.6124778561113855,11.351679481991097,5070.96,4731.0,109940.04,0.9999885833476149,usfs-2022,2022,full
892830d7043ffff,18.49806176170146,10.079651831170965,20339.64,7884.0,109955.52,0.9999710200726456,usfs-2022,2022,full
892830d7047ffff,21.69988311216321,11.287002548519897,23859.36,13033.0,109951.56,0.9999841986481108,usfs-2022,2022,full
892830d704bffff,9.403514285994913,18.39759639459189,10339.92,2933.0,109958.04,0.9999832106987248,usfs-2022,2022,full
892830d704fffff,15.903257068769072,18.557503659182213,17486.28,9415.0,109954.08,0.9999963856782634,usfs-2022,2022,full
892830d7053ffff,24.277276864347407,20.36149082456967,26695.08,17639.0,109959.12,0.9999653067107133,usfs-2022,2022,full
892830d7057ffff,12.300816867746002,11.684021946030681,13525.56,5679.0,109956.6,0.9999915787401055,usfs-2022,2022,full
892830d705bffff,10.704721496526481,0.0,11771.28,787.0,109963.44,0.9999938603580125,usfs-2022,2022,full
892830d7063ffff,15.183059205679239,11.845357766718303,16692.48,9629.0,109941.48,0.99998018970525,usfs-2022,2022,full
892830d7067ffff,17.508890504351925,18.302577155583837,19248.84,7395.0,109937.52,0.999993383923212,usfs-2022,2022,full
892830d706bffff,19.18480147217729,11.025101853068735,21092.4,24372.0,109943.28,0.9999858306286249,usfs-2022,2022,full
892830d706fffff,14.440365830896534,13.097738534635697,15875.64,15342.0,109939.32,0.9999990209168018,usfs-2022,2022,full
892830d7073ffff,13.651887190939128,12.010045744012917,15009.48,3532.0,109944.36,0.9999679158382639,usfs-2022,2022,full
892830d7077ffff,20.79181660712707,35.08551216132443,22859.28,12817.0,109943.64,1.0,usfs-2022,2022,full
892830d707bffff,18.18175865049637,14.273646771145938,19990.8,13883.0,109949.76,1.0,usfs-2022,2022,full
892830d7083ffff,27.81490127260286,15.601179987724962,30584.52,15346.0,109957.32,0.9999919635406381,usfs-2022,2022,full
892830d7087ffff,23.96511022562447,0.0,26349.84,0.0,109950.84,0.9999822388357162,usfs-2022,2022,full
892830d708bffff,30.255102374887873,30.818112785260382,33268.68,12463.0,109960.56,1.0,usfs-2022,2022,full
892830d708fffff,29.22017117075822,23.100491958917114,32128.56,19245.0,109953.36,0.9999943816750717,usfs-2022,2022,full
892830d7093ffff,16.90909507580594,6.791014236791661,18593.64,15579.0,109962.36,0.9999993744761412,usfs-2022,2022,full
892830d7097ffff,12.608250089219355,0.8736524804577736,13863.24,6985.0,109953.72,0.9999700047138818,usfs-2022,2022,full
892830d709bffff,28.62399738091341,19.034060239663177,31475.52,21600.0,109962.0,0.9999853240547016,usfs-2022,2022,full
892830d70a3ffff,29.266591572908617,15.115005476451259,32176.44,837.0,109942.56,0.9999945866216545,usfs-2022,2022,full
892830d70a7ffff,19.667884837053336,6.251491728936788,21621.96,18382.0,109935.36,0.9999783249481544,usfs-2022,2022,full
892830d70abffff,21.301759647939438,21.81880711408077,23420.16,5729.0,109944.72,1.0,usfs-2022,2022,full
892830d70afffff,27.23873143736595,22.444114996657074,29945.88,9605.0,109938.6,0.9999970160335112,usfs-2022,2022,full
892830d70b3ffff,30.020628008251204,12.873127658813857,33006.96,8774.0,109947.6,1.0,usfs-2022,2022,full
892830d70b7ffff,7.928196967166682,4.902441133239185,8716.32,35636.0,109940.76,0.9999889996605218,usfs-2022,2022,full
892830d70bbffff,21.215574175761205,18.217408631643107,23325.48,12559.0,109945.08,0.9999682871656517,usfs-2022,2022,full
892830d70c3ffff,17.014826672952207,14.981459123835805,18710.64,14197.0,109966.68,1.0,usfs-2022,2022,full
892830d70c7ffff,28.37597155560212,22.022425001491026,31201.56,18827.0,109957.68,0.9999737046514844,usfs-2022,2022,full
892830d70cbffff,25.960288749570314,17.832234066369317,28546.92,17177.0,109963.8,0.9999694222835991,usfs-2022,2022,full
892830d70cfffff,20.29654510870811,13.555926055926056,22318.56,21279.0,109962.36,1.0,usfs-2022,2022,full
892830d70d3ffff,22.66485090335316,15.058989613794493,24924.6,15162.0,109970.28,1.0,usfs-2022,2022,full
892830d70d7ffff,16.24592820546398,20.30257535512184,17864.64,7453.0,109963.8,0.9999909262573851,usfs-2022,2022,full
892830d70dbffff,15.982034124687363,16.889094539963956,17575.2,12286.0,109968.48,0.9999735448426599,usfs-2022,2022,full
892830d7107ffff,16.137569603668524,7.032601924274936,17736.48,9670.0,109908.0,1.0,usfs-2022,2022,full
892830d7113ffff,28.10204275472205,8.853761529058785,30888.72,11811.0,109916.28,0.9999909529462351,usfs-2022,2022,full
892830d7117ffff,13.784903620969194,4.2246549816572525,15150.96,11842.0,109909.8,0.9999812629547862,usfs-2022,2022,full
892830d711bffff,21.26256836865031,15.794204427770286,23371.56,15514.0,109918.8,1.0,usfs-2022,2022,full
892830d7133ffff,15.18731922392812,8.132556319039749,16691.04,11407.0,109901.16,0.9999904031067215,usfs-2022,2022,full
892830d7137ffff,13.420011268786771,9.43134535367545,14748.12,6817.0,109896.48,0.9999971041164859,usfs-2022,2022,full
892830d7153ffff,24.273040180515938,27.53486262801859,26682.12,13806.0,109924.92,0.999998739271163,usfs-2022,2022,full
892830d7157ffff,31.474712937308,35.34087029098221,34597.08,12271.0,109920.24,1.0,usfs-2022,2022,full
892830d7183ffff,26.960904723071028,3.7062056122542124,29635.2,18987.0,109919.16,0.9999894946867774,usfs-2022,2022,full
892830d7187ffff,26.560637224718658,7.83476191841298,29194.56,11574.0,109916.64,1.0,usfs-2022,2022,full
892830d718bffff,20.43237188829465,0.0,22459.68,11638.0,109922.04,1.0,usfs-2022,2022,full
892830d718fffff,20.530725342102333,2.8350515463917527,22566.24,17508.0,109914.48,0.9999853752976224,usfs-2022,2022,full
892830d7193ffff,24.282121148606162,7.525799144223509,26691.84,9258.0,109923.84,0.9999936210609867,usfs-2022,2022,full
892830d7197ffff,36.45727573445125,6.993778657179277,40073.4,17599.0,109918.8,0.9999970329705478,usfs-2022,2022,full
892830d719bffff,20.527725742431585,5.762352108800755,22565.16,8631.0,109925.28,0.9999959120510642,usfs-2022,2022,full
892830d71a3ffff,12.14542243655598,0.02482005460412013,10299.6,10151.0,84802.32,0.7715947637542263,usfs-2022,2022,partial
892830d71a7ffff,4.80004826190125,0.0,5155.92,16832.0,107413.92,0.9773801377557488,usfs-2022,2022,partial
892830d71abffff,7.151162981136154,9.760723665013131,7859.52,4453.0,109905.48,0.9999912308889726,usfs-2022,2022,full
892830d71afffff,15.65871970754142,0.0,17208.72,0.0,109898.64,0.9999782758829671,usfs-2022,2022,full
892830d71b3ffff,18.551249547265485,10.419467598816887,16595.28,21588.0,89456.4,0.8139097471490906,usfs-2022,2022,partial
892830d71b7ffff,1.400029787867827,0.008350730688935283,236.88,4311.0,16919.64,0.15394917088466553,usfs-2022,2022,partial
892830d71bbffff,8.586562114970171,3.438420484703549,7300.8,11920.0,85025.88,0.7735907571352965,usfs-2022,2022,partial
892830d71c3ffff,16.392830592789327,18.026823647016354,18020.16,10628.0,109927.08,0.999990698290884,usfs-2022,2022,full
892830d71c7ffff,23.943602004388694,6.346139369150085,26318.52,13436.0,109918.8,0.9999646224708875,usfs-2022,2022,full
892830d71cbffff,15.335896411472286,7.060168643704445,16858.8,14046.0,109930.32,1.0,usfs-2022,2022,full
892830d71cfffff,11.243167475052482,7.153109347081051,12358.8,11411.0,109922.76,0.9999898637218619,usfs-2022,2022,full
892830d71d3ffff,19.153346628810578,14.493901473150641,21055.68,3887.0,109932.12,0.9999980896468655,usfs-2022,2022,full
892830d71d7ffff,20.52765851533819,29.69161740616765,22565.16,3554.0,109925.64,0.9999883879568724,usfs-2022,2022,full
892830d71dbffff,22.218911077199163,18.031440638198028,24425.64,2515.0,109931.76,0.9999840302972169,usfs-2022,2022,full
892830d7203ffff,26.375806625872922,11.769003491807682,29002.32,29564.0,109958.04,0.9999895709030837,usfs-2022,2022,full
892830d7207ffff,8.815344015820733,9.990966576332431,9692.64,12555.0,109951.92,0.9999830911498363,usfs-2022,2022,full
892830d720bffff,33.13995554056841,15.558242644095122,36441.0,9050.0,109960.92,1.0,usfs-2022,2022,full
892830d720fffff,17.301351877862796,9.023887237946768,19023.48,20169.0,109953.72,0.999988774294459,usfs-2022,2022,full
892830d7213ffff,23.46653484017129,14.485367436412847,25804.44,19450.0,109962.72,0.9999936486206071,usfs-2022,2022,full
892830d7217ffff,7.669439778936788,29.310458594523258,8433.0,3857.0,109955.88,0.9999806196095791,usfs-2022,2022,full
892830d721bffff,33.48786045415259,9.548592343211897,36823.68,21085.0,109961.28,0.9999698656005034,usfs-2022,2022,full
892830d7223ffff,0.001964662274555004,0.0,2.16,0.0,109942.56,0.9999856460441416,usfs-2022,2022,full
892830d7233ffff,0.0,0.0,0.0,0.0,109947.96,0.9999962621753481,usfs-2022,2022,full
892830d723bffff,0.6430594437077419,0.0,707.04,170.0,109949.4,0.9999986671355443,usfs-2022,2022,full
892830d7243ffff,0.9438069827967197,0.0,1037.88,0.0,109967.4,1.0,usfs-2022,2022,full
892830d7253ffff,0.0,0.0,0.0,0.0,109970.28,0.9999918723902332,usfs-2022,2022,full
892830d7257ffff,2.099790806622165,0.0,2309.04,0.0,109965.24,0.999995198958242,usfs-2022,2022,full
892830d725bffff,0.14698468609439755,0.0,161.64,0.0,109970.64,0.9999844822573998,usfs-2022,2022,full
892830d7273ffff,19.91716731874212,11.786300085917363,21900.24,20329.0,109956.6,1.0,usfs-2022,2022,full
892830d7277ffff,23.015896403254587,5.123624252850747,25305.84,15486.0,109949.4,0.9999879849500174,usfs-2022,2022,full
892830d7283ffff,18.06518145062284,28.347896768949397,19865.16,11424.0,109963.8,0.9999756991132369,usfs-2022,2022,full
892830d7287ffff,8.140475169340872,11.899758491986324,8951.4,10112.0,109961.64,1.0,usfs-2022,2022,full
892830d728bffff,0.814165897350278,0.952515015015015,895.32,7599.0,109967.76,1.0,usfs-2022,2022,full
892830d728fffff,3.6942821129826977,11.40514349608647,4062.24,2567.0,109960.2,0.9999814294565944,usfs-2022,2022,full
892830d7293ffff,23.93859933413865,28.733174525729705,26325.0,17879.0,109968.84,0.9999830709419093,usfs-2022,2022,full
892830d7297ffff,7.156045596506276,14.220561569316995,7869.24,5620.0,109966.32,1.0,usfs-2022,2022,full
892830d729bffff,12.183528764755563,17.627879255337795,13398.48,8458.0,109972.08,1.0,usfs-2022,2022,full
892830d72a3ffff,10.657852516878508,22.265592210190547,11718.36,6668.0,109950.48,0.9999913985743186,usfs-2022,2022,full
892830d72a7ffff,12.050634735087737,9.325321587959047,13249.08,11191.0,109945.08,0.999991481097199,usfs-2022,2022,full
892830d72abffff,13.87420069870311,9.959725340023768,15255.0,9819.0,109952.28,0.9999970624008574,usfs-2022,2022,full
892830d72afffff,2.789738216466659,0.0,3067.2,0.0,109945.8,0.9999873182469187,usfs-2022,2022,full
892830d72b3ffff,20.606493183336173,15.604058145708668,22657.68,21173.0,109954.08,0.9999856638032083,usfs-2022,2022,full
892830d72b7ffff,21.711812297204823,14.973117950350876,23872.32,24994.0,109950.84,1.0,usfs-2022,2022,full
892830d72bbffff,1.237906592237301,0.0,1361.16,0.0,109956.6,0.9999978698869741,usfs-2022,2022,full
892830d72c3ffff,18.621985511468722,31.046740503540054,20479.32,8450.0,109973.88,0.9999968057899025,usfs-2022,2022,full
892830d72c7ffff,26.396495788333045,10.430052161454253,29027.16,14404.0,109965.96,0.9999739456102951,usfs-2022,2022,full
892830d72cbffff,0.3692488992912909,0.0,406.08,0.0,109974.6,0.9999926740012813,usfs-2022,2022,full
892830d72cfffff,12.046603289335847,5.292926887354132,13247.64,11453.0,109969.92,0.9999992723494969,usfs-2022,2022,full
892830d72d3ffff,30.128645782186,35.31367167871362,33134.4,12049.0,109976.4,0.9999812532704917,usfs-2022,2022,full
892830d72d7ffff,24.289296564005866,17.931755721477735,26710.92,12148.0,109969.92,0.9999714855907791,usfs-2022,2022,full
892830d72dbffff,5.6644844517184945,19.472378216011492,6229.8,2220.0,109980.0,1.0,usfs-2022,2022,full
892830d7313ffff,10.5854380632991,2.405949256342957,11635.92,1606.0,109923.84,0.9999844145578081,usfs-2022,2022,full
892830d738bffff,14.683420771684382,6.043916998294486,16141.32,9519.0,109928.88,0.9999917636605665,usfs-2022,2022,full
892830d7393ffff,23.74993859807116,14.217366642827198,26108.64,12522.0,109931.4,0.9999869369066728,usfs-2022,2022,full
892830d739bffff,28.578305519897306,16.145150863951642,31416.84,17279.0,109932.48,0.9999860207804175,usfs-2022,2022,full
892830d73c3ffff,6.396439763829809,4.280943778398204,7031.88,6295.0,109934.28,0.9999809429612004,usfs-2022,2022,full
892830d73c7ffff,0.15915432074507802,0.0,174.96,0.0,109931.04,1.0,usfs-2022,2022,full
892830d73cfffff,0.0,0.0,0.0,0.0,109930.32,0.9999834219950835,usfs-2022,2022,full
892830d73d3ffff,18.21917763362553,9.847416335427619,20030.04,17718.0,109939.32,0.9999882949704406,usfs-2022,2022,full
892830d73d7ffff,17.211184863300115,8.010430553317414,18921.24,22605.0,109935.72,1.0,usfs-2022,2022,full
892830d73dbffff,1.333686974858707,10.150622134905042,1466.28,494.0,109941.84,1.0,usfs-2022,2022,full
892830d7403ffff,15.131538030972076,5.213957277585231,16641.72,24712.0,109980.36,0.9999986484593596,usfs-2022,2022,full
892830d7407ffff,19.647182831179375,4.99963810075275,21606.84,18900.0,109974.24,0.9999921866945096,usfs-2022,2022,full
892830d740bffff,17.68843760536041,5.336081983785605,19453.68,17193.0,109979.64,0.9999813143704666,usfs-2022,2022,full
892830d740fffff,10.606566499721758,5.2250907312553085,11664.72,13256.0,109976.4,1.0,usfs-2022,2022,full
892830d7413ffff,14.311338633707896,3.8874163826833272,15740.28,19190.0,109984.68,0.9999995424057815,usfs-2022,2022,full
892830d7417ffff,16.465628140374537,4.53085127866204,18108.72,18721.0,109978.92,0.9999963525340326,usfs-2022,2022,full
892830d741bffff,12.07468241316893,3.193241591838903,13280.04,13118.0,109982.52,0.9999691107979841,usfs-2022,2022,full
892830d7423ffff,37.32276091917145,14.448783418443977,41040.72,1025.0,109961.64,0.9999652038588411,usfs-2022,2022,full
892830d7427ffff,38.3400503530937,0.0,42158.52,697.0,109959.48,0.999994766060341,usfs-2022,2022,full
892830d742bffff,26.21611269523769,23.820641096905685,28828.8,7401.0,109965.96,0.9999936972982538,usfs-2022,2022,full
892830d742fffff,31.280468041500377,0.2977034306776297,34395.84,7596.0,109959.48,0.9999839699376999,usfs-2022,2022,full
892830d7433ffff,29.42418558057768,14.812024410457319,32356.8,16282.0,109966.68,0.9999726356278994,usfs-2022,2022,full
892830d7437ffff,46.7018270984132,6.805035726437564,51355.44,1972.0,109964.52,1.0,usfs-2022,2022,full
892830d743bffff,24.662902037809967,5.591815452109966,27122.04,18903.0,109971.0,1.0,usfs-2022,2022,full
892830d7443ffff,22.05303779155402,20.895633415160304,24255.36,19141.0,109986.48,0.9999835592818221,usfs-2022,2022,full
892830d7447ffff,18.14700250405067,9.063100234758483,19958.4,18408.0,109981.8,0.9999901762398276,usfs-2022,2022,full
892830d744bffff,12.915811558767597,8.866196917743698,14205.6,8707.0,109986.12,0.9999695230549253,usfs-2022,2022,full
892830d744fffff,24.135763876386658,18.807534112424104,26544.6,17908.0,109980.36,0.9999663155353902,usfs-2022,2022,full
892830d7453ffff,14.543954910990445,8.723779146785333,15996.96,25549.0,109990.44,0.9999811713712348,usfs-2022,2022,full
892830d7457ffff,17.939368547843333,5.101269649334945,19730.88,18082.0,109986.48,0.9999943323918238,usfs-2022,2022,full
892830d745bffff,30.171536298861334,21.106728815585036,33186.24,11882.0,109991.88,0.9999834946515364,usfs-2022,2022,full
892830d7463ffff,29.543825190277435,17.55704800427383,32489.64,23333.0,109971.0,0.9999795581954116,usfs-2022,2022,full
892830d7467ffff,26.04798554344659,24.007654891954388,28644.48,17154.0,109968.12,1.0,usfs-2022,2022,full
892830d746bffff,23.92040172316717,41.473165126633795,26306.28,8802.0,109974.24,0.9999982524108939,usfs-2022,2022,full
892830d746fffff,13.84549406804075,22.353097934710192,15225.48,10489.0,109967.04,0.9999819646939071,usfs-2022,2022,full
892830d7473ffff,25.276200140759777,20.925641974655882,27797.4,16152.0,109974.6,0.9999738858523677,usfs-2022,2022,full
892830d7477ffff,15.40503735129862,10.466867469879517,16941.24,23970.0,109972.08,1.0,usfs-2022,2022,full
892830d747bffff,26.953367943488992,16.714964450584628,29643.12,17796.0,109979.28,1.0,usfs-2022,2022,full
892830d7483ffff,18.984540958440938,4.123673075495509,20880.36,18598.0,109986.12,0.9999850667386494,usfs-2022,2022,full
892830d7487ffff,24.429642237569965,8.306413697923777,26868.6,21766.0,109983.6,1.0,usfs-2022,2022,full
892830d748bffff,15.728163601966472,4.0999844958569485,17299.08,20041.0,109987.92,0.9999906244658207,usfs-2022,2022,full
892830d748fffff,18.777434084548535,6.125645965752562,20651.76,18769.0,109981.8,0.9999841593150953,usfs-2022,2022,full
892830d7493ffff,20.287834303800366,14.710164835164836,22314.24,22353.0,109988.28,0.999966343660982,usfs-2022,2022,full
892830d7497ffff,17.96626701623805,7.741924674976544,19760.4,19824.0,109986.12,0.9999958841940456,usfs-2022,2022,full
892830d749bffff,13.45070007658622,6.8133946610497365,14794.92,15608.0,109993.68,1.0,usfs-2022,2022,full
892830d74a3ffff,27.4366730173695,16.23046661567042,30172.68,11039.0,109972.08,0.9999941593406934,usfs-2022,2022,full
892830d74a7ffff,16.05453476608427,3.428672943684491,16910.28,15656.0,105330.24,0.9578322744875895,usfs-2022,2022,partial
892830d74abffff,19.722786927642414,3.6915875422218676,21688.92,13036.0,109968.84,0.9999538861437958,usfs-2022,2022,full
892830d74afffff,27.062409155787186,20.913500844824767,29760.12,15671.0,109968.48,0.9999998103241075,usfs-2022,2022,full
892830d74b3ffff,27.219403047496897,9.992945049776592,28115.64,20668.0,103292.64,0.9392208695638715,usfs-2022,2022,partial
892830d74b7ffff,20.059157197146977,0.9836358758830368,3857.4,3986.0,19230.12,0.17486452728269022,usfs-2022,2022,partial
892830d74bbffff,22.875652247922954,7.472534512027161,25157.16,10400.0,109973.52,0.999958059066982,usfs-2022,2022,full
892830d74c3ffff,10.001538245026069,2.925834183301763,11001.24,11992.0,109995.48,0.9999993929627535,usfs-2022,2022,full
892830d74c7ffff,5.846829625944304,16.644385026737968,6430.68,898.0,109985.76,0.999960188515641,usfs-2022,2022,full
892830d74cbffff,12.95205367370316,3.5912054785543432,14247.0,21185.0,109998.0,1.0,usfs-2022,2022,full
892830d74cfffff,12.70832515088436,2.329184615122674,13978.08,20651.0,109991.52,1.0,usfs-2022,2022,full
892830d74d3ffff,9.450888240145575,3.035976221724697,10395.72,18086.0,109997.28,0.99997738849124,usfs-2022,2022,full
892830d74d7ffff,13.194646732104223,2.8422284913735196,14513.04,18225.0,109991.88,0.9999774574542717,usfs-2022,2022,full
892830d74dbffff,10.491297887798716,4.189944134078212,11540.52,13459.0,110000.88,0.999999326983097,usfs-2022,2022,full
892830d7503ffff,29.323911470288717,11.860366883900555,32238.72,10517.0,109940.04,0.9999764461518375,usfs-2022,2022,full
892830d7507ffff,17.011313587766264,6.8079509457031175,18702.0,18110.0,109938.6,1.0,usfs-2022,2022,full
892830d750bffff,15.222253147562991,8.891893867407354,16735.68,17949.0,109942.2,0.9999852730393847,usfs-2022,2022,full
892830d750fffff,17.206058125255833,6.607500943077809,18915.48,16934.0,109935.0,0.9999690214584762,usfs-2022,2022,full
892830d7513ffff,16.562432466061125,10.34397473459914,18209.52,16965.0,109944.72,0.9999806033129464,usfs-2022,2022,full
892830d7517ffff,22.018913396552627,6.862905261907237,24207.84,22576.0,109941.12,0.9999970989854834,usfs-2022,2022,full
892830d751bffff,22.054032461387845,11.345445305552026,24247.8,15072.0,109947.24,0.9999926984856297,usfs-2022,2022,full
892830d7523ffff,26.91724497047621,6.554146341463414,29588.76,17241.0,109924.92,0.9999758295422049,usfs-2022,2022,full
892830d7527ffff,16.876324347692236,9.116014620278868,18550.8,12084.0,109922.04,0.9999988930585579,usfs-2022,2022,full
892830d752bffff,17.58526057938551,3.293852681533914,19331.28,17313.0,109928.88,1.0,usfs-2022,2022,full
892830d752fffff,23.345352839649305,4.886400800292415,25661.52,17799.0,109921.32,0.9999815146560327,usfs-2022,2022,full
892830d7533ffff,30.701895146368702,10.531659013525756,33750.36,20622.0,109929.24,0.9999767017019815,usfs-2022,2022,full
892830d7537ffff,21.993378112401793,5.589321123990391,24176.52,21082.0,109926.36,0.9999997626439359,usfs-2022,2022,full
892830d753bffff,19.060936312907707,7.592596668060477,20954.16,15116.0,109932.48,0.9999953454670849,usfs-2022,2022,full
892830d7543ffff,23.838617997983054,34.080053817692566,26210.16,3528.0,109948.32,0.9999809008185868,usfs-2022,2022,full
892830d7547ffff,26.597730204779275,17.69516077217371,29242.8,10146.0,109944.72,0.9999973837432018,usfs-2022,2022,full
892830d754bffff,24.081434867167395,0.7351622736238121,26478.0,3986.0,109951.92,1.0,usfs-2022,2022,full
892830d754fffff,21.468308671606653,4.378137200223089,23603.04,1234.0,109943.64,0.9999767605765637,usfs-2022,2022,full
892830d7553ffff,22.66491611771023,1.482857743812662,24921.0,10117.0,109954.08,0.9999948702824333,usfs-2022,2022,full
892830d7557ffff,25.656078817863026,11.919197131136967,28208.52,12291.0,109948.68,0.9999949803494093,usfs-2022,2022,full
892830d755bffff,11.181576198879615,7.893349553933496,12294.72,16354.0,109955.16,0.9999938916863154,usfs-2022,2022,full
892830d7563ffff,23.203099160698557,9.90064109625256,25508.16,14723.0,109934.28,0.9999900903515434,usfs-2022,2022,full
892830d7567ffff,26.88228031739482,11.991752278975547,29551.68,17517.0,109929.96,1.0,usfs-2022,2022,full
892830d756bffff,21.63428635049332,8.996738921925955,23784.12,3416.0,109937.16,1.0,usfs-2022,2022,full
892830d756fffff,29.929459847130254,23.545271827050346,32901.12,5615.0,109928.88,0.9999794111887248,usfs-2022,2022,full
892830d7573ffff,22.823648836714312,10.473217277810114,25092.0,18273.0,109938.6,0.9999909524452691,usfs-2022,2022,full
892830d7577ffff,16.576503412231638,5.683344347566565,18223.2,15927.0,109933.92,0.9999976250776172,usfs-2022,2022,full
892830d757bffff,23.12395010953243,17.451119668024972,25422.48,7949.0,109940.04,0.9999932456895656,usfs-2022,2022,full
892830d7583ffff,23.561442236938927,0.0,1152.72,261.0,4892.4,0.0444966367217007,usfs-2022,2022,partial
892830d7587ffff,15.482606565409112,0.0,455.04,0.0,2939.04,0.02673204050578828,usfs-2022,2022,partial
892830d758bffff,19.4252902117632,6.038953084806663,19704.96,16569.0,101439.72,0.9225896168599729,usfs-2022,2022,partial
892830d758fffff,14.999068509408056,5.098247477429633,15651.36,11580.0,104348.88,0.9490950230445813,usfs-2022,2022,partial
892830d759bffff,13.147367282949507,0.0,437.76,0.0,3329.64,0.030281760985628504,usfs-2022,2022,partial
892830d75a3ffff,20.583019172123755,13.870665417057172,21601.08,7609.0,104946.12,0.9546211843312978,usfs-2022,2022,partial
892830d75a7ffff,51.41244985742593,11.901265645759038,15318.36,4536.0,29795.04,0.27103791489451445,usfs-2022,2022,partial
892830d75abffff,18.955506871923845,5.2397947144879655,20838.6,23132.0,109934.28,0.9999841304077611,usfs-2022,2022,full
892830d75afffff,43.10006236225109,13.39436917866215,40057.56,11783.0,92940.84,0.8454500548450531,usfs-2022,2022,partial
892830d75b3ffff,9.934368087167956,0.25316455696202533,1956.24,1844.0,19691.64,0.17911414729482858,usfs-2022,2022,partial
892830d75bbffff,27.159525411490552,1.0363707469691044,29790.36,9110.0,109686.6,0.9976928626599446,usfs-2022,2022,full
892830d75c3ffff,10.976915345353113,8.73757553743024,12070.08,9949.0,109958.76,1.0,usfs-2022,2022,full
892830d75c7ffff,13.127866963090051,2.4861878453038675,14434.2,2542.0,109950.84,0.999987034118664,usfs-2022,2022,full
892830d75cbffff,36.08641987434479,16.52726542240403,39679.92,8227.0,109958.04,0.9999924762844967,usfs-2022,2022,full
892830d75cfffff,19.43082962540967,6.618187504887012,21364.92,21497.0,109953.72,1.0,usfs-2022,2022,full
892830d75d3ffff,13.903765632172716,4.072543433776031,14392.8,8607.0,103517.28,0.9413922471307381,usfs-2022,2022,partial
892830d75d7ffff,17.97130998325202,3.693421846710923,15104.16,14362.0,84045.96,0.7643565358342426,usfs-2022,2022,partial
892830d75dbffff,17.878925778116805,13.335189765598127,19659.96,19047.0,109961.64,0.9999868159983138,usfs-2022,2022,full
892830d7603ffff,0.4428471833544447,0.6318240818508055,487.08,18741.0,109988.28,0.9999953509598649,usfs-2022,2022,full
892830d7607ffff,0.9832931811040116,0.3412969283276451,1081.44,2523.0,109981.44,0.9999823145558907,usfs-2022,2022,full
892830d760bffff,12.712466327789762,28.943564605329314,13982.04,8141.0,109986.84,0.9999715398521148,usfs-2022,2022,full
892830d760fffff,9.726263694179952,2.863052892050727,10697.4,18089.0,109984.68,1.0,usfs-2022,2022,full
892830d7613ffff,0.10669773774612484,0.010446046171524078,117.36,6892.0,109992.96,0.9999994787217215,usfs-2022,2022,full
892830d7617ffff,0.1191438662184588,0.0,131.04,0.0,109984.68,0.9999733489038203,usfs-2022,2022,full
892830d761bffff,5.604650249401045,1.2456402590931739,6164.64,7849.0,109991.52,0.9999756629122614,usfs-2022,2022,full
892830d7623ffff,20.163349482781197,15.571156714498791,22174.2,11819.0,109972.8,0.9999913521229822,usfs-2022,2022,full
892830d7627ffff,19.46684213800035,10.7961132887981,21407.04,11633.0,109966.68,0.9999848744942935,usfs-2022,2022,full
892830d762bffff,23.44383738325711,16.964741951967298,25781.76,8775.0,109972.44,0.9999773556641637,usfs-2022,2022,full
892830d762fffff,18.070841653844894,21.356762144126186,19872.36,13067.0,109969.2,0.9999970624102688,usfs-2022,2022,full
892830d7633ffff,13.241503924790669,11.878847574489042,14562.72,12883.0,109977.84,0.9999987431453603,usfs-2022,2022,full
892830d7637ffff,11.359135265368387,19.51633432329232,12492.0,683.0,109973.16,1.0,usfs-2022,2022,full
892830d763bffff,10.1662236654315,24.93740040974277,11180.52,4748.0,109977.12,0.9999814682053902,usfs-2022,2022,full
892830d7643ffff,11.968659588673464,21.1654154029732,13165.2,17124.0,109997.28,1.0,usfs-2022,2022,full
892830d7647ffff,17.02789924327721,25.570541994207694,18729.0,16191.0,109990.08,0.999990287818669,usfs-2022,2022,full
892830d764bffff,19.77286488078679,17.577940735022942,21749.4,13838.0,109996.2,0.9999860964193346,usfs-2022,2022,full
892830d764fffff,25.50240236701884,38.5225512075166,28050.48,15570.0,109991.52,0.9999926802759135,usfs-2022,2022,full
892830d7653ffff,12.243909463404416,21.736738847430278,13468.32,15366.0,110000.16,0.9999943638287148,usfs-2022,2022,full
892830d7657ffff,17.855331070665283,28.245451742214,19639.8,19268.0,109994.04,0.9999878587815083,usfs-2022,2022,full
892830d765bffff,13.74814271781747,14.613241911292048,15122.88,18650.0,109999.44,0.9999771185143567,usfs-2022,2022,full
892830d7663ffff,24.03345390268253,15.346312887663679,26431.56,17688.0,109978.2,0.9999698614134708,usfs-2022,2022,full
892830d7667ffff,11.61900023241274,6.247309377294942,12778.2,13328.0,109976.76,1.0,usfs-2022,2022,full
892830d766bffff,25.556450240255575,18.19527539628693,28107.72,14324.0,109982.88,1.0,usfs-2022,2022,full
892830d766fffff,27.413784637543575,19.029238917507072,30148.2,20088.0,109974.6,0.9999755798815785,usfs-2022,2022,full
892830d7673ffff,25.63967437734651,30.242859619051288,28199.16,13039.0,109982.52,0.9999706969890897,usfs-2022,2022,full
892830d7677ffff,9.169170741926404,4.765515632291181,10084.32,11755.0,109980.72,1.0,usfs-2022,2022,full
892830d767bffff,22.026342319223872,21.715611674476772,24225.84,18704.0,109985.76,0.9999894512680352,usfs-2022,2022,full
892830d7683ffff,0.0,0.0,0.0,0.0,109994.04,0.999981624432911,usfs-2022,2022,full
892830d7687ffff,0.3128988969986581,0.0,344.16,0.0,109990.8,1.0,usfs-2022,2022,full
892830d768bffff,0.3881575932920084,0.0,426.96,0.0,109996.56,0.9999937951090383,usfs-2022,2022,full
892830d768fffff,0.0,0.0,0.0,0.0,109990.08,0.9999840290884323,usfs-2022,2022,full
892830d7693ffff,0.0,0.0,0.0,0.0,109998.0,0.9999792273194953,usfs-2022,2022,full
892830d7697ffff,6.685496592939759,6.111878453038674,7353.72,979.0,109995.12,1.0,usfs-2022,2022,full
892830d769bffff,0.22712619903978637,0.0,249.84,0.0,110000.52,0.9999913919471204,usfs-2022,2022,full
892830d76a3ffff,1.7846095430129525,0.0,1962.72,0.0,109980.36,0.999993971312807,usfs-2022,2022,full
892830d76a7ffff,17.828125102298692,25.0499001996008,19605.96,3785.0,109972.08,0.9999678540974487,usfs-2022,2022,full
892830d76abffff,4.1407393101822905,9.899482180932075,4554.0,1065.0,109980.36,0.999983228151092,usfs-2022,2022,full
892830d76afffff,14.69643751493507,10.187846438103058,16162.56,6300.0,109976.04,0.9999931142093335,usfs-2022,2022,full
892830d76b3ffff,10.38728936721788,24.244004171011472,11424.24,2092.0,109982.88,0.9999784698655512,usfs-2022,2022,full
892830d76b7ffff,18.892209590462567,14.05707615273554,20777.04,10072.0,109976.76,0.9999719911104934,usfs-2022,2022,full
892830d76bbffff,0.029130567129591747,0.0,32.04,0.0,109987.56,1.0,usfs-2022,2022,full
892830d76c3ffff,4.694377808395815,12.551819438046982,5163.84,6835.0,110000.52,0.999969932850519,usfs-2022,2022,full
892830d76c7ffff,0.3400536754598416,0.7030097605373004,374.04,11390.0,109994.4,0.9999634291219764,usfs-2022,2022,full
892830d76cbffff,12.957993533438927,21.6903413906499,14254.56,16631.0,110005.92,1.0,usfs-2022,2022,full
892830d76cfffff,12.715020683877048,24.679929904133594,13986.36,13152.0,109998.72,0.999991982757598,usfs-2022,2022,full
892830d76d3ffff,0.24216878509811107,0.0,266.4,17326.0,110005.92,0.9999806168645351,usfs-2022,2022,full
892830d76d7ffff,0.2503567174143551,0.026215491338804978,275.4,17847.0,110003.04,1.0,usfs-2022,2022,full
892830d76dbffff,5.076575692126449,5.382798033331205,5584.68,5334.0,110008.8,0.99999607650796,usfs-2022,2022,full
8928346da03ffff,23.06716018778705,3.699026128932671,19563.48,12353.0,84810.96,0.7709383374260563,usfs-2022,2022,partial
8928346da07ffff,21.338176478543964,4.092897313059779,7951.68,3315.0,37265.04,0.3387588155198394,usfs-2022,2022,partial
8928346da0bffff,15.58770497436082,6.191708397713945,17148.24,18141.0,110011.32,1.0,usfs-2022,2022,full
8928346da0fffff,12.058397122688284,8.592171717171718,13264.56,15637.0,110002.68,0.9999713958594396,usfs-2022,2022,full
8928346da13ffff,18.592268732955283,13.583738981712932,4638.6,4729.0,24949.08,0.22678042027521647,usfs-2022,2022,partial
8928346da17ffff,33.35142095842816,0.0,36670.0,0.0,,,chm-legacy,2009-2020,coverage-unknown
8928346da1bffff,14.736363309128869,8.396569315138375,16211.88,20686.0,110012.76,0.9999755413000828,usfs-2022,2022,full
8928346da23ffff,25.511469819107745,4.285104897816729,28061.28,8886.0,109994.76,0.9999977312800828,usfs-2022,2022,full
8928346da27ffff,18.662252305647943,11.114371413667188,17796.6,9815.0,95361.48,0.8670045164085507,usfs-2022,2022,partial
8928346da2bffff,17.631695223133192,15.192807625649912,19393.56,28186.0,109992.6,0.9999672664011249,usfs-2022,2022,full
8928346da2fffff,17.468546666142988,10.674068199841395,19213.92,10138.0,109991.52,1.0,usfs-2022,2022,full
8928346da33ffff,37.99804291743681,10.65379135665664,27678.96,2032.0,72843.12,0.6622148367914964,usfs-2022,2022,partial
8928346da37ffff,31.09987786673904,0.0,3300.12,0.0,10611.36,0.09647233131014502,usfs-2022,2022,partial
8928346da3bffff,31.317379379864242,2.0383871447701236,34448.04,4740.0,109996.56,0.9999649237177591,usfs-2022,2022,full
8928346da43ffff,20.468460096139687,5.258682991115079,22518.36,16046.0,110014.92,0.9999735464333245,usfs-2022,2022,full
8928346da47ffff,21.364643360853957,3.894206335761477,23503.68,16339.0,110012.04,0.9999965105902638,usfs-2022,2022,full
8928346da4bffff,14.307263904295386,5.748822826621688,15740.64,4828.0,110018.52,0.9999954686709969,usfs-2022,2022,full
8928346da4fffff,16.49257492162599,5.409735998779185,18143.64,17852.0,110010.96,0.9999758893917156,usfs-2022,2022,full
8928346da53ffff,12.376065914936225,3.915301015078041,13615.92,22184.0,110018.16,0.9999646668679242,usfs-2022,2022,full
8928346da57ffff,14.030667338564538,2.080949656750572,15436.08,14788.0,110016.72,1.0,usfs-2022,2022,full
8928346da5bffff,17.321025990046365,3.905660012005499,19056.96,17865.0,110022.12,0.9999898547912188,usfs-2022,2022,full
8928346da63ffff,13.366561832170989,4.078907840715645,14703.48,10345.0,110001.96,0.999992377519944,usfs-2022,2022,full
8928346da67ffff,10.276290468273396,4.10244450569254,11303.64,16284.0,109997.28,0.9999989951493609,usfs-2022,2022,full
8928346da6bffff,11.76917211293326,5.4074469030480765,12946.32,15328.0,110001.96,0.999981573906319,usfs-2022,2022,full
8928346da6fffff,13.962598837513745,2.9932261612984155,15358.68,18096.0,109998.72,1.0,usfs-2022,2022,full
8928346da73ffff,19.28900786391468,10.992705924212775,21219.12,18011.0,110006.28,0.9999933026861197,usfs-2022,2022,full
8928346da77ffff,21.988584669158314,12.118481311862904,24187.32,21415.0,109999.44,0.999980282258676,usfs-2022,2022,full
8928346da7bffff,13.088085139805214,3.8361425218689993,14397.48,16226.0,110004.48,0.9999661314728071,usfs-2022,2022,full
8928346da83ffff,37.97047632145968,0.0,5963.4,0.0,15705.36,0.14275357257620302,usfs-2022,2022,partial
8928346da8bffff,7.541322314049586,0.0,105.12,0.0,1393.92,0.012669872073539722,usfs-2022,2022,partial
8928346da8fffff,20.458926633296077,0.0,22495.0,0.0,,,chm-legacy,2009-2020,coverage-unknown
8928346daabffff,11.422485360460689,0.0,12558.0,0.0,,,chm-legacy,2009-2020,coverage-unknown
8928346dac3ffff,7.883594767392401,3.2957484642741672,8673.84,17229.0,110023.92,0.9999895186698196,usfs-2022,2022,full
8928346dac7ffff,12.019177128096588,7.040081216688468,12797.64,17141.0,106476.84,0.9677982421656817,usfs-2022,2022,partial
8928346dacbffff,14.755906027092468,4.874227831876524,16234.92,19237.0,110023.2,0.9999721550725938,usfs-2022,2022,full
8928346dacfffff,7.835778162435253,1.8764715675315717,8620.92,14853.0,110019.96,0.9999918417582526,usfs-2022,2022,full
8928346dad7ffff,17.580276049488667,5.063846007242233,17699.4,17933.0,100677.6,0.9150522455742565,usfs-2022,2022,partial
8928346dadbffff,16.893841734339315,11.314756866835543,18588.24,19283.0,110029.68,0.9999927373525753,usfs-2022,2022,full
8928346db43ffff,31.666666666666664,4.648493543758967,10198.44,1196.0,32205.6,0.2928314997938602,usfs-2022,2022,partial
8928346db4bffff,31.899494921390392,8.961498506687443,35082.72,20191.0,109978.92,0.9999796074305257,usfs-2022,2022,full
8928346db4fffff,27.111938425988065,10.267534345625453,16726.32,6255.0,61693.56,0.5609742031770648,usfs-2022,2022,partial
8928346db53ffff,3.4852433538264727,0.0,2373.48,0.0,68100.84,0.6191875401036139,usfs-2022,2022,partial
8928346db5bffff,16.740948014294382,13.406352683461117,17876.52,7115.0,106783.2,0.970885386997354,usfs-2022,2022,partial
8928346db6bffff,24.37026808247226,3.13713773528533,1842.48,1167.0,7560.36,0.0687517204331322,usfs-2022,2022,partial
8928346db7bffff,27.94819359236537,0.0,147.6,0.0,528.12,0.00480238575862184,usfs-2022,2022,partial
8928346dbcbffff,1.934065934065934,0.0,63.36,0.0,3276.0,0.029784957106737377,usfs-2022,2022,partial
