h3,pop,pct65,income,ac_est,ac_src,occupied,ac_homes,ac_covered_homes,ac_coverage,acs_year
892830d0883ffff,0.0,0.0,,65.07,income-model,0.0,0.0,0.0,,2024
892830d0893ffff,0.0,0.0,,65.07,income-model,0.0,0.0,0.0,,2024
892830d0897ffff,0.0,0.0,,65.07,income-model,0.0,0.0,0.0,,2024
892830d0993ffff,0.0,0.0,,65.07,income-model,0.0,0.0,0.0,,2024
892830d0c07ffff,0.0,0.0,,65.07,income-model,0.0,0.0,0.0,,2024
892830d0c17ffff,0.0,0.0,,65.07,income-model,0.0,0.0,0.0,,2024
892830d0c23ffff,0.0,0.0,,65.07,income-model,0.0,0.0,0.0,,2024
892830d0c27ffff,0.0,0.0,,65.07,income-model,0.0,0.0,0.0,,2024
892830d0c2bffff,0.0,0.0,,65.07,income-model,0.0,0.0,0.0,,2024
892830d0c2fffff,0.0,0.0,,65.07,income-model,0.0,0.0,0.0,,2024
892830d0c33ffff,0.0,0.0,,65.07,income-model,0.0,0.0,0.0,,2024
892830d0c37ffff,0.0,0.0,,65.07,income-model,0.0,0.0,0.0,,2024
892830d0c3bffff,0.0,0.0,,65.07,income-model,0.0,0.0,0.0,,2024
892830d0c83ffff,0.0,0.0,,65.07,income-model,0.0,0.0,0.0,,2024
892830d0c87ffff,0.0,0.0,,65.07,income-model,0.0,0.0,0.0,,2024
892830d0c8fffff,0.0,0.0,,65.07,income-model,0.0,0.0,0.0,,2024
892830d0c93ffff,0.0,0.0,,65.07,income-model,0.0,0.0,0.0,,2024
892830d0c97ffff,148.0,14.05,250000.99999999997,100.0,lace,36.84840445792797,36.84840445792797,36.84840445792797,1.0,2024
892830d0ca3ffff,0.0,0.0,,65.07,income-model,0.0,0.0,0.0,,2024
892830d0ca7ffff,0.0,0.0,,65.07,income-model,0.0,0.0,0.0,,2024
892830d0cabffff,0.0,0.0,,65.07,income-model,0.0,0.0,0.0,,2024
892830d0cafffff,0.0,0.0,,65.07,income-model,0.0,0.0,0.0,,2024
892830d0cb3ffff,125.0,6.13,250001.0,98.56,lace,34.90733446876156,34.40323373541705,34.90733446876156,1.0,2024
892830d0cb7ffff,294.0,4.51,250001.0,98.3,lace,84.3885880450014,82.95398204823637,84.3885880450014,1.0,2024
892830d0cbbffff,0.0,0.0,,65.07,income-model,0.0,0.0,0.0,,2024
892830d0d03ffff,79.0,14.05,250001.0,100.0,lace,19.691852675070464,19.691852675070464,19.691852675070464,1.0,2024
892830d0d07ffff,19.0,9.03,250001.00000000003,99.3,lace,6.550485084734867,6.504631689141723,6.550485084734867,1.0,2024
892830d0d0bffff,135.0,14.05,250001.0,100.0,lace,33.644235121194875,33.644235121194875,33.644235121194875,1.0,2024
892830d0d0fffff,0.0,0.0,,65.07,income-model,0.0,0.0,0.0,,2024
892830d0d13ffff,316.0,8.44,219854.46535009966,98.85,lace,88.68249899472607,87.65934284236025,88.68249899472607,1.0,2024
892830d0d17ffff,113.0,9.13,248192.20922039764,99.3,lace,38.04770742600343,37.7813734740214,38.04770742600343,1.0,2024
892830d0d1bffff,276.0,14.05,250000.99999999997,100.0,lace,68.75358162337051,68.75358162337051,68.75358162337051,1.0,2024
892830d0d23ffff,0.0,0.0,,65.07,income-model,0.0,0.0,0.0,,2024
892830d0d27ffff,0.0,0.0,,65.07,income-model,0.0,0.0,0.0,,2024
892830d0d2bffff,0.0,0.0,,65.07,income-model,0.0,0.0,0.0,,2024
892830d0d2fffff,0.0,0.0,,65.07,income-model,0.0,0.0,0.0,,2024
892830d0d33ffff,38.0,9.03,250001.0,99.3,lace,13.38734234172188,13.293630945329825,13.38734234172188,1.0,2024
892830d0d37ffff,14.0,9.03,250000.99999999997,99.3,lace,4.747631969219044,4.71439854543451,4.747631969219044,1.0,2024
892830d0d3bffff,0.0,0.0,,65.07,income-model,0.0,0.0,0.0,,2024
892830d0d43ffff,0.0,0.0,,65.07,income-model,0.0,0.0,0.0,,2024
892830d0d47ffff,0.0,0.0,,65.07,income-model,0.0,0.0,0.0,,2024
892830d0d4bffff,0.0,0.0,,65.07,income-model,0.0,0.0,0.0,,2024
892830d0d53ffff,0.0,0.0,,65.07,income-model,0.0,0.0,0.0,,2024
892830d0d57ffff,288.0,14.05,250001.00000000003,100.0,lace,71.61737462637743,71.61737462637743,71.61737462637743,1.0,2024
892830d0d5bffff,0.0,0.0,,65.07,income-model,0.0,0.0,0.0,,2024
892830d0d63ffff,0.0,0.0,,65.07,income-model,0.0,0.0,0.0,,2024
892830d0d67ffff,0.0,0.0,,65.07,income-model,0.0,0.0,0.0,,2024
892830d0d77ffff,0.0,0.0,,65.07,income-model,0.0,0.0,0.0,,2024
892830d0d83ffff,153.0,5.24,202685.0,98.3,lace,45.865212104812485,45.08550349903067,45.865212104812485,1.0,2024
892830d0d87ffff,218.0,9.3,245296.0,99.3,lace,69.92481379541789,69.43534009884996,69.92481379541789,1.0,2024
892830d0d8bffff,764.0,5.24,202685.00000000003,98.3,lace,228.50038541853962,224.61587886642442,228.50038541853962,1.0,2024
892830d0d8fffff,86.0,9.3,245296.0,99.3,lace,27.522934343788506,27.33027380338199,27.522934343788506,1.0,2024
892830d0d93ffff,393.0,7.52,181860.85563287308,95.71,lace,135.6964528675623,129.87638567800073,135.6964528675623,1.0,2024
892830d0d97ffff,251.0,10.54,126953.0,93.5,lace,101.28768424110575,94.70398476543387,101.28768424110575,1.0,2024
892830d0d9bffff,322.0,5.03,216623.07832074258,98.3,lace,95.09259745047731,93.4760232938192,95.09259745047731,1.0,2024
892830d0da3ffff,255.0,9.3,245394.17407494574,99.3,lace,81.71195193650634,81.1399682729508,81.71195193650634,1.0,2024
892830d0da7ffff,196.0,9.3,245296.0,99.3,lace,62.84193334702424,62.40203981359507,62.84193334702424,1.0,2024
892830d0dabffff,238.0,9.03,249918.15585572465,99.3,lace,82.81775133795763,82.23802707859193,82.81775133795763,1.0,2024
892830d0dafffff,201.0,9.05,249530.47521304275,99.3,lace,69.4487021048719,68.96256119013779,69.4487021048719,1.0,2024
892830d0db3ffff,207.0,9.3,245296.0,99.3,lace,66.27716996583955,65.81322977607867,66.27716996583955,1.0,2024
892830d0db7ffff,256.0,9.17,245451.07290227895,99.09,lace,81.94555389697746,81.20389101760328,81.94555389697746,1.0,2024
892830d0dbbffff,204.0,9.3,245296.0,99.3,lace,65.26841572082587,64.81153681078008,65.26841572082587,1.0,2024
892830d0dc3ffff,16.0,14.05,250001.0,100.0,lace,4.018390969424566,4.018390969424566,4.018390969424566,1.0,2024
892830d0dc7ffff,0.0,0.0,,65.07,income-model,0.0,0.0,0.0,,2024
892830d0dcbffff,0.0,0.0,,65.07,income-model,0.0,0.0,0.0,,2024
892830d0dcfffff,53.0,14.05,250001.0,100.0,lace,13.168023732596023,13.168023732596023,13.168023732596023,1.0,2024
892830d0dd3ffff,0.0,0.0,,65.07,income-model,0.0,0.0,0.0,,2024
892830d0dd7ffff,271.0,5.24,202685.0,98.3,lace,81.1928926328982,79.81261345813893,81.1928926328982,1.0,2024
892830d0ddbffff,0.0,0.0,,65.07,income-model,0.0,0.0,0.0,,2024
892830d286bffff,0.0,0.0,,65.07,income-model,0.0,0.0,0.0,,2024
892830d286fffff,0.0,0.0,,65.07,income-model,0.0,0.0,0.0,,2024
892830d28a3ffff,73.0,6.47,250000.99999999997,84.9,lace,22.079135983300517,18.74518644982214,22.079135983300517,1.0,2024
892830d28a7ffff,227.0,6.47,250001.0,84.9,lace,68.62761213031848,58.26484269864039,68.62761213031848,1.0,2024
892830d28afffff,0.0,0.0,,65.07,income-model,0.0,0.0,0.0,,2024
892830d28b7ffff,50.0,6.47,250001.0,84.9,lace,15.179103461663544,12.88705883895235,15.179103461663544,1.0,2024
892830d2903ffff,17.0,10.02,250000.99999999997,93.8,lace,5.914727364230349,5.5480142676480675,5.914727364230349,1.0,2024
892830d2907ffff,86.0,10.02,250001.0,93.8,lace,29.28056299368052,27.46516808807233,29.28056299368052,1.0,2024
892830d290bffff,97.0,10.02,250001.0,93.8,lace,33.0874132141755,31.035993594896617,33.0874132141755,1.0,2024
892830d290fffff,19.0,10.02,250001.0,93.8,lace,6.510592321144665,6.106935597233695,6.510592321144665,1.0,2024
892830d2913ffff,140.0,10.02,250000.99999999997,93.8,lace,47.931952398464205,44.96017134975942,47.931952398464205,1.0,2024
892830d2917ffff,178.0,16.91,250001.00000000003,90.38,lace,61.61467354839468,55.68667381259558,61.61467354839468,1.0,2024
892830d291bffff,98.0,10.02,250001.0,93.8,lace,33.53479779695983,31.455640333548317,33.53479779695983,1.0,2024
892830d2923ffff,81.0,10.96,234659.0,93.8,lace,27.439156066520425,25.73792839039616,27.439156066520425,1.0,2024
892830d2927ffff,218.0,11.83,218851.57873384256,86.03,lace,67.72292499417969,58.26003719906257,67.72292499417969,1.0,2024
892830d292bffff,12.0,10.96,234659.0,93.8,lace,4.1549817078956846,3.8973728420061517,4.1549817078956846,1.0,2024
892830d292fffff,48.0,10.96,234659.0,93.8,lace,16.04671972037172,15.051823097708672,16.04671972037172,1.0,2024
892830d2933ffff,32.0,11.27,228600.66456259895,88.73,lace,10.383668421523085,9.213645443055448,10.383668421523085,1.0,2024
892830d2937ffff,241.0,11.95,216771.0,84.9,lace,73.978522973013,62.807766004088045,73.978522973013,1.0,2024
892830d293bffff,0.0,0.0,,65.07,income-model,0.0,0.0,0.0,,2024
892830d2943ffff,14.0,10.02,250001.0,93.8,lace,4.852431912666866,4.55158113408152,4.852431912666866,1.0,2024
892830d2947ffff,39.0,10.02,250000.99999999997,93.8,lace,13.422314867687614,12.590131345890981,13.422314867687614,1.0,2024
892830d294bffff,0.0,0.0,,65.07,income-model,0.0,0.0,0.0,,2024
892830d294fffff,0.0,0.0,,65.07,income-model,0.0,0.0,0.0,,2024
892830d2953ffff,63.0,10.02,250001.0,93.8,lace,21.623717731935525,20.28304723255552,21.623717731935525,1.0,2024
892830d2957ffff,178.0,10.02,250001.00000000003,93.8,lace,60.74168854984591,56.975703859755455,60.74168854984591,1.0,2024
892830d2963ffff,14.0,10.02,250001.00000000003,93.8,lace,4.899463654210656,4.595696907649596,4.899463654210656,1.0,2024
892830d2967ffff,0.0,0.0,,65.07,income-model,0.0,0.0,0.0,,2024
892830d296bffff,112.0,10.02,250001.0,93.8,lace,38.330869358189915,35.95435545798214,38.330869358189915,1.0,2024
892830d296fffff,40.0,10.02,250001.00000000003,93.8,lace,13.740264988206802,12.88836855893798,13.740264988206802,1.0,2024
892830d2973ffff,15.0,10.02,250001.0,93.8,lace,4.978756838301015,4.670073914326352,4.978756838301015,1.0,2024
892830d2977ffff,35.0,10.02,250001.0,93.8,lace,11.83761726211706,11.103684991865803,11.83761726211706,1.0,2024
892830d297bffff,47.0,10.02,250001.00000000003,93.8,lace,16.14004988317678,15.139366790419817,16.14004988317678,1.0,2024
892830d2983ffff,117.0,28.36,250001.0,84.9,lace,41.42781664830733,35.17221633441292,41.42781664830733,1.0,2024
892830d2987ffff,109.0,28.36,250001.0,84.9,lace,38.695891444546085,32.852811836419626,38.695891444546085,1.0,2024
892830d298bffff,112.0,11.31,250001.0,85.3,lace,35.19039395005824,30.017993892850402,35.19039395005824,1.0,2024
892830d298fffff,145.0,25.5,250001.00000000003,86.25,lace,51.029526741182686,44.012480744158395,51.029526741182686,1.0,2024
892830d2993ffff,197.0,56.24,250001.00000000003,84.9,lace,138.5941818747683,117.66646041167832,138.5941818747683,1.0,2024
892830d2997ffff,72.0,18.92,179587.8611086774,84.21,lace,18.463878957236854,15.54878956744947,18.463878957236854,1.0,2024
892830d299bffff,108.0,34.78,250001.00000000003,84.9,lace,56.143045775065566,47.66544586303067,56.143045775065566,1.0,2024
892830d29a3ffff,136.0,25.29,243786.97416422775,84.9,lace,47.1289202966292,40.012453331838195,47.1289202966292,1.0,2024
892830d29a7ffff,116.0,14.24,205565.94433007194,84.54,lace,35.25099136035809,29.80230580772355,35.25099136035809,1.0,2024
892830d29abffff,158.0,23.68,244577.06362408167,85.86,lace,54.69205992546966,46.95917395945479,54.69205992546966,1.0,2024
892830d29afffff,15.0,11.95,216771.0,84.9,lace,4.739557721361496,4.023884505435911,4.739557721361496,1.0,2024
892830d29b3ffff,188.0,23.62,214666.88631870324,84.61,lace,57.14264376819777,48.34882704262931,57.14264376819777,1.0,2024
892830d29b7ffff,378.0,18.06,173165.73584270207,84.12,lace,93.12454843154472,78.33782729398818,93.12454843154472,1.0,2024
892830d29bbffff,114.0,28.36,250001.0,84.9,lace,40.2428927365677,34.166215933345974,40.2428927365677,1.0,2024
892830d29c3ffff,176.0,6.95,250001.0,86.23,lace,54.313119794571605,46.83584805576097,54.313119794571605,1.0,2024
892830d29c7ffff,120.0,10.02,250001.0,93.8,lace,41.159770308237135,38.60786454912643,41.159770308237135,1.0,2024
892830d29cbffff,169.0,6.71,250000.99999999997,85.59,lace,51.58124934766947,44.145923456488816,51.58124934766947,1.0,2024
892830d29cfffff,195.0,10.02,250001.0,93.8,lace,66.7026702714623,62.56710471463163,66.7026702714623,1.0,2024
892830d29d3ffff,232.0,6.47,250001.0,84.9,lace,70.4059859980487,59.774682112343356,70.4059859980487,1.0,2024
892830d29d7ffff,0.0,0.0,,65.07,income-model,0.0,0.0,0.0,,2024
892830d29dbffff,136.0,6.47,250001.0,84.9,lace,41.31064718057576,35.07273945630882,41.31064718057576,1.0,2024
892830d2a23ffff,0.0,0.0,,65.07,income-model,0.0,0.0,0.0,,2024
892830d2a27ffff,0.0,0.0,,65.07,income-model,0.0,0.0,0.0,,2024
892830d2a2fffff,0.0,0.0,,65.07,income-model,0.0,0.0,0.0,,2024
892830d2a33ffff,0.0,0.0,,65.07,income-model,0.0,0.0,0.0,,2024
892830d2a37ffff,129.0,13.21,250001.0,100.0,lace,37.80190968053041,37.80190968053041,37.80190968053041,1.0,2024
892830d2aa3ffff,269.0,12.93,250000.99999999997,99.83,lace,78.43362235874241,78.30411208058565,78.43362235874241,1.0,2024
892830d2aa7ffff,261.0,12.55,250001.00000000003,99.62,lace,76.11718401620192,75.8248731108689,76.11718401620192,1.0,2024
892830d2aabffff,0.0,0.0,,65.07,income-model,0.0,0.0,0.0,,2024
892830d2aafffff,321.0,13.21,250001.00000000003,100.0,lace,93.83594933039987,93.83594933039987,93.83594933039987,1.0,2024
892830d2ab3ffff,0.0,0.0,,65.07,income-model,0.0,0.0,0.0,,2024
892830d2ab7ffff,75.0,9.49,250000.99999999997,97.8,lace,21.533944898083856,21.06019811032601,21.533944898083856,1.0,2024
892830d2abbffff,0.0,0.0,,65.07,income-model,0.0,0.0,0.0,,2024
892830d2b03ffff,220.0,7.37,250001.0,99.8,lace,62.59658620068456,62.47139302828319,62.59658620068456,1.0,2024
892830d2b07ffff,0.0,0.0,,65.07,income-model,0.0,0.0,0.0,,2024
892830d2b0bffff,52.0,7.37,250001.0,99.8,lace,14.836805565178832,14.807131954048472,14.836805565178832,1.0,2024
892830d2b0fffff,101.0,7.37,250001.0,99.8,lace,28.770573562629046,28.713032415503786,28.770573562629046,1.0,2024
892830d2b13ffff,471.0,4.53,250000.99999999997,98.42,lace,139.61107218641916,137.3996956271277,139.61107218641916,1.0,2024
892830d2b17ffff,375.0,4.39,250001.0,98.35,lace,111.29091967333078,109.45188956093932,111.29091967333078,1.0,2024
892830d2b1bffff,442.0,7.15,250000.99999999997,99.8,lace,125.82721603837985,125.57556160630308,125.82721603837985,1.0,2024
892830d2b23ffff,665.0,11.49,90402.37534019195,93.5,lace,280.62163291252625,262.38122677321206,280.62163291252625,1.0,2024
892830d2b27ffff,573.0,10.54,126953.00000000001,93.5,lace,231.59132111903264,216.53788524629553,231.59132111903264,1.0,2024
892830d2b2bffff,600.0,9.17,138400.95911250293,94.75,lace,229.32100291546521,217.27824317393083,229.32100291546521,1.0,2024
892830d2b2fffff,694.0,11.17,102767.56430162162,93.5,lace,288.6733366582848,269.90956977549627,288.6733366582848,1.0,2024
892830d2b33ffff,372.0,10.61,124453.39114032635,93.5,lace,150.97448925227215,141.16114745087444,150.97448925227215,1.0,2024
892830d2b37ffff,977.0,10.54,126953.0,93.5,lace,395.02475623820504,369.3481470827217,395.02475623820504,1.0,2024
892830d2b3bffff,631.0,6.17,190815.86174644096,96.94,lace,216.45854948033752,209.83925894320592,216.45854948033752,1.0,2024
892830d2b43ffff,94.0,7.37,250001.0,99.8,lace,26.568437426381937,26.515300551529172,26.568437426381937,1.0,2024
892830d2b47ffff,127.0,7.37,250001.0,99.8,lace,36.10625181879911,36.03403931516151,36.10625181879911,1.0,2024
892830d2b4bffff,297.0,10.87,250000.99999999994,99.9,lace,78.73135399355742,78.65126001464856,78.73135399355742,1.0,2024
892830d2b4fffff,519.0,6.25,250000.99999999997,99.21,lace,147.99829130846166,146.82932058486685,147.99829130846166,1.0,2024
892830d2b53ffff,120.0,2.04,250001.0,99.8,lace,36.111785578999076,36.03956200784108,36.111785578999076,1.0,2024
892830d2b57ffff,97.0,4.92,250001.0,99.8,lace,28.32202368573433,28.26537963836286,28.32202368573433,1.0,2024
892830d2b5bffff,109.0,12.26,250001.0,99.94,lace,28.08809954637651,28.07156850553841,28.08809954637651,1.0,2024
892830d2b63ffff,531.0,4.22,250001.0,98.55,lace,153.13861772187926,150.92242741776775,153.13861772187926,1.0,2024
892830d2b67ffff,412.0,4.51,250000.99999999997,98.3,lace,118.03542950758779,116.0288272059588,118.03542950758779,1.0,2024
892830d2b6bffff,102.0,4.51,250001.00000000003,98.3,lace,29.100497720685972,28.60578925943431,29.100497720685972,1.0,2024
892830d2b6fffff,282.0,4.66,240559.09353726346,98.3,lace,81.59645566333616,80.20931591705944,81.59645566333616,1.0,2024
892830d2b73ffff,395.0,5.87,250001.0,99.8,lace,114.02787635744801,113.79982060473311,114.02787635744801,1.0,2024
892830d2b77ffff,493.0,3.36,250001.0,99.69,lace,145.82521707266497,145.3685956826215,145.82521707266497,1.0,2024
892830d2b7bffff,260.0,5.92,250001.00000000003,99.46,lace,74.57641799012029,74.1753489433593,74.57641799012029,1.0,2024
892830d2b83ffff,214.0,3.19,250001.0,97.8,lace,64.66572029657469,63.243074450050045,64.66572029657469,1.0,2024
892830d2b87ffff,81.0,3.19,250001.0,97.8,lace,24.500365612042728,23.961357568577785,24.500365612042728,1.0,2024
892830d2b8bffff,641.0,3.19,250001.00000000003,97.8,lace,193.39696174349967,189.1422285851427,193.39696174349967,1.0,2024
892830d2b8fffff,600.0,3.19,250001.00000000003,97.8,lace,181.12939194019486,177.14454531751056,181.12939194019486,1.0,2024
892830d2b9bffff,0.0,0.0,,65.07,income-model,0.0,0.0,0.0,,2024
892830d2ba3ffff,262.0,10.54,126953.0,93.5,lace,106.00685853078913,99.11641272628783,106.00685853078913,1.0,2024
892830d2ba7ffff,0.0,0.0,,65.07,income-model,0.0,0.0,0.0,,2024
892830d2babffff,216.0,10.54,126953.0,93.5,lace,87.1407811735514,81.47663039727057,87.1407811735514,1.0,2024
892830d2bafffff,244.0,10.54,126953.0,93.5,lace,98.6566284205284,92.24394757319405,98.6566284205284,1.0,2024
892830d2bb3ffff,0.0,0.0,,65.07,income-model,0.0,0.0,0.0,,2024
892830d2bb7ffff,0.0,0.0,,65.07,income-model,0.0,0.0,0.0,,2024
892830d2bbbffff,17.0,4.13,250000.99999999997,98.23,lace,5.1932243390932324,5.101285918356792,5.1932243390932324,1.0,2024
892830d2bc3ffff,358.0,2.85,250001.0,99.59,lace,106.86849772795257,106.43040134826974,106.86849772795257,1.0,2024
892830d2bc7ffff,177.0,3.69,250001.0,98.4,lace,52.802944395926474,51.95752081623845,52.802944395926474,1.0,2024
892830d2bcbffff,298.0,7.22,250001.00000000006,99.89,lace,88.229225020065,88.13351451893462,88.229225020065,1.0,2024
892830d2bcfffff,320.0,2.04,250001.0,99.8,lace,95.96528133788253,95.77335077520677,95.96528133788253,1.0,2024
892830d2bd3ffff,251.0,9.49,250001.0,97.8,lace,71.67310727157957,70.09629891160482,71.67310727157957,1.0,2024
892830d2bd7ffff,190.0,9.49,250001.0,97.8,lace,54.36351788877803,53.167520495224906,54.36351788877803,1.0,2024
892830d2bdbffff,273.0,11.62,250001.0,99.5,lace,79.62466008908092,79.22591628023925,79.62466008908092,1.0,2024
892830d2d23ffff,467.0,7.16,170139.0,84.1,lace,176.89659588287344,148.77003713749656,176.89659588287344,1.0,2024
892830d2d27ffff,776.0,7.58,171127.2749578666,84.1,lace,291.4197288057256,245.08399192561524,291.4197288057256,1.0,2024
892830d2d2bffff,464.0,20.55,170139.0,84.42,lace,222.0538943200413,187.4493575577925,222.0538943200413,1.0,2024
892830d2d2fffff,255.0,13.76,170701.80484157748,84.19,lace,90.3204893243558,76.04411463129263,90.3204893243558,1.0,2024
892830d2d37ffff,191.0,7.16,170139.0,84.1,lace,72.36224770865356,60.856650322977636,72.36224770865356,1.0,2024
892830d2d3bffff,27.0,7.16,170139.0,84.1,lace,10.267183290624645,8.634701147415326,10.267183290624645,1.0,2024
892830d2d63ffff,0.0,0.0,,65.07,income-model,0.0,0.0,0.0,,2024
892830d2d67ffff,213.0,63.64,,84.9,lace,169.53186091184168,143.93254991415358,169.53186091184168,1.0,2024
892830d2d6bffff,116.0,6.47,250001.0,84.9,lace,35.078109913048735,29.78131531617838,35.078109913048735,1.0,2024
892830d2d6fffff,0.0,0.0,,65.07,income-model,0.0,0.0,0.0,,2024
892830d2d77ffff,68.0,63.64,,84.9,lace,54.233808180056435,46.04450314486791,54.233808180056435,1.0,2024
892830d2d7bffff,0.0,0.0,,65.07,income-model,0.0,0.0,0.0,,2024
892830d44c3ffff,0.0,0.0,,65.07,income-model,0.0,0.0,0.0,,2024
892830d44d3ffff,14.0,6.61,188287.99999999997,92.9,lace,4.834726743720595,4.491461144916434,4.834726743720595,1.0,2024
892830d44d7ffff,0.0,0.0,,65.07,income-model,0.0,0.0,0.0,,2024
892830d44dbffff,13.0,6.61,188288.00000000003,92.9,lace,4.729352895424389,4.393568839849258,4.729352895424389,1.0,2024
892830d6203ffff,166.0,16.49,221544.99999999997,87.6,lace,50.08717034584839,43.87636122296319,50.08717034584839,1.0,2024
892830d6207ffff,0.0,0.0,,65.07,income-model,0.0,0.0,0.0,,2024
892830d620bffff,140.0,11.62,195196.74063053587,89.59,lace,47.57734151509686,42.626409476935365,47.57734151509686,1.0,2024
892830d620fffff,0.0,0.0,,65.07,income-model,0.0,0.0,0.0,,2024
892830d6213ffff,21.0,16.49,221544.99999999997,87.6,lace,6.37985230220751,5.588750616733779,6.37985230220751,1.0,2024
892830d6217ffff,0.0,0.0,,65.07,income-model,0.0,0.0,0.0,,2024
892830d621bffff,299.0,16.49,221545.0,87.6,lace,90.1103674937531,78.9366819245277,90.1103674937531,1.0,2024
892830d6243ffff,102.0,3.86,143823.5447165678,92.9,lace,41.37606266736191,38.43836221797922,41.37606266736191,1.0,2024
892830d6247ffff,388.0,6.61,188288.0,92.9,lace,138.3558628129184,128.5325965532012,138.3558628129184,1.0,2024
892830d624bffff,484.0,3.62,139958.2376894049,92.9,lace,199.37782596233518,185.2220003190094,199.37782596233518,1.0,2024
892830d624fffff,294.0,6.61,188288.0,92.9,lace,104.80395659595305,97.36287567764039,104.80395659595305,1.0,2024
892830d6253ffff,257.0,10.61,157875.0,87.6,lace,98.18683479505634,86.01166728046935,98.18683479505634,1.0,2024
892830d6257ffff,226.0,9.76,160159.43535819877,88.48,lace,86.04057652306172,76.12777928682915,86.04057652306172,1.0,2024
892830d625bffff,222.0,9.64,155140.11350162892,88.37,lace,85.83180778038562,75.85290116416722,85.83180778038562,1.0,2024
892830d6263ffff,35.0,19.79,250001.00000000003,84.2,lace,14.578729968230608,12.275290633250172,14.578729968230608,1.0,2024
892830d6267ffff,0.0,0.0,,65.07,income-model,0.0,0.0,0.0,,2024
892830d626bffff,206.0,18.96,246081.0803218561,84.68,lace,84.06307257617595,71.18610557168462,84.06307257617595,1.0,2024
892830d626fffff,0.0,0.0,,65.07,income-model,0.0,0.0,0.0,,2024
892830d6273ffff,150.0,8.93,199121.20570336812,91.18,lace,54.9527713540099,50.10616453825596,54.9527713540099,1.0,2024
892830d6277ffff,0.0,0.0,,65.07,income-model,0.0,0.0,0.0,,2024
892830d627bffff,42.0,19.79,250001.0,84.2,lace,17.42983508507914,14.675921141636636,17.42983508507914,1.0,2024
892830d628bffff,0.0,0.0,,65.07,income-model,0.0,0.0,0.0,,2024
892830d62c3ffff,48.0,16.49,221545.00000000003,87.6,lace,14.407625216851555,12.621079689961961,14.407625216851555,1.0,2024
892830d62c7ffff,4.0,16.49,221545.0,87.6,lace,1.2356002610176504,1.0823858286514616,1.2356002610176504,1.0,2024
892830d62cbffff,286.0,14.76,202843.77274414283,87.6,lace,93.1827485190806,81.62808770271461,93.1827485190806,1.0,2024
892830d62cfffff,156.0,13.66,190924.21305841935,87.6,lace,53.26305635810128,46.65843736969671,53.26305635810128,1.0,2024
892830d62d3ffff,0.0,0.0,,65.07,income-model,0.0,0.0,0.0,,2024
892830d62dbffff,215.0,16.49,221545.0,87.6,lace,64.90212633890913,56.85426267288439,64.90212633890913,1.0,2024
892830d7003ffff,186.0,21.69,174662.91436305878,89.98,lace,86.66626926262865,77.9836656402172,86.66626926262865,1.0,2024
892830d7007ffff,109.0,22.47,169283.8376937279,87.16,lace,45.13484376270508,39.34093071772573,45.13484376270508,1.0,2024
892830d700bffff,37.0,21.26,177659.0,91.3,lace,18.453206752716973,16.847777765230596,18.453206752716973,1.0,2024
892830d700fffff,89.0,21.29,177455.05129106584,91.22,lace,43.6200248818796,39.78803296024746,43.6200248818796,1.0,2024
892830d7013ffff,153.0,22.53,168841.0,86.9,lace,62.69701642929,54.483707277053014,62.69701642929,1.0,2024
892830d7017ffff,95.0,22.53,168841.0,86.9,lace,38.94054693135539,33.839335283347836,38.94054693135539,1.0,2024
892830d701bffff,35.0,22.46,169326.9329166841,87.19,lace,14.649637567243932,12.772788264943078,14.649637567243932,1.0,2024
892830d7023ffff,95.0,22.53,168841.0,86.9,lace,39.05085025376606,33.93518887052271,39.05085025376606,1.0,2024
892830d7027ffff,147.0,22.53,168841.0,86.9,lace,60.54870723257522,52.616826585107866,60.54870723257522,1.0,2024
892830d702bffff,112.0,22.53,168841.0,86.9,lace,45.888787713129524,39.87735652270956,45.888787713129524,1.0,2024
892830d702fffff,87.0,22.53,168841.0,86.9,lace,35.94715794955733,31.238080258165322,35.94715794955733,1.0,2024
892830d7033ffff,24.0,22.53,168841.0,86.9,lace,9.818732754744568,8.53247876387303,9.818732754744568,1.0,2024
892830d7037ffff,115.0,22.53,168841.0,86.9,lace,47.3322847355431,41.13175543518695,47.3322847355431,1.0,2024
892830d703bffff,65.0,22.53,168841.0,86.9,lace,26.90054845168741,23.376576604516362,26.90054845168741,1.0,2024
892830d7043ffff,81.0,8.17,250001.0,91.3,lace,24.055988480433676,21.963117482635944,24.055988480433676,1.0,2024
892830d7047ffff,291.0,8.17,250000.99999999997,91.3,lace,86.18166610198203,78.6838611511096,86.18166610198203,1.0,2024
892830d704bffff,150.0,8.48,244531.0,93.8,lace,43.99465236069117,41.266983914328314,43.99465236069117,1.0,2024
892830d704fffff,143.0,6.84,208742.9026837181,92.84,lace,48.202318236199886,44.75011540213351,48.202318236199886,1.0,2024
892830d7053ffff,559.0,8.17,250001.00000000003,91.3,lace,165.32971582246316,150.94603054590885,165.32971582246316,1.0,2024
892830d7057ffff,220.0,8.17,250001.0,91.3,lace,65.10841944773843,59.443986955785185,65.10841944773843,1.0,2024
892830d705bffff,65.0,8.44,245235.06414221908,93.48,lace,19.187928826144706,17.936150724863086,19.187928826144706,1.0,2024
892830d7063ffff,156.0,21.26,177659.0,91.3,lace,77.14767563498212,70.43582785473868,77.14767563498212,1.0,2024
892830d7067ffff,174.0,22.07,172024.34535137308,88.68,lace,76.82571303033536,68.12922772712514,76.82571303033536,1.0,2024
892830d706bffff,282.0,21.37,183069.0793983236,91.42,lace,135.57359053266615,123.94375593672937,135.57359053266615,1.0,2024
892830d706fffff,277.0,21.26,177659.0,91.3,lace,136.8895518468427,124.98016083616739,136.8895518468427,1.0,2024
892830d7073ffff,48.0,10.51,237103.53564465468,91.3,lace,15.996329754658154,14.604649066002894,15.996329754658154,1.0,2024
892830d7077ffff,298.0,21.26,177659.0,91.3,lace,147.22127972477907,134.4130283887233,147.22127972477907,1.0,2024
892830d707bffff,386.0,10.78,195405.70734248523,92.05,lace,150.3179366109182,138.36896651157025,150.3179366109182,1.0,2024
892830d7083ffff,72.0,22.53,168841.0,86.9,lace,29.48138563706764,25.61932411861178,29.48138563706764,1.0,2024
892830d7087ffff,0.0,0.0,,65.07,income-model,0.0,0.0,0.0,,2024
892830d708bffff,73.0,22.53,168841.0,86.9,lace,30.180118100684794,26.22652262949509,30.180118100684794,1.0,2024
892830d708fffff,213.0,22.53,168841.0,86.9,lace,87.4540325998001,75.99755432922629,87.4540325998001,1.0,2024
892830d7093ffff,275.0,9.94,153456.10671809068,81.48,lace,114.17798844841921,93.03783150281235,114.17798844841921,1.0,2024
892830d7097ffff,0.0,0.0,,65.07,income-model,0.0,0.0,0.0,,2024
892830d709bffff,185.0,26.35,125864.43413282605,85.16,lace,100.64848579772965,85.7157787506977,100.64848579772965,1.0,2024
892830d70a3ffff,0.0,0.0,,65.07,income-model,0.0,0.0,0.0,,2024
892830d70a7ffff,12.0,22.53,168841.0,86.9,lace,4.923697123984693,4.278692800742699,4.923697123984693,1.0,2024
892830d70abffff,43.0,22.53,168841.0,86.9,lace,17.472219975868775,15.183359159029967,17.472219975868775,1.0,2024
892830d70afffff,108.0,22.53,168841.0,86.9,lace,44.435302594592144,38.614277954700576,44.435302594592144,1.0,2024
892830d70b3ffff,1.0,22.53,168841.0,86.9,lace,0.27488977592893904,0.23887921528224804,0.27488977592893904,1.0,2024
892830d70b7ffff,0.0,0.0,,65.07,income-model,0.0,0.0,0.0,,2024
892830d70bbffff,96.0,22.53,168841.0,86.9,lace,39.39522243751274,34.23444829819858,39.39522243751274,1.0,2024
892830d70c3ffff,329.0,9.46,199722.0,91.3,lace,140.28960575812246,128.0844100571658,140.28960575812246,1.0,2024
892830d70c7ffff,194.0,26.66,161011.247120854,87.75,lace,96.37225692729737,84.56787964986077,96.37225692729737,1.0,2024
892830d70cbffff,291.0,9.46,199722.0,91.3,lace,123.8379156943319,113.06401702892502,123.8379156943319,1.0,2024
892830d70cfffff,363.0,12.53,207926.61466756157,91.3,lace,148.25843785140208,135.3599537583301,148.25843785140208,1.0,2024
892830d70d3ffff,269.0,30.7,152578.19464776912,87.68,lace,146.9749477715061,128.8663959318976,146.9749477715061,1.0,2024
892830d70d7ffff,133.0,36.93,138750.0,86.9,lace,77.29510503436514,67.1694462748633,77.29510503436514,1.0,2024
892830d70dbffff,400.0,9.46,199722.0,91.3,lace,170.266861608761,155.4536446487988,170.266861608761,1.0,2024
892830d7107ffff,112.0,6.61,188288.0,92.9,lace,39.97098176850046,37.13304206293693,39.97098176850046,1.0,2024
892830d7113ffff,0.0,0.0,,65.07,income-model,0.0,0.0,0.0,,2024
892830d7117ffff,297.0,6.61,188288.0,92.9,lace,105.76728556410477,98.25780828905334,105.76728556410477,1.0,2024
892830d711bffff,43.0,11.67,160515.0,87.7,lace,12.441191421938095,10.910924877039712,12.441191421938095,1.0,2024
892830d7133ffff,180.0,6.61,188288.0,92.9,lace,64.32543451672414,59.75832866603673,64.32543451672414,1.0,2024
892830d7137ffff,0.0,0.0,,65.07,income-model,0.0,0.0,0.0,,2024
892830d7153ffff,0.0,0.0,,65.07,income-model,0.0,0.0,0.0,,2024
892830d7157ffff,0.0,0.0,,65.07,income-model,0.0,0.0,0.0,,2024
892830d7183ffff,50.0,3.49,137813.0,92.9,lace,20.76179441208768,19.287707008829457,20.76179441208768,1.0,2024
892830d7187ffff,349.0,3.49,137813.0,92.9,lace,144.8415394583032,134.55779015676367,144.8415394583032,1.0,2024
892830d718bffff,0.0,0.0,,65.07,income-model,0.0,0.0,0.0,,2024
892830d718fffff,168.0,3.8,142951.29763853527,92.9,lace,68.79338065957157,63.90905063274199,68.79338065957157,1.0,2024
892830d7193ffff,364.0,7.91,150255.04192135113,89.71,lace,143.75437535386277,128.96753944744367,143.75437535386277,1.0,2024
892830d7197ffff,212.0,9.08,153547.30697230744,88.82,lace,82.39466195857725,73.18017150517595,82.39466195857725,1.0,2024
892830d719bffff,111.0,3.49,137813.0,92.9,lace,45.81758097856455,42.564532729086466,45.81758097856455,1.0,2024
892830d71a3ffff,140.0,6.61,188288.0,92.9,lace,49.9372278700777,46.39168469130219,49.9372278700777,1.0,2024
892830d71a7ffff,434.0,6.61,188288.0,92.9,lace,154.6688568541825,143.68736801753556,154.6688568541825,1.0,2024
892830d71abffff,252.0,6.61,188288.0,92.9,lace,89.69309734471904,83.32488743324399,89.69309734471904,1.0,2024
892830d71afffff,0.0,0.0,,65.07,income-model,0.0,0.0,0.0,,2024
892830d71b3ffff,424.0,5.15,164704.28027083664,92.9,lace,162.6393214767271,151.09192965187947,162.6393214767271,1.0,2024
892830d71b7ffff,65.0,8.63,197719.67164083934,91.4,lace,23.581909191122392,21.553315769974645,23.581909191122392,1.0,2024
892830d71bbffff,437.0,5.82,175529.0064811531,92.9,lace,162.32290190599574,150.79797587067003,162.32290190599574,1.0,2024
892830d71c3ffff,250.0,22.53,168841.0,86.9,lace,102.91994804993159,89.43743485539056,102.91994804993159,1.0,2024
892830d71c7ffff,105.0,13.09,161607.38901587203,87.56,lace,31.855600599946165,27.891944550282723,31.855600599946165,1.0,2024
892830d71cbffff,0.0,0.0,,65.07,income-model,0.0,0.0,0.0,,2024
892830d71cfffff,169.0,11.67,160515.0,87.7,lace,48.234776580878716,42.30189906143063,48.234776580878716,1.0,2024
892830d71d3ffff,91.0,22.53,168841.0,86.9,lace,37.55654422063575,32.63663692773247,37.55654422063575,1.0,2024
892830d71d7ffff,80.0,22.53,168841.0,86.9,lace,33.015000339648644,28.690035295154676,33.015000339648644,1.0,2024
892830d71dbffff,86.0,22.53,168841.0,86.9,lace,35.36307145883944,30.730509097731478,35.36307145883944,1.0,2024
892830d7203ffff,285.0,18.55,233974.68821061833,95.6,lace,97.85750157869818,93.55309786401075,97.85750157869818,1.0,2024
892830d7207ffff,42.0,22.7,245221.0,93.5,lace,14.040019367864494,13.127418108953302,14.040019367864494,1.0,2024
892830d720bffff,174.0,17.0,250000.99999999997,99.3,lace,58.11436951712156,57.70756893050171,58.11436951712156,1.0,2024
892830d720fffff,368.0,19.24,248120.23935385956,97.03,lace,122.8568978852017,119.20388910756827,122.8568978852017,1.0,2024
892830d7213ffff,546.0,3.85,126810.00000000001,93.8,lace,233.6959531425869,219.2068040477465,233.6959531425869,1.0,2024
892830d7217ffff,80.0,15.25,198471.75726471804,93.64,lace,29.71538591266693,27.82455791358026,29.71538591266693,1.0,2024
892830d721bffff,208.0,9.03,250001.0,99.3,lace,72.33280072728274,71.82647112219176,72.33280072728274,1.0,2024
892830d7223ffff,0.0,0.0,,65.07,income-model,0.0,0.0,0.0,,2024
892830d7233ffff,0.0,0.0,,65.07,income-model,0.0,0.0,0.0,,2024
892830d723bffff,0.0,0.0,,65.07,income-model,0.0,0.0,0.0,,2024
892830d7243ffff,0.0,0.0,,65.07,income-model,0.0,0.0,0.0,,2024
892830d7253ffff,0.0,0.0,,65.07,income-model,0.0,0.0,0.0,,2024
892830d7257ffff,3.0,9.03,250001.0,99.3,lace,0.9495263938438087,0.942879709086902,0.9495263938438087,1.0,2024
892830d725bffff,0.0,0.0,,65.07,income-model,0.0,0.0,0.0,,2024
892830d7273ffff,51.0,17.0,250001.0,99.3,lace,17.0761286445436,16.956595744031794,17.0761286445436,1.0,2024
892830d7277ffff,0.0,0.0,,65.07,income-model,0.0,0.0,0.0,,2024
892830d7283ffff,266.0,8.48,244531.0,93.8,lace,78.15070697604422,73.30536314352948,78.15070697604422,1.0,2024
892830d7287ffff,248.0,8.33,240634.54319177748,93.8,lace,73.84489536299671,69.26651185049091,73.84489536299671,1.0,2024
892830d728bffff,240.0,7.48,219105.30593845085,93.8,lace,77.41897213714066,72.61899586463794,77.41897213714066,1.0,2024
892830d728fffff,0.0,0.0,,65.07,income-model,0.0,0.0,0.0,,2024
892830d7293ffff,351.0,8.48,244531.0,93.8,lace,103.06613834430111,96.67603776695444,103.06613834430111,1.0,2024
892830d7297ffff,192.0,8.48,244531.00000000003,93.8,lace,56.28162922578085,52.79216821378243,56.28162922578085,1.0,2024
892830d729bffff,83.0,8.48,244531.00000000003,93.8,lace,24.248021356354236,22.744644032260272,24.248021356354236,1.0,2024
892830d72a3ffff,20.0,22.7,245220.99999999997,93.5,lace,6.789357643283034,6.348049396469637,6.789357643283034,1.0,2024
892830d72a7ffff,211.0,22.7,245221.0,93.5,lace,70.2767811541357,65.70879037911688,70.2767811541357,1.0,2024
892830d72abffff,8.0,22.7,245221.0,93.5,lace,2.6480052458948475,2.4758849049116822,2.6480052458948475,1.0,2024
892830d72afffff,0.0,0.0,,65.07,income-model,0.0,0.0,0.0,,2024
892830d72b3ffff,395.0,3.94,129306.10888443957,93.8,lace,167.65845550356477,157.26363126234375,167.65845550356477,1.0,2024
892830d72b7ffff,365.0,9.88,160306.44431614684,93.51,lace,149.3531892376006,139.66187711681422,149.3531892376006,1.0,2024
892830d72bbffff,22.0,3.85,126810.0,93.8,lace,9.352392569529524,8.772544230218694,9.352392569529524,1.0,2024
892830d72c3ffff,175.0,9.03,250001.0,99.3,lace,60.83115010766907,60.405332056915384,60.83115010766907,1.0,2024
892830d72c7ffff,119.0,8.73,242973.39716458038,98.92,lace,41.808215669593615,41.35633300000768,41.808215669593615,1.0,2024
892830d72cbffff,0.0,0.0,,65.07,income-model,0.0,0.0,0.0,,2024
892830d72cfffff,208.0,9.03,250001.0,99.3,lace,72.40940416993806,71.90253834074849,72.40940416993806,1.0,2024
892830d72d3ffff,231.0,9.03,249986.64324002553,99.3,lace,80.31685380336025,79.75463582673672,80.31685380336025,1.0,2024
892830d72d7ffff,103.0,9.03,250001.0,99.3,lace,35.89138509713174,35.64014540145181,35.89138509713174,1.0,2024
892830d72dbffff,58.0,9.03,250001.0,99.3,lace,20.10083242652562,19.96012659953994,20.10083242652562,1.0,2024
892830d7313ffff,0.0,0.0,,65.07,income-model,0.0,0.0,0.0,,2024
892830d738bffff,59.0,22.7,245221.0,93.5,lace,19.70627131711188,18.425363681499608,19.70627131711188,1.0,2024
892830d7393ffff,96.0,22.53,168841.0,86.9,lace,39.282747789857765,34.1367078293864,39.282747789857765,1.0,2024
892830d739bffff,107.0,22.27,212767.4303900937,91.47,lace,41.77693700561107,38.21135425447143,41.77693700561107,1.0,2024
892830d73c3ffff,179.0,22.7,245221.00000000003,93.5,lace,59.5905023669317,55.71711971308114,59.5905023669317,1.0,2024
892830d73c7ffff,0.0,0.0,,65.07,income-model,0.0,0.0,0.0,,2024
892830d73cfffff,0.0,0.0,,65.07,income-model,0.0,0.0,0.0,,2024
892830d73d3ffff,182.0,22.4,231521.767969772,92.9,lace,66.49259387783175,61.769387816532785,66.49259387783175,1.0,2024
892830d73d7ffff,295.0,22.65,242993.6176228502,93.39,lace,99.5778143133466,92.9996389155543,99.5778143133466,1.0,2024
892830d73dbffff,20.0,22.7,245221.0,93.5,lace,6.612025165277406,6.182243529534374,6.612025165277406,1.0,2024
892830d7403ffff,319.0,14.91,207660.3981565114,83.05,lace,98.28005860395125,81.62305160483228,98.28005860395125,1.0,2024
892830d7407ffff,209.0,22.61,195809.0,80.9,lace,64.51524245028814,52.19283114228311,64.51524245028814,1.0,2024
892830d740bffff,336.0,14.01,242267.95548543317,81.82,lace,104.63957445343243,85.61324717519436,104.63957445343243,1.0,2024
892830d740fffff,490.0,6.72,170598.74173411692,80.9,lace,172.97661346688005,139.93808029470597,172.97661346688005,1.0,2024
892830d7413ffff,359.0,10.63,201631.16509436842,83.9,lace,107.44584432551767,90.14706338910935,107.44584432551767,1.0,2024
892830d7417ffff,395.0,11.41,205607.48396427263,83.21,lace,117.85833751652284,98.07577525292069,117.85833751652284,1.0,2024
892830d741bffff,238.0,14.73,204730.39988968268,84.45,lace,74.0059074370981,62.49642950084744,74.0059074370981,1.0,2024
892830d7423ffff,10.0,14.64,250001.0,80.9,lace,3.0231545249130654,2.44573201065467,3.0231545249130654,1.0,2024
892830d7427ffff,42.0,14.64,250001.00000000003,80.9,lace,13.216618025680523,10.692243982775544,13.216618025680523,1.0,2024
892830d742bffff,79.0,7.73,138365.6878294288,80.9,lace,33.791430880756195,27.337267582531762,33.791430880756195,1.0,2024
892830d742fffff,0.0,0.0,,65.07,income-model,0.0,0.0,0.0,,2024
892830d7433ffff,210.0,20.78,208274.18528462038,80.9,lace,64.96081836058188,52.55330205371075,64.96081836058188,1.0,2024
892830d7437ffff,38.0,15.1,246865.6181244481,80.9,lace,11.97931994317569,9.691269834029134,11.97931994317569,1.0,2024
892830d743bffff,234.0,16.48,237458.42531692685,80.9,lace,72.8781613267201,58.958432513316566,72.8781613267201,1.0,2024
892830d7443ffff,258.0,12.76,241902.3000066608,87.67,lace,83.79346181321989,73.46217484757135,83.79346181321989,1.0,2024
892830d7447ffff,400.0,14.64,250000.99999999997,80.9,lace,124.98920218052255,101.11626456404275,124.98920218052255,1.0,2024
892830d744bffff,138.0,10.96,234659.0,93.8,lace,46.51379946031152,43.62994389377221,46.51379946031152,1.0,2024
892830d744fffff,210.0,11.11,235279.95959677093,93.32,lace,70.69012904833232,65.96480373715372,70.69012904833232,1.0,2024
892830d7453ffff,390.0,11.95,216771.0,84.9,lace,119.48430695855674,101.44217660781469,119.48430695855674,1.0,2024
892830d7457ffff,396.0,13.38,234490.35187919758,82.75,lace,122.70069642489256,101.53244050285909,122.70069642489256,1.0,2024
892830d745bffff,187.0,10.96,234659.0,93.8,lace,63.28109726829924,59.35766923766469,63.28109726829924,1.0,2024
892830d7463ffff,630.0,4.52,119364.83029666547,81.11,lace,262.8807507735243,213.23358976228982,262.8807507735243,1.0,2024
892830d7467ffff,587.0,5.46,101603.91744623719,80.9,lace,274.6736231135428,222.21096109885616,274.6736231135428,1.0,2024
892830d746bffff,175.0,36.93,138750.0,86.9,lace,101.67081284047407,88.35193635837197,101.67081284047407,1.0,2024
892830d746fffff,44.0,23.83,122790.44394258602,84.71,lace,23.76351152406977,20.13087471926657,23.76351152406977,1.0,2024
892830d7473ffff,501.0,8.68,191834.08133238388,80.9,lace,171.64196650979267,138.8583509064223,171.64196650979267,1.0,2024
892830d7477ffff,665.0,5.52,161032.79854852197,80.9,lace,238.488016231276,192.9368051311023,238.488016231276,1.0,2024
892830d747bffff,340.0,10.95,160990.4055590407,82.33,lace,133.5802659201302,109.97756303365038,133.5802659201302,1.0,2024
892830d7483ffff,380.0,11.93,199213.6325279414,83.9,lace,118.84870360885347,99.71406232782806,118.84870360885347,1.0,2024
892830d7487ffff,168.0,23.4,184308.39170036325,87.42,lace,62.89740624484806,54.98459242723325,62.89740624484806,1.0,2024
892830d748bffff,430.0,8.82,204500.0,83.9,lace,126.91564070632938,106.48222255261037,126.91564070632938,1.0,2024
892830d748fffff,456.0,8.99,204201.8377751563,83.9,lace,134.85357472066852,113.14214919064088,134.85357472066852,1.0,2024
892830d7493ffff,170.0,20.82,186112.8212742185,85.48,lace,61.23223637750429,52.343774642611244,61.23223637750429,1.0,2024
892830d7497ffff,180.0,20.44,195500.0,92.7,lace,63.2252464808266,58.60980348772626,63.2252464808266,1.0,2024
892830d749bffff,290.0,11.1,200628.15529354298,83.9,lace,89.34307587286477,74.95884065733354,89.34307587286477,1.0,2024
892830d74a3ffff,78.0,12.13,250001.00000000003,89.19,lace,25.032419360822388,22.326812250282664,25.032419360822388,1.0,2024
892830d74a7ffff,283.0,30.86,226931.44589799878,92.7,lace,98.30012278507728,91.12421382176663,98.30012278507728,1.0,2024
892830d74abffff,218.0,18.08,226596.70531421513,80.9,lace,67.71488349595205,54.78134074822521,67.71488349595205,1.0,2024
892830d74afffff,176.0,21.06,222224.6302390755,83.24,lace,55.94245569308543,46.565351460109426,55.94245569308543,1.0,2024
892830d74b3ffff,193.0,13.8,233937.58929567217,92.7,lace,64.28049172122525,59.58801582557581,64.28049172122525,1.0,2024
892830d74b7ffff,35.0,11.03,250000.99999999997,92.7,lace,11.250551078464193,10.429260849736306,11.250551078464193,1.0,2024
892830d74bbffff,140.0,13.35,197588.70117946563,83.86,lace,44.73927588975448,37.51795348594426,44.73927588975448,1.0,2024
892830d74c3ffff,213.0,13.53,209932.40232237795,84.64,lace,65.66196882525534,55.57741231421771,65.66196882525534,1.0,2024
892830d74c7ffff,15.0,18.2,189688.0,83.9,lace,4.615014931494257,3.8719975275236824,4.615014931494257,1.0,2024
892830d74cbffff,369.0,11.95,216771.0,84.9,lace,113.06687501851468,95.99377689071896,113.06687501851468,1.0,2024
892830d74cfffff,372.0,11.95,216771.00000000003,84.9,lace,114.09282519181208,96.86480858784846,114.09282519181208,1.0,2024
892830d74d3ffff,243.0,18.2,189688.0,83.9,lace,76.64903799694065,64.3085428794332,76.64903799694065,1.0,2024
892830d74d7ffff,269.0,16.83,191722.955663591,83.9,lace,85.24144005001236,71.51756820196037,85.24144005001236,1.0,2024
892830d74dbffff,221.0,11.95,216771.0,84.9,lace,67.65416061853837,57.43838236513908,67.65416061853837,1.0,2024
892830d7503ffff,196.0,15.03,245329.0354319823,89.5,lace,61.11252201654338,54.69570720480632,61.11252201654338,1.0,2024
892830d7507ffff,323.0,14.4,250000.99999999997,89.5,lace,99.67071001132136,89.20528546013261,99.67071001132136,1.0,2024
892830d750bffff,368.0,19.02,215956.0,89.5,lace,121.3448188675535,108.60361288646038,121.3448188675535,1.0,2024
892830d750fffff,300.0,16.67,233269.87027362612,89.5,lace,95.82390821732375,85.76239785450475,95.82390821732375,1.0,2024
892830d7513ffff,193.0,26.67,232832.47567361005,91.94,lace,65.21091424003997,59.952889811692856,65.21091424003997,1.0,2024
892830d7517ffff,245.0,20.75,240689.44182006674,91.15,lace,79.75524033967845,72.69969877013666,79.75524033967845,1.0,2024
892830d751bffff,96.0,18.57,219292.1145983637,89.5,lace,31.346908850049886,28.055483420794648,31.346908850049886,1.0,2024
892830d7523ffff,260.0,10.66,159105.65065773195,87.62,lace,99.41215749625763,87.1054665929549,99.41215749625763,1.0,2024
892830d7527ffff,263.0,10.61,157875.0,87.6,lace,100.66043185927477,88.1785383087247,100.66043185927477,1.0,2024
892830d752bffff,351.0,11.4,181227.39936908675,88.3,lace,127.9096200954936,112.94184405263086,127.9096200954936,1.0,2024
892830d752fffff,265.0,10.61,157875.0,87.6,lace,101.42178715940645,88.84548555164005,101.42178715940645,1.0,2024
892830d7533ffff,213.0,14.0,241155.85017599387,89.35,lace,67.19923867186402,60.04361223167233,67.19923867186402,1.0,2024
892830d7537ffff,213.0,13.69,191247.7301614844,87.6,lace,72.39623831320728,63.41910476236957,72.39623831320728,1.0,2024
892830d753bffff,361.0,14.4,250001.00000000003,89.5,lace,111.41614103186157,99.7174462235161,111.41614103186157,1.0,2024
892830d7543ffff,0.0,0.0,,65.07,income-model,0.0,0.0,0.0,,2024
892830d7547ffff,9.0,21.43,183563.35054815418,87.59,lace,3.5095777628748084,3.074196148778475,3.5095777628748084,1.0,2024
892830d754bffff,0.0,0.0,,65.07,income-model,0.0,0.0,0.0,,2024
892830d754fffff,19.0,22.53,168841.0,86.9,lace,8.011321621385573,6.961838488984064,8.011321621385573,1.0,2024
892830d7553ffff,0.0,0.0,,65.07,income-model,0.0,0.0,0.0,,2024
892830d7557ffff,81.0,19.02,215956.0,89.5,lace,26.639629407409046,23.8424683196311,26.639629407409046,1.0,2024
892830d755bffff,0.0,0.0,,65.07,income-model,0.0,0.0,0.0,,2024
892830d7563ffff,60.0,19.92,203822.6108809176,88.71,lace,20.950819318807405,18.586508877196962,20.950819318807405,1.0,2024
892830d7567ffff,356.0,5.91,150027.09436979215,92.46,lace,142.7571875964802,131.99846631496996,142.7571875964802,1.0,2024
892830d756bffff,0.0,0.0,,65.07,income-model,0.0,0.0,0.0,,2024
892830d756fffff,30.0,22.53,168841.0,86.9,lace,12.232812161362217,10.630313768223767,12.232812161362217,1.0,2024
892830d7573ffff,137.0,19.02,215956.0,89.5,lace,45.210435909836114,40.46334013930332,45.210435909836114,1.0,2024
892830d7577ffff,312.0,16.62,233657.17188570002,89.5,lace,99.5266670099368,89.07636697389344,99.5266670099368,1.0,2024
892830d757bffff,0.0,0.0,,65.07,income-model,0.0,0.0,0.0,,2024
892830d7583ffff,10.0,11.03,250001.00000000003,92.7,lace,3.384752228976943,3.1376653162616264,3.384752228976943,1.0,2024
892830d7587ffff,7.0,11.03,250001.0,92.7,lace,2.2824093166627044,2.115793436546327,2.2824093166627044,1.0,2024
892830d758bffff,214.0,24.27,234600.94167811738,92.7,lace,72.84622009846167,67.52844603127397,72.84622009846167,1.0,2024
892830d758fffff,201.0,26.82,231636.30050815642,92.7,lace,69.02176082501578,63.98317228478962,69.02176082501578,1.0,2024
892830d759bffff,8.0,11.03,250001.0,92.7,lace,2.471728017104052,2.2912918718554565,2.471728017104052,1.0,2024
892830d75a3ffff,69.0,11.03,250000.99999999997,92.7,lace,22.495658488225597,20.85347541858513,22.495658488225597,1.0,2024
892830d75a7ffff,25.0,11.03,250001.0,92.7,lace,8.183346190483121,7.585961918577854,8.183346190483121,1.0,2024
892830d75abffff,204.0,15.02,246242.40763848068,92.01,lace,66.16897089193182,60.88205506906082,66.16897089193182,1.0,2024
892830d75afffff,128.0,15.16,228484.52336731358,88.91,lace,39.20189546362181,34.855982093583734,39.20189546362181,1.0,2024
892830d75b3ffff,32.0,16.38,243773.1271072319,92.7,lace,10.625612201677358,9.84994251095491,10.625612201677358,1.0,2024
892830d75bbffff,135.0,23.85,235093.02455531553,92.7,lace,45.669580172789146,42.33570082017554,45.669580172789146,1.0,2024
892830d75c3ffff,198.0,30.99,226786.0,92.7,lace,68.72030281457816,63.70372070911396,68.72030281457816,1.0,2024
892830d75c7ffff,62.0,27.96,230312.48277975715,92.7,lace,21.475233520436387,19.90754147344453,21.475233520436387,1.0,2024
892830d75cbffff,38.0,30.99,226785.99999999997,92.7,lace,13.108837879603424,12.151892714392375,13.108837879603424,1.0,2024
892830d75cfffff,95.0,29.23,225197.873479612,92.25,lace,32.85153664743548,30.306040150217868,32.85153664743548,1.0,2024
892830d75d3ffff,167.0,22.56,236586.19957938688,92.7,lace,56.53037480945153,52.40365744836157,56.53037480945153,1.0,2024
892830d75d7ffff,217.0,22.69,236435.72398712838,92.7,lace,73.40736601275462,68.04862829382354,73.40736601275462,1.0,2024
892830d75dbffff,397.0,30.99,226785.99999999997,92.7,lace,138.0474797284392,127.97001370826315,138.0474797284392,1.0,2024
892830d7603ffff,273.0,10.96,234659.0,93.8,lace,91.99160295216414,86.28812356912997,91.99160295216414,1.0,2024
892830d7607ffff,46.0,10.96,234659.00000000003,93.8,lace,15.576012422600582,14.610299652399346,15.576012422600582,1.0,2024
892830d760bffff,117.0,10.96,234659.0,93.8,lace,39.61859741800798,37.16224437809148,39.61859741800798,1.0,2024
892830d760fffff,113.0,10.96,234659.0,93.8,lace,38.052505847853546,35.693250485286626,38.052505847853546,1.0,2024
892830d7613ffff,184.0,10.96,234659.0,93.8,lace,62.04582054667182,58.198979672778165,62.04582054667182,1.0,2024
892830d7617ffff,0.0,0.0,,65.07,income-model,0.0,0.0,0.0,,2024
892830d761bffff,0.0,0.0,,65.07,income-model,0.0,0.0,0.0,,2024
892830d7623ffff,81.0,10.14,237935.01687430864,93.8,lace,26.154062763808298,24.532510872452185,26.154062763808298,1.0,2024
892830d7627ffff,100.0,8.57,234715.6326842319,91.41,lace,33.54744837404358,30.666841490985764,33.54744837404358,1.0,2024
892830d762bffff,198.0,8.48,244531.0,93.8,lace,58.27194122556195,54.65908086957711,58.27194122556195,1.0,2024
892830d762fffff,266.0,8.48,244531.0,93.8,lace,77.97090008619156,73.13670428084768,77.97090008619156,1.0,2024
892830d7633ffff,194.0,10.96,234659.0,93.8,lace,65.32801414356008,61.27767726665936,65.32801414356008,1.0,2024
892830d7637ffff,60.0,9.46,199722.0,91.3,lace,25.626973686889876,23.397426976130454,25.626973686889876,1.0,2024
892830d763bffff,30.0,10.96,234659.0,93.8,lace,10.223146628881718,9.589311537891051,10.223146628881718,1.0,2024
892830d7643ffff,551.0,6.27,235508.00332912803,93.5,lace,178.02082835700696,166.44947451380153,178.02082835700696,1.0,2024
892830d7647ffff,373.0,5.72,249583.0,93.5,lace,116.54739618142736,108.97181542963459,116.54739618142736,1.0,2024
892830d764bffff,369.0,9.74,148446.57994769918,93.56,lace,143.434998450854,134.20493503587576,143.434998450854,1.0,2024
892830d764fffff,456.0,5.72,249583.0,93.5,lace,142.60430989324615,133.33502975018516,142.60430989324615,1.0,2024
892830d7653ffff,915.0,9.71,148074.77474389403,93.5,lace,355.4061348393789,332.3047360748193,355.4061348393789,1.0,2024
892830d7657ffff,598.0,5.94,243863.7626917666,93.5,lace,189.63746635796997,177.3110310447019,189.63746635796997,1.0,2024
892830d765bffff,538.0,9.49,153609.08612414595,93.5,lace,206.83941054376407,193.3948488584194,206.83941054376407,1.0,2024
892830d7663ffff,118.0,10.87,235206.76860443776,94.07,lace,39.627164014872434,37.277064871069804,39.627164014872434,1.0,2024
892830d7667ffff,0.0,0.0,,65.07,income-model,0.0,0.0,0.0,,2024
892830d766bffff,154.0,9.3,245296.0,99.3,lace,49.40555721126394,49.059718310785094,49.40555721126394,1.0,2024
892830d766fffff,169.0,9.28,245720.22949277208,99.3,lace,54.70555394207796,54.32261506448342,54.70555394207796,1.0,2024
892830d7673ffff,222.0,10.96,234659.0,93.8,lace,74.83630155853703,70.19645086190773,74.83630155853703,1.0,2024
892830d7677ffff,29.0,10.96,234659.0,93.8,lace,9.741001583688105,9.137059485499442,9.741001583688105,1.0,2024
892830d767bffff,325.0,7.37,244890.70413694854,93.6,lace,104.33782431122283,97.65948644368063,104.33782431122283,1.0,2024
892830d7683ffff,0.0,0.0,,65.07,income-model,0.0,0.0,0.0,,2024
892830d7687ffff,0.0,0.0,,65.07,income-model,0.0,0.0,0.0,,2024
892830d768bffff,0.0,0.0,,65.07,income-model,0.0,0.0,0.0,,2024
892830d768fffff,0.0,0.0,,65.07,income-model,0.0,0.0,0.0,,2024
892830d7693ffff,0.0,0.0,,65.07,income-model,0.0,0.0,0.0,,2024
892830d7697ffff,31.0,10.96,234659.0,93.8,lace,10.330045575945627,9.689582750236998,10.330045575945627,1.0,2024
892830d769bffff,0.0,0.0,,65.07,income-model,0.0,0.0,0.0,,2024
892830d76a3ffff,1.0,10.96,234659.0,93.8,lace,0.2006004932557366,0.18816326267388092,0.2006004932557366,1.0,2024
892830d76a7ffff,180.0,14.71,188069.71055349626,90.23,lace,82.16013016725557,74.13158871318335,82.16013016725557,1.0,2024
892830d76abffff,41.0,10.96,234659.0,93.8,lace,13.805361138928784,12.9494287483152,13.805361138928784,1.0,2024
892830d76afffff,68.0,10.96,234659.0,93.8,lace,22.96567708424502,21.541805105021826,22.96567708424502,1.0,2024
892830d76b3ffff,81.0,10.96,234659.00000000003,93.8,lace,27.187085709863545,25.501486395852,27.187085709863545,1.0,2024
892830d76b7ffff,105.0,28.31,170582.41330408485,88.45,lace,52.69504843008478,46.60688116051144,52.69504843008478,1.0,2024
892830d76bbffff,0.0,0.0,,65.07,income-model,0.0,0.0,0.0,,2024
892830d76c3ffff,131.0,10.94,230353.55682465984,93.79,lace,44.49943287854331,41.73412801858064,44.49943287854331,1.0,2024
892830d76c7ffff,29.0,10.96,234659.0,93.8,lace,9.734842796614464,9.131282543224366,9.734842796614464,1.0,2024
892830d76cbffff,583.0,10.54,126953.0,93.5,lace,235.7569382557489,220.4327372691252,235.7569382557489,1.0,2024
892830d76cfffff,360.0,8.97,166853.35070163282,93.5,lace,134.9548254860494,126.1827618294562,134.9548254860494,1.0,2024
892830d76d3ffff,315.0,10.02,250000.99999999997,93.8,lace,107.73028527288217,101.05100758596348,107.73028527288217,1.0,2024
892830d76d7ffff,118.0,10.96,234659.0,93.8,lace,39.79016362934512,37.32317348432573,39.79016362934512,1.0,2024
892830d76dbffff,404.0,10.54,126953.0,93.5,lace,163.1095311735514,152.50741164727057,163.1095311735514,1.0,2024
8928346da03ffff,104.0,20.44,195500.0,92.7,lace,36.49405645515422,33.82999033392797,36.49405645515422,1.0,2024
8928346da07ffff,139.0,20.44,195500.0,92.7,lace,49.110578340165254,45.525506121333194,49.110578340165254,1.0,2024
8928346da0bffff,263.0,19.72,181958.0661499547,84.1,lace,87.50920917870263,73.59524491928892,87.50920917870263,1.0,2024
8928346da0fffff,68.0,20.84,170684.18633095676,85.45,lace,22.44288218663748,19.17673012694375,22.44288218663748,1.0,2024
8928346da13ffff,68.0,20.44,195500.0,92.7,lace,23.973540280758552,22.223471840263176,23.973540280758552,1.0,2024
8928346da17ffff,0.0,0.0,,65.07,income-model,0.0,0.0,0.0,,2024
8928346da1bffff,160.0,20.69,179871.61179372098,88.24,lace,54.06800115958937,47.71137159727205,54.06800115958937,1.0,2024
8928346da23ffff,109.0,20.44,195500.0,92.7,lace,38.31770778679567,35.52051511835959,38.31770778679567,1.0,2024
8928346da27ffff,114.0,20.44,195500.0,92.7,lace,40.008322633727246,37.087715081465156,40.008322633727246,1.0,2024
8928346da2bffff,160.0,20.82,194062.25477240374,91.99,lace,56.724196131412434,52.17853396583307,56.724196131412434,1.0,2024
8928346da2fffff,118.0,20.44,195500.0,92.7,lace,41.40223411785229,38.379871027249074,41.40223411785229,1.0,2024
8928346da33ffff,29.0,20.44,195500.0,92.7,lace,10.155575502903766,9.414218491191791,10.155575502903766,1.0,2024
8928346da37ffff,0.0,0.0,,65.07,income-model,0.0,0.0,0.0,,2024
8928346da3bffff,61.0,20.44,195500.0,92.7,lace,21.577512045829295,20.002353666483756,21.577512045829295,1.0,2024
8928346da43ffff,257.0,17.29,200126.42290508506,84.1,lace,79.08211423892378,66.5080580749349,79.08211423892378,1.0,2024
8928346da47ffff,312.0,16.91,218611.0,84.1,lace,109.06599959204667,91.72450565691125,109.06599959204667,1.0,2024
8928346da4bffff,142.0,17.86,171700.0,84.1,lace,34.55387515164769,29.059809002535705,34.55387515164769,1.0,2024
8928346da4fffff,466.0,17.74,177543.51434371097,84.1,lace,119.87679342464489,100.81638327012635,119.87679342464489,1.0,2024
8928346da53ffff,284.0,16.91,218611.0,84.1,lace,99.39831637907623,83.5939840748031,99.39831637907623,1.0,2024
8928346da57ffff,271.0,16.95,218178.56942647466,84.1,lace,94.52665898104755,79.496920203061,94.52665898104755,1.0,2024
8928346da5bffff,285.0,17.78,175858.71820210526,84.1,lace,72.32744547389376,60.827381643544655,72.32744547389376,1.0,2024
8928346da63ffff,139.0,19.19,207432.68991391463,84.04,lace,50.18020388648736,42.173043066304054,50.18020388648736,1.0,2024
8928346da67ffff,170.0,25.57,176071.0,83.9,lace,66.26648159628688,55.5975780592847,66.26648159628688,1.0,2024
8928346da6bffff,175.0,19.97,181749.67050079867,83.96,lace,54.884024830212326,46.08021405492195,54.884024830212326,1.0,2024
8928346da6fffff,225.0,24.49,178071.3082387487,83.9,lace,85.05148400675316,71.35819508166591,85.05148400675316,1.0,2024
8928346da73ffff,292.0,17.92,205404.46567958148,84.1,lace,100.44870946995633,84.47736466423326,100.44870946995633,1.0,2024
8928346da77ffff,162.0,20.88,171589.98273970833,84.08,lace,53.88222273922823,45.306408534874166,53.88222273922823,1.0,2024
8928346da7bffff,266.0,17.14,207177.2893157679,84.1,lace,86.12813257463253,72.43375949526595,86.12813257463253,1.0,2024
8928346da83ffff,24.0,20.44,195500.0,92.7,lace,8.319123409846934,7.711827400928108,8.319123409846934,1.0,2024
8928346da8bffff,4.0,20.44,195500.0,92.7,lace,1.3088778547228541,1.2133297713280857,1.3088778547228541,1.0,2024
8928346da8fffff,0.0,0.0,,65.07,income-model,0.0,0.0,0.0,,2024
8928346daabffff,0.0,0.0,,65.07,income-model,0.0,0.0,0.0,,2024
8928346dac3ffff,69.0,20.86,169441.73840190558,85.06,lace,22.54558723678094,19.176805083672193,22.54558723678094,1.0,2024
8928346dac7ffff,112.0,20.44,195500.0,92.7,lace,39.55389560348117,36.666461224427046,39.55389560348117,1.0,2024
8928346dacbffff,456.0,12.34,184909.44429571799,84.1,lace,164.72567741019765,138.5342947019762,164.72567741019765,1.0,2024
8928346dacfffff,247.0,19.57,183923.1929177725,84.1,lace,82.57125571920432,69.44242605985082,82.57125571920432,1.0,2024
8928346dad7ffff,22.0,20.44,195500.0,92.7,lace,7.726173854284398,7.162163162921637,7.726173854284398,1.0,2024
8928346dadbffff,0.0,0.0,,65.07,income-model,0.0,0.0,0.0,,2024
8928346db43ffff,22.0,20.44,195500.0,92.7,lace,7.921385465868981,7.343124326860545,7.921385465868981,1.0,2024
8928346db4bffff,241.0,20.44,195500.0,92.7,lace,84.83704628044708,78.64394190197444,84.83704628044708,1.0,2024
8928346db4fffff,92.0,14.4,230490.6657665707,92.7,lace,30.714563436821898,28.472400305933903,30.714563436821898,1.0,2024
8928346db53ffff,0.0,0.0,,65.07,income-model,0.0,0.0,0.0,,2024
8928346db5bffff,143.0,20.44,195500.0,92.7,lace,50.21875854269694,46.55278916908006,50.21875854269694,1.0,2024
8928346db6bffff,16.0,11.03,250001.0,92.7,lace,5.27370526884381,4.888724784218212,5.27370526884381,1.0,2024
8928346db7bffff,0.0,0.0,,65.07,income-model,0.0,0.0,0.0,,2024
8928346dbcbffff,0.0,0.0,,65.07,income-model,0.0,0.0,0.0,,2024
