h3,lidar_pct,lidar_coverage
8928301000fffff,4.0301,1.0
8928301002bffff,30.4948,1.0
8928301003bffff,30.5477,1.0
89283010047ffff,1.0928,1.0
89283010063ffff,15.0707,1.0
89283010067ffff,32.7763,1.0
8928301006bffff,1.5252,1.0
8928301006fffff,13.1817,1.0
89283010073ffff,1.8653,1.0
89283010077ffff,13.7529,1.0
8928301007bffff,10.376,1.0
89283010103ffff,12.2907,1.0
89283010107ffff,10.7601,1.0
8928301010bffff,24.2881,1.0
8928301010fffff,16.8691,1.0
89283010117ffff,1.7091,1.0
8928301011bffff,11.893,1.0
89283010123ffff,34.0286,1.0
89283010127ffff,14.1229,1.0
8928301012bffff,17.0881,1.0
8928301012fffff,17.6749,1.0
89283010133ffff,14.6336,1.0
89283010137ffff,16.9615,1.0
8928301013bffff,10.8208,1.0
89283010147ffff,7.5509,1.0
89283010157ffff,5.6345,1.0
89283010163ffff,11.8075,1.0
89283010167ffff,8.2835,1.0
89283010173ffff,31.3383,1.0
89283010177ffff,15.6947,1.0
8928301017bffff,17.8956,1.0
892830101abffff,27.9048,1.0
892830101afffff,60.5201,1.0
89283010c03ffff,33.7493,1.0
89283010c0bffff,4.4746,1.0
89283010c13ffff,18.8382,1.0
89283010c17ffff,11.313,1.0
89283010c1bffff,20.583,1.0
89283010c37ffff,0.0,1.0
89283010c43ffff,0.7176,1.0
89283010c53ffff,4.7,1.0
89283010c57ffff,10.9603,1.0
89283010c5bffff,5.7142,1.0
89283010c83ffff,3.4523,1.0
89283010c87ffff,2.9113,1.0
89283010c8fffff,4.2383,1.0
89283010c93ffff,4.8725,1.0
89283010c97ffff,2.0313,1.0
89283010c9bffff,5.3467,1.0
89283010ca3ffff,3.5498,1.0
89283010ca7ffff,1.0283,1.0
89283010cabffff,19.0487,1.0
89283010cafffff,2.078,1.0
89283010cb3ffff,3.2239,1.0
89283010cb7ffff,3.8821,1.0
89283010cbbffff,1.1822,1.0
89283010cc3ffff,14.5353,1.0
89283010cc7ffff,7.8341,1.0
89283010ccbffff,12.0018,1.0
89283010ccfffff,9.6621,1.0
89283010cd3ffff,2.1128,1.0
89283010cdbffff,39.145,1.0
89283010d83ffff,0.0,0.8484
89283010d87ffff,0.0,0.0356
89283010d8bffff,0.0,1.0
89283010d93ffff,0.0,0.3669
89283010d9bffff,0.0,1.0
89283010dc3ffff,0.0,1.0
89283010dd3ffff,0.0,1.0
89283010dd7ffff,0.0,1.0
89283010ddbffff,0.0,1.0
89283010e93ffff,6.7404,1.0
89283010e97ffff,0.9492,1.0
89283012103ffff,24.7631,1.0
89283012107ffff,31.3122,1.0
8928301210bffff,5.0391,1.0
8928301210fffff,9.0021,1.0
89283012113ffff,16.6007,1.0
89283012117ffff,54.6857,1.0
8928301211bffff,2.7384,1.0
89283012123ffff,20.0106,1.0
89283012127ffff,25.7436,1.0
8928301212bffff,3.3318,1.0
8928301212fffff,8.1195,1.0
89283012133ffff,21.9488,1.0
89283012137ffff,26.8263,1.0
8928301213bffff,20.5067,1.0
89283012147ffff,4.1464,1.0
8928301214fffff,8.6395,1.0
89283012163ffff,3.7003,1.0
89283012167ffff,9.6487,1.0
8928301216bffff,13.0587,1.0
8928301216fffff,32.7874,1.0
89283012173ffff,21.2991,1.0
89283012177ffff,6.7965,1.0
8928301217bffff,25.135,1.0
89283012187ffff,31.7937,1.0
8928301218fffff,29.7771,1.0
892830121a3ffff,16.8909,1.0
892830121a7ffff,19.4374,1.0
892830121abffff,48.9047,1.0
892830121afffff,53.4019,1.0
892830121b3ffff,54.2424,1.0
892830121b7ffff,16.1226,1.0
892830121bbffff,29.0786,1.0
89283012303ffff,39.4749,1.0
89283012307ffff,21.3722,1.0
8928301230fffff,18.5729,1.0
89283012313ffff,20.7809,1.0
89283012317ffff,33.3697,1.0
89283012323ffff,12.3095,1.0
89283012327ffff,2.7338,1.0
89283012333ffff,11.3135,1.0
89283012337ffff,18.3906,1.0
8928301233bffff,20.7908,1.0
89283012377ffff,2.0744,1.0
89283012387ffff,31.106,1.0
8928301238bffff,8.1732,1.0
8928301238fffff,31.8095,1.0
892830123a3ffff,37.4234,1.0
892830123a7ffff,51.8783,1.0
892830123abffff,13.7993,1.0
892830123afffff,37.8082,1.0
892830123b3ffff,39.4035,1.0
892830123b7ffff,8.5874,1.0
892830123bbffff,79.1441,1.0
892830125a7ffff,3.7899,1.0
892830125b7ffff,16.6159,1.0
89283012803ffff,14.1191,1.0
89283012807ffff,14.0504,1.0
8928301280bffff,14.0687,1.0
8928301280fffff,18.3394,1.0
89283012813ffff,24.4031,1.0
89283012817ffff,14.571,1.0
8928301281bffff,11.9254,1.0
89283012823ffff,9.6449,1.0
89283012827ffff,7.5058,1.0
8928301282bffff,6.3942,1.0
8928301282fffff,8.8371,1.0
89283012833ffff,5.0024,1.0
89283012837ffff,7.1079,1.0
8928301283bffff,8.4358,1.0
89283012843ffff,7.6998,1.0
89283012847ffff,12.8126,1.0
8928301284bffff,5.2272,1.0
8928301284fffff,5.4588,1.0
89283012853ffff,6.2974,1.0
89283012857ffff,9.6403,1.0
8928301285bffff,8.0112,1.0
89283012863ffff,7.8585,1.0
89283012867ffff,10.8997,1.0
8928301286bffff,6.9115,1.0
8928301286fffff,11.5271,1.0
89283012873ffff,5.7087,1.0
89283012877ffff,6.768,1.0
8928301287bffff,9.6537,1.0
89283012883ffff,8.4633,1.0
89283012887ffff,9.0587,1.0
8928301288bffff,11.7617,1.0
8928301288fffff,22.2495,1.0
89283012893ffff,8.414,1.0
89283012897ffff,8.546,1.0
8928301289bffff,10.1825,1.0
892830128a3ffff,11.4761,1.0
892830128a7ffff,10.2106,1.0
892830128abffff,4.606,1.0
892830128afffff,6.5128,1.0
892830128b3ffff,13.8509,1.0
892830128b7ffff,13.4648,1.0
892830128bbffff,11.9019,1.0
892830128c3ffff,10.2209,1.0
892830128c7ffff,11.3763,1.0
892830128cbffff,4.2094,1.0
892830128cfffff,9.1451,1.0
892830128d3ffff,3.2964,1.0
892830128d7ffff,2.8834,1.0
8928301291bffff,0.0,0.3391
89283012943ffff,2.54,1.0
89283012947ffff,0.0,0.2523
8928301294bffff,5.5208,1.0
8928301294fffff,1.0337,1.0
89283012953ffff,4.5087,1.0
89283012957ffff,0.0,0.6635
8928301295bffff,11.5102,1.0
8928301297bffff,0.0,0.1193
89283012983ffff,1.1606,1.0
89283012987ffff,0.0023,0.6034
8928301298bffff,0.0,0.6508
8928301298fffff,0.0,0.3578
89283012993ffff,4.3507,1.0
89283012997ffff,0.0,0.7653
8928301299bffff,2.7023,1.0
892830129c3ffff,9.8642,1.0
892830129c7ffff,0.6505,0.913
892830129cbffff,11.1792,1.0
892830129cfffff,4.6597,1.0
892830129d3ffff,6.4538,1.0
892830129d7ffff,0.7343,1.0
892830129dbffff,8.5481,1.0
89283012a03ffff,3.7193,1.0
89283012a07ffff,1.3923,1.0
89283012a0bffff,5.5816,1.0
89283012a0fffff,10.5151,1.0
89283012a13ffff,8.7295,1.0
89283012a17ffff,10.1965,1.0
89283012a1bffff,1.3901,1.0
89283012a23ffff,1.2603,1.0
89283012a27ffff,4.6107,1.0
89283012a2bffff,4.8174,1.0
89283012a2fffff,6.1967,1.0
89283012a33ffff,0.9577,1.0
89283012a37ffff,1.6244,1.0
89283012a3bffff,1.0,1.0
89283012a63ffff,4.2804,1.0
89283012a67ffff,4.9179,1.0
89283012a6fffff,4.3712,1.0
89283012a73ffff,7.5601,1.0
89283012a77ffff,10.9751,1.0
89283012a83ffff,2.1086,1.0
89283012a87ffff,2.1875,1.0
89283012a8bffff,13.3751,1.0
89283012a8fffff,1.0966,1.0
89283012a93ffff,1.2559,1.0
89283012a97ffff,4.9179,1.0
89283012a9bffff,0.9521,1.0
89283012aa3ffff,11.4832,1.0
89283012aa7ffff,2.4169,1.0
89283012aabffff,7.8241,1.0
89283012aafffff,0.9818,1.0
89283012ab3ffff,1.4238,1.0
89283012ab7ffff,6.5151,1.0
89283012abbffff,8.5589,1.0
89283012ac7ffff,3.2688,1.0
89283012ad7ffff,4.0529,1.0
89283012b03ffff,3.2738,1.0
89283012b07ffff,0.0,0.7088
89283012b0bffff,5.6243,1.0
89283012b0fffff,3.1149,1.0
89283012b13ffff,10.0352,1.0
89283012b17ffff,1.7865,1.0
89283012b1bffff,8.9535,1.0
89283012b2bffff,0.0,0.3883
89283012b3bffff,0.0,0.4529
89283012b43ffff,7.3946,1.0
89283012b47ffff,5.0,1.0
89283012b4bffff,4.5749,1.0
89283012b4fffff,8.1541,1.0
89283012b53ffff,5.0,1.0
89283012b57ffff,5.0,1.0
89283012b5bffff,4.9529,1.0
89283012b63ffff,3.2775,1.0
89283012b67ffff,0.3394,0.9786
89283012b6bffff,1.0099,1.0
89283012b6fffff,0.0,1.0
89283012b73ffff,5.0,1.0
89283012b77ffff,3.2873,1.0
89283012b7bffff,7.7758,1.0
89283012b83ffff,5.1715,1.0
89283012b87ffff,4.9187,1.0
89283012b8bffff,6.0506,1.0
89283012b8fffff,6.956,1.0
89283012b93ffff,8.7675,1.0
89283012b97ffff,6.5064,1.0
89283012b9bffff,5.0541,1.0
89283012ba3ffff,0.2559,1.0
89283012ba7ffff,0.0,0.211
89283012babffff,0.0,0.6284
89283012bafffff,0.0,0.2394
89283012bb3ffff,3.8858,1.0
89283012bb7ffff,0.2704,0.8476
89283012bbbffff,1.6898,1.0
89283012bc3ffff,4.7211,1.0
89283012bc7ffff,4.1128,1.0
89283012bcbffff,4.9476,1.0
89283012bcfffff,5.0,1.0
89283012bd3ffff,5.1707,1.0
89283012bd7ffff,5.6529,1.0
89283012bdbffff,3.0406,1.0
89283012c03ffff,4.0194,1.0
89283012c07ffff,6.8604,1.0
89283012c0bffff,6.6513,1.0
89283012c0fffff,5.4609,1.0
89283012c13ffff,8.9314,1.0
89283012c17ffff,10.7234,1.0
89283012c1bffff,28.4507,1.0
89283012c23ffff,16.416,1.0
89283012c27ffff,9.7159,1.0
89283012c2bffff,20.7372,1.0
89283012c2fffff,28.0626,1.0
89283012c33ffff,6.2922,1.0
89283012c37ffff,5.7555,1.0
89283012c3bffff,11.4605,1.0
89283012c43ffff,7.3212,1.0
89283012c47ffff,12.2734,1.0
89283012c4bffff,8.7644,1.0
89283012c4fffff,8.2134,1.0
89283012c53ffff,22.884,1.0
89283012c57ffff,13.6569,1.0
89283012c5bffff,8.1542,1.0
89283012c63ffff,9.5778,1.0
89283012c67ffff,9.5627,1.0
89283012c6bffff,7.5235,1.0
89283012c6fffff,6.6529,1.0
89283012c73ffff,12.795,1.0
89283012c77ffff,12.4243,1.0
89283012c7bffff,10.5631,1.0
89283012c83ffff,7.7422,1.0
89283012c87ffff,3.4231,1.0
89283012c8bffff,16.8265,1.0
89283012c8fffff,22.9603,1.0
89283012c93ffff,31.7521,1.0
89283012c97ffff,16.1952,1.0
89283012c9bffff,54.7064,1.0
89283012ca3ffff,38.6604,1.0
89283012ca7ffff,11.5768,1.0
89283012cabffff,17.6658,1.0
89283012cafffff,40.7501,1.0
89283012cb3ffff,5.8101,1.0
89283012cb7ffff,17.681,1.0
89283012cbbffff,29.8446,1.0
89283012cc3ffff,32.9428,1.0
89283012cc7ffff,12.9018,1.0
89283012ccbffff,37.8948,1.0
89283012ccfffff,38.8329,1.0
89283012cd3ffff,16.5897,1.0
89283012cd7ffff,37.2456,1.0
89283012cdbffff,30.3329,1.0
89283012d03ffff,9.1917,1.0
89283012d07ffff,14.8272,1.0
89283012d0bffff,9.9955,1.0
89283012d0fffff,8.826,1.0
89283012d13ffff,6.6853,1.0
89283012d17ffff,18.0565,1.0
89283012d1bffff,5.7963,1.0
89283012d23ffff,6.6173,1.0
89283012d27ffff,1.0118,1.0
89283012d2bffff,13.1671,1.0
89283012d2fffff,5.7137,1.0
89283012d33ffff,5.6527,1.0
89283012d37ffff,8.8338,1.0
89283012d3bffff,9.2099,1.0
89283012d43ffff,14.1955,1.0
89283012d47ffff,30.1791,1.0
89283012d4bffff,5.1165,1.0
89283012d4fffff,8.8399,1.0
89283012d53ffff,15.0586,1.0
89283012d57ffff,11.4613,1.0
89283012d5bffff,16.7614,1.0
89283012d63ffff,4.1763,1.0
89283012d67ffff,10.683,1.0
89283012d6bffff,3.8706,1.0
89283012d6fffff,3.0067,1.0
89283012d73ffff,17.726,1.0
89283012d77ffff,19.5461,1.0
89283012d7bffff,4.1139,1.0
89283012d83ffff,9.2268,1.0
89283012d87ffff,18.577,1.0
89283012d8bffff,9.6887,1.0
89283012d8fffff,9.2565,1.0
89283012d93ffff,10.3438,1.0
89283012d97ffff,11.1887,1.0
89283012d9bffff,7.0582,1.0
89283012da3ffff,18.7751,1.0
89283012da7ffff,15.7725,1.0
89283012dabffff,16.9877,1.0
89283012dafffff,17.3289,1.0
89283012db3ffff,23.8766,1.0
89283012db7ffff,9.9403,1.0
89283012dbbffff,10.1795,1.0
89283012dc3ffff,5.5076,1.0
89283012dc7ffff,5.8041,1.0
89283012dcbffff,30.5586,1.0
89283012dcfffff,3.8013,1.0
89283012dd3ffff,6.509,1.0
89283012dd7ffff,8.2874,1.0
89283012ddbffff,32.3212,1.0
89283012e1bffff,15.7903,1.0
89283012e2fffff,1.0341,1.0
89283012e67ffff,1.4734,1.0
89283012e6fffff,2.3497,1.0
89283012e83ffff,2.074,1.0
89283012e87ffff,6.3423,1.0
89283012e8bffff,2.8598,1.0
89283012e8fffff,14.3104,1.0
89283012e93ffff,5.1993,1.0
89283012e97ffff,3.9332,1.0
89283012e9bffff,6.5365,1.0
89283012ea3ffff,7.2955,1.0
89283012ea7ffff,9.2656,1.0
89283012eb3ffff,7.3814,1.0
89283012eb7ffff,6.8111,1.0
89283012ebbffff,5.5968,1.0
89283012ec3ffff,10.8557,1.0
89283012ec7ffff,23.3432,1.0
89283012ecbffff,19.5665,1.0
89283012ecfffff,16.4231,1.0
89283012ed3ffff,67.529,1.0
89283012ed7ffff,57.7307,1.0
89283012edbffff,15.6287,1.0
89283088937ffff,19.0789,1.0
89283088983ffff,34.0926,1.0
89283088987ffff,2.9249,1.0
8928308898fffff,27.8325,1.0
89283088993ffff,53.942,1.0
89283088997ffff,5.936,1.0
8928308899bffff,26.9128,1.0
892830889a3ffff,5.8365,1.0
892830889a7ffff,18.9412,1.0
892830889abffff,29.6561,1.0
892830889afffff,7.6553,1.0
892830889b3ffff,18.6551,1.0
892830889b7ffff,29.0105,1.0
892830889bbffff,10.0159,1.0
89283088da7ffff,52.1296,1.0
89283088db7ffff,42.2465,1.0
8928308c003ffff,5.0,1.0
8928308c007ffff,5.0531,1.0
8928308c00bffff,5.0,1.0
8928308c00fffff,5.0,1.0
8928308c013ffff,5.0,1.0
8928308c017ffff,5.0,1.0
8928308c01bffff,5.0,1.0
8928308c023ffff,4.5581,1.0
8928308c027ffff,4.9565,1.0
8928308c02bffff,5.3536,1.0
8928308c02fffff,4.9114,1.0
8928308c033ffff,5.2427,1.0
8928308c037ffff,4.9723,1.0
8928308c03bffff,4.2247,1.0
8928308c043ffff,5.0,1.0
8928308c047ffff,5.0,1.0
8928308c04bffff,5.0,1.0
8928308c04fffff,5.0,1.0
8928308c053ffff,5.0,1.0
8928308c057ffff,5.0,1.0
8928308c05bffff,5.0,1.0
8928308c063ffff,5.0,1.0
8928308c067ffff,5.0,1.0
8928308c06bffff,5.0,1.0
8928308c06fffff,5.0,1.0
8928308c073ffff,5.0,1.0
8928308c077ffff,5.0,1.0
8928308c07bffff,5.0,1.0
8928308c083ffff,5.0,1.0
8928308c087ffff,5.2313,1.0
8928308c08bffff,5.1226,1.0
8928308c08fffff,4.9789,1.0
8928308c093ffff,4.8186,1.0
8928308c097ffff,5.7714,1.0
8928308c09bffff,5.0574,1.0
8928308c0a3ffff,4.7921,1.0
8928308c0a7ffff,4.883,1.0
8928308c0abffff,4.9724,1.0
8928308c0afffff,4.1014,1.0
8928308c0b3ffff,5.0,1.0
8928308c0b7ffff,5.1816,1.0
8928308c0bbffff,5.0,1.0
8928308c0c3ffff,5.0,1.0
8928308c0c7ffff,5.0,1.0
8928308c0cbffff,5.0,1.0
8928308c0cfffff,5.0,1.0
8928308c0d3ffff,5.0,1.0
8928308c0d7ffff,5.0,1.0
8928308c0dbffff,5.0,1.0
8928308c103ffff,1.315,1.0
8928308c107ffff,0.0,1.0
8928308c10bffff,11.0948,1.0
8928308c10fffff,0.5662,1.0
8928308c113ffff,1.9611,1.0
8928308c117ffff,0.036,1.0
8928308c11bffff,3.08,1.0
8928308c123ffff,0.206,1.0
8928308c127ffff,0.4434,1.0
8928308c12bffff,1.4073,1.0
8928308c12fffff,2.0464,1.0
8928308c133ffff,0.0,1.0
8928308c137ffff,0.0007,1.0
8928308c13bffff,0.0,1.0
8928308c143ffff,12.6814,1.0
8928308c147ffff,14.1749,1.0
8928308c14bffff,14.0773,1.0
8928308c14fffff,12.0363,1.0
8928308c153ffff,6.3574,1.0
8928308c157ffff,4.9108,1.0
8928308c15bffff,4.9226,1.0
8928308c163ffff,0.446,1.0
8928308c167ffff,0.0823,1.0
8928308c16bffff,5.2394,1.0
8928308c16fffff,3.3349,1.0
8928308c173ffff,2.241,1.0
8928308c177ffff,0.0,1.0
8928308c17bffff,3.468,1.0
8928308c183ffff,2.1493,1.0
8928308c187ffff,1.2749,1.0
8928308c18bffff,0.4196,1.0
8928308c18fffff,2.0725,1.0
8928308c193ffff,6.1652,1.0
8928308c197ffff,2.7631,1.0
8928308c19bffff,1.4352,1.0
8928308c1a3ffff,1.379,1.0
8928308c1a7ffff,0.0,1.0
8928308c1abffff,0.0,1.0
8928308c1afffff,0.0,1.0
8928308c1b3ffff,3.8753,1.0
8928308c1b7ffff,4.3565,1.0
8928308c1bbffff,0.8286,1.0
8928308c1c3ffff,1.9442,1.0
8928308c1c7ffff,0.0,1.0
8928308c1cbffff,4.4978,1.0
8928308c1cfffff,5.302,1.0
8928308c1d3ffff,2.7981,1.0
8928308c1d7ffff,0.0,1.0
8928308c1dbffff,5.7841,1.0
8928308c203ffff,14.6062,1.0
8928308c207ffff,6.1261,1.0
8928308c20bffff,25.2741,1.0
8928308c20fffff,17.3172,1.0
8928308c213ffff,9.6855,1.0
8928308c217ffff,9.3043,1.0
8928308c21bffff,28.0417,1.0
8928308c223ffff,7.5386,1.0
8928308c227ffff,8.8149,1.0
8928308c22bffff,7.0072,1.0
8928308c22fffff,10.6602,1.0
8928308c233ffff,14.7615,1.0
8928308c237ffff,9.2461,1.0
8928308c23bffff,13.5161,1.0
8928308c243ffff,37.3209,1.0
8928308c247ffff,21.2579,1.0
8928308c24bffff,8.9201,1.0
8928308c24fffff,12.651,1.0
8928308c253ffff,25.5886,1.0
8928308c257ffff,16.9829,1.0
8928308c25bffff,17.6815,1.0
8928308c263ffff,10.7662,1.0
8928308c267ffff,14.838,1.0
8928308c26bffff,11.3087,1.0
8928308c26fffff,14.8505,1.0
8928308c273ffff,8.172,1.0
8928308c277ffff,5.0,1.0
8928308c27bffff,12.2665,1.0
8928308c283ffff,7.0546,1.0
8928308c287ffff,9.8831,1.0
8928308c28bffff,5.27,1.0
8928308c28fffff,5.0,1.0
8928308c293ffff,5.0,1.0
8928308c297ffff,5.0,1.0
8928308c29bffff,7.1541,1.0
8928308c2a3ffff,12.609,1.0
8928308c2a7ffff,6.3926,1.0
8928308c2abffff,4.886,1.0
8928308c2afffff,13.4259,1.0
8928308c2b3ffff,11.6969,1.0
8928308c2b7ffff,5.0,1.0
8928308c2bbffff,4.8996,1.0
8928308c2c3ffff,54.0202,1.0
8928308c2c7ffff,20.4975,1.0
8928308c2cbffff,26.0959,1.0
8928308c2cfffff,14.9891,1.0
8928308c2d3ffff,12.4169,1.0
8928308c2d7ffff,15.3164,1.0
8928308c2dbffff,59.0773,1.0
8928308c303ffff,5.0048,1.0
8928308c307ffff,3.7071,1.0
8928308c30bffff,5.0,1.0
8928308c30fffff,3.9383,1.0
8928308c313ffff,15.2266,1.0
8928308c317ffff,14.7928,1.0
8928308c31bffff,5.0,1.0
8928308c323ffff,4.1496,1.0
8928308c327ffff,0.3609,1.0
8928308c32bffff,2.9279,1.0
8928308c32fffff,0.0229,1.0
8928308c333ffff,4.0613,1.0
8928308c337ffff,5.3224,1.0
8928308c33bffff,1.773,1.0
8928308c343ffff,5.0,1.0
8928308c347ffff,5.0,1.0
8928308c34bffff,5.4884,1.0
8928308c34fffff,5.1037,1.0
8928308c353ffff,4.9246,1.0
8928308c357ffff,5.0,1.0
8928308c35bffff,6.2732,1.0
8928308c363ffff,4.0947,1.0
8928308c367ffff,2.4551,1.0
8928308c36bffff,6.7589,1.0
8928308c36fffff,6.282,1.0
8928308c373ffff,5.0,1.0
8928308c377ffff,3.1351,1.0
8928308c37bffff,4.9858,1.0
8928308c383ffff,5.9178,1.0
8928308c387ffff,12.4025,1.0
8928308c38bffff,9.1738,1.0
8928308c38fffff,5.0047,1.0
8928308c393ffff,5.0,1.0
8928308c397ffff,5.0,1.0
8928308c39bffff,4.9146,1.0
8928308c3a3ffff,7.9858,1.0
8928308c3a7ffff,6.8332,1.0
8928308c3abffff,12.6908,1.0
8928308c3afffff,5.2496,1.0
8928308c3b3ffff,4.3912,1.0
8928308c3b7ffff,5.5499,1.0
8928308c3bbffff,2.7714,1.0
8928308c3c3ffff,14.4889,1.0
8928308c3c7ffff,14.0983,1.0
8928308c3cbffff,5.0102,1.0
8928308c3cfffff,5.0,1.0
8928308c3d3ffff,5.1302,1.0
8928308c3d7ffff,10.2132,1.0
8928308c3dbffff,10.0374,1.0
8928308c403ffff,5.0,1.0
8928308c407ffff,5.0,1.0
8928308c40bffff,5.0,1.0
8928308c40fffff,5.0,1.0
8928308c413ffff,4.4683,1.0
8928308c417ffff,5.3339,1.0
8928308c41bffff,4.8068,1.0
8928308c423ffff,5.0,1.0
8928308c427ffff,5.0,1.0
8928308c42bffff,4.9217,1.0
8928308c42fffff,5.0,1.0
8928308c433ffff,5.0028,1.0
8928308c437ffff,5.0692,1.0
8928308c43bffff,5.0,1.0
8928308c443ffff,5.0,1.0
8928308c447ffff,5.0,1.0
8928308c44bffff,4.5423,1.0
8928308c44fffff,5.0,1.0
8928308c453ffff,5.9154,1.0
8928308c457ffff,5.2951,1.0
8928308c45bffff,4.9899,1.0
8928308c463ffff,4.7456,1.0
8928308c467ffff,5.0,1.0
8928308c46bffff,4.951,1.0
8928308c46fffff,5.0551,1.0
8928308c473ffff,5.0,1.0
8928308c477ffff,4.8412,1.0
8928308c47bffff,4.8352,1.0
8928308c483ffff,3.5985,1.0
8928308c487ffff,3.8938,1.0
8928308c48bffff,4.0946,1.0
8928308c48fffff,4.9801,1.0
8928308c493ffff,3.5429,1.0
8928308c497ffff,3.8026,1.0
8928308c49bffff,1.9404,1.0
8928308c4a3ffff,3.9555,1.0
8928308c4a7ffff,3.146,1.0
8928308c4abffff,5.4496,1.0
8928308c4afffff,6.338,1.0
8928308c4b3ffff,2.1858,1.0
8928308c4b7ffff,1.8256,1.0
8928308c4bbffff,4.0,1.0
8928308c4c3ffff,4.0,1.0
8928308c4c7ffff,4.0033,1.0
8928308c4cbffff,5.2259,1.0
8928308c4cfffff,6.4347,1.0
8928308c4d3ffff,11.4545,1.0
8928308c4d7ffff,4.0,1.0
8928308c4dbffff,4.0,1.0
8928308c503ffff,5.0,1.0
8928308c507ffff,6.6602,1.0
8928308c50bffff,5.0,1.0
8928308c50fffff,5.2853,1.0
8928308c513ffff,4.7558,1.0
8928308c517ffff,6.4649,1.0
8928308c51bffff,4.5824,1.0
8928308c523ffff,3.5298,1.0
8928308c527ffff,6.053,1.0
8928308c52bffff,2.1509,1.0
8928308c52fffff,3.3177,1.0
8928308c533ffff,5.0,1.0
8928308c537ffff,5.0638,1.0
8928308c53bffff,4.6117,1.0
8928308c543ffff,5.0,1.0
8928308c547ffff,5.8132,1.0
8928308c54bffff,5.0,1.0
8928308c54fffff,5.0,1.0
8928308c553ffff,4.8701,1.0
8928308c557ffff,5.0,1.0
8928308c55bffff,5.0,1.0
8928308c563ffff,4.7745,1.0
8928308c567ffff,3.3595,1.0
8928308c56bffff,4.7801,1.0
8928308c56fffff,0.607,1.0
8928308c573ffff,5.0,1.0
8928308c577ffff,5.2306,1.0
8928308c57bffff,5.3304,1.0
8928308c583ffff,6.9423,1.0
8928308c587ffff,4.037,1.0
8928308c58bffff,4.3521,1.0
8928308c58fffff,4.631,1.0
8928308c593ffff,22.9629,1.0
8928308c597ffff,12.4144,1.0
8928308c59bffff,3.7255,1.0
8928308c5a3ffff,5.3766,1.0
8928308c5a7ffff,10.055,1.0
8928308c5abffff,5.0,1.0
8928308c5afffff,5.0,1.0
8928308c5b3ffff,8.2173,1.0
8928308c5b7ffff,11.2059,1.0
8928308c5bbffff,5.3123,1.0
8928308c5c3ffff,5.0972,1.0
8928308c5c7ffff,5.0041,1.0
8928308c5cbffff,5.0,1.0
8928308c5cfffff,5.1481,1.0
8928308c5d3ffff,3.821,1.0
8928308c5d7ffff,3.7025,1.0
8928308c5dbffff,5.2992,1.0
8928308c603ffff,5.0,1.0
8928308c607ffff,5.0,1.0
8928308c60bffff,6.0033,1.0
8928308c60fffff,5.0,1.0
8928308c613ffff,4.9996,1.0
8928308c617ffff,5.0,1.0
8928308c61bffff,8.7017,1.0
8928308c623ffff,5.0,1.0
8928308c627ffff,5.0,1.0
8928308c62bffff,5.0,1.0
8928308c62fffff,5.0,1.0
8928308c633ffff,5.0,1.0
8928308c637ffff,5.0,1.0
8928308c63bffff,5.0,1.0
8928308c643ffff,10.0,1.0
8928308c647ffff,9.3429,1.0
8928308c64bffff,9.8595,1.0
8928308c64fffff,11.3344,1.0
8928308c653ffff,10.7298,1.0
8928308c657ffff,14.765,1.0
8928308c65bffff,11.0584,1.0
8928308c663ffff,4.9769,1.0
8928308c667ffff,5.0,1.0
8928308c66bffff,9.9055,1.0
8928308c66fffff,6.2625,1.0
8928308c673ffff,4.9978,1.0
8928308c677ffff,5.0,1.0
8928308c67bffff,9.2847,1.0
8928308c683ffff,5.0,1.0
8928308c687ffff,5.0,1.0
8928308c68bffff,4.7464,1.0
8928308c68fffff,5.0,1.0
8928308c693ffff,4.9141,1.0
8928308c697ffff,4.9931,1.0
8928308c69bffff,5.0,1.0
8928308c6a3ffff,7.3485,1.0
8928308c6a7ffff,5.0,1.0
8928308c6abffff,5.0,1.0
8928308c6afffff,5.0,1.0
8928308c6b3ffff,8.3158,1.0
8928308c6b7ffff,5.2293,1.0
8928308c6bbffff,5.0,1.0
8928308c6c3ffff,11.571,1.0
8928308c6c7ffff,9.6412,1.0
8928308c6cbffff,11.8601,1.0
8928308c6cfffff,10.0204,1.0
8928308c6d3ffff,7.7195,1.0
8928308c6d7ffff,3.2951,1.0
8928308c6dbffff,14.5327,1.0
8928308ca43ffff,0.0,0.4152
8928308ca4bffff,7.0311,1.0
8928308ca4fffff,0.0,0.3539
8928308ca53ffff,0.0,0.4764
8928308ca5bffff,0.0709,1.0
8928308cacbffff,0.0,0.5376
8928308cadbffff,0.0,0.5929
8928308cc03ffff,0.0,0.2068
8928308cc0bffff,0.0,1.0
8928308cc0fffff,0.0,0.2066
8928308cc13ffff,0.0,0.0045
8928308cc17ffff,0.0,0.5373
8928308cc1bffff,0.0,0.7982
8928308cc37ffff,0.0,0.0214
8928308cc43ffff,0.0,1.0
8928308cc47ffff,0.0,1.0
8928308cc4bffff,0.0,1.0
8928308cc4fffff,0.0,0.9319
8928308cc53ffff,0.0,1.0
8928308cc57ffff,0.0,1.0
8928308cc5bffff,0.0,1.0
8928308cc73ffff,0.0,0.6261
8928308cc7bffff,0.0,0.1192
8928308cc83ffff,0.2427,1.0
8928308cc87ffff,15.1794,1.0
8928308cc8bffff,0.0,0.2454
8928308cc8fffff,0.0152,0.8962
8928308cc93ffff,26.9057,1.0
8928308cc97ffff,37.5652,1.0
8928308cc9bffff,5.1659,1.0
8928308cca3ffff,0.9881,1.0
8928308cca7ffff,1.6482,1.0
8928308ccabffff,0.0044,0.8382
8928308ccafffff,0.0,0.8202
8928308ccb3ffff,5.729,1.0
8928308ccb7ffff,6.546,1.0
8928308ccbbffff,8.2139,1.0
8928308ccc3ffff,0.0,1.0
8928308ccc7ffff,0.0,0.3081
8928308cccbffff,0.0,1.0
8928308cccfffff,0.0,1.0
8928308ccd3ffff,0.0,1.0
8928308ccd7ffff,0.0,0.6577
8928308ccdbffff,0.0,1.0
8928308cd83ffff,0.0,0.1266
8928308cd8bffff,0.0,0.4128
8928308cd93ffff,0.0,0.2505
8928308cd9bffff,2.0258,1.0
8928308cdc3ffff,0.0,0.1208
8928308cdc7ffff,0.0,0.0136
8928308cdd3ffff,4.9973,0.9868
8928308cdd7ffff,0.7895,0.9825
8928308cddbffff,0.0,0.5419
8928308ce03ffff,0.0,1.0
8928308ce07ffff,0.0,0.3174
8928308ce0bffff,0.0,0.62
8928308ce0fffff,0.0,0.1483
8928308ce13ffff,0.0,1.0
8928308ce17ffff,0.0,0.9825
8928308ce1bffff,0.0,1.0
8928308ce43ffff,0.0939,1.0
8928308ce47ffff,0.0,0.3209
8928308ce4bffff,0.0124,1.0
8928308ce4fffff,0.0,0.6858
8928308ce53ffff,0.0191,1.0
8928308ce57ffff,0.0161,1.0
8928308ce5bffff,2.0642,1.0
8928308ce7bffff,0.0,0.0174
8928308ce83ffff,0.0,1.0
8928308ce87ffff,0.0,1.0
8928308ce8bffff,0.5869,1.0
8928308ce8fffff,0.0,1.0
8928308ce93ffff,0.3568,1.0
8928308ce97ffff,0.0,1.0
8928308ce9bffff,0.9645,1.0
8928308ceabffff,0.0,0.0018
8928308ceb3ffff,0.0,0.4548
8928308cebbffff,0.0,0.5408
8928308cec3ffff,0.0,1.0
8928308cec7ffff,0.299,1.0
8928308cecbffff,0.4967,1.0
8928308cecfffff,0.0,1.0
8928308ced3ffff,3.5734,1.0
8928308ced7ffff,2.3701,1.0
8928308cedbffff,1.9962,1.0
8928308d003ffff,19.9948,1.0
8928308d007ffff,18.2382,1.0
8928308d00bffff,22.9937,1.0
8928308d00fffff,14.124,1.0
8928308d013ffff,10.4204,1.0
8928308d017ffff,43.2279,1.0
8928308d01bffff,20.0371,1.0
8928308d023ffff,13.7316,1.0
8928308d027ffff,9.1708,1.0
8928308d02bffff,11.9981,1.0
8928308d02fffff,8.9119,1.0
8928308d033ffff,23.2587,1.0
8928308d037ffff,27.316,1.0
8928308d03bffff,15.1059,1.0
8928308d043ffff,38.3584,1.0
8928308d047ffff,34.0652,1.0
8928308d04bffff,49.5671,1.0
8928308d04fffff,51.5734,1.0
8928308d053ffff,10.6487,1.0
8928308d057ffff,8.4211,1.0
8928308d05bffff,52.2059,1.0
8928308d063ffff,23.0888,1.0
8928308d067ffff,12.6133,1.0
8928308d06bffff,11.2183,1.0
8928308d06fffff,15.5379,1.0
8928308d073ffff,12.6005,1.0
8928308d077ffff,13.6257,1.0
8928308d07bffff,42.3679,1.0
8928308d083ffff,15.1206,1.0
8928308d087ffff,20.4218,1.0
8928308d08bffff,14.8715,1.0
8928308d08fffff,10.7622,1.0
8928308d093ffff,22.325,1.0
8928308d097ffff,40.7331,1.0
8928308d09bffff,14.5141,1.0
8928308d0a3ffff,38.576,1.0
8928308d0a7ffff,20.069,1.0
8928308d0abffff,30.3124,1.0
8928308d0afffff,23.2939,1.0
8928308d0b3ffff,21.2831,1.0
8928308d0b7ffff,22.89,1.0
8928308d0bbffff,26.2251,1.0
8928308d0c3ffff,10.9901,1.0
8928308d0c7ffff,39.6522,1.0
8928308d0cbffff,11.4356,1.0
8928308d0cfffff,16.736,1.0
8928308d0d3ffff,32.9192,1.0
8928308d0d7ffff,24.3455,1.0
8928308d0dbffff,25.6603,1.0
8928308d103ffff,15.6863,1.0
8928308d107ffff,32.423,1.0
8928308d10bffff,17.5807,1.0
8928308d10fffff,21.2427,1.0
8928308d113ffff,26.5446,1.0
8928308d117ffff,20.946,1.0
8928308d11bffff,15.5931,1.0
8928308d123ffff,25.5903,1.0
8928308d127ffff,10.3353,1.0
8928308d12bffff,19.2838,1.0
8928308d12fffff,10.9723,1.0
8928308d133ffff,17.0879,1.0
8928308d137ffff,12.3922,1.0
8928308d13bffff,14.6078,1.0
8928308d143ffff,13.8434,1.0
8928308d147ffff,12.6054,1.0
8928308d14bffff,10.0417,1.0
8928308d14fffff,12.1808,1.0
8928308d153ffff,14.2771,1.0
8928308d157ffff,14.4803,1.0
8928308d15bffff,11.5835,1.0
8928308d163ffff,10.9616,1.0
8928308d167ffff,18.4117,1.0
8928308d16bffff,9.9079,1.0
8928308d16fffff,9.3457,1.0
8928308d173ffff,14.6231,1.0
8928308d177ffff,23.1861,1.0
8928308d17bffff,15.0199,1.0
8928308d183ffff,14.2652,1.0
8928308d187ffff,30.0473,1.0
8928308d18bffff,22.6494,1.0
8928308d18fffff,30.484,1.0
8928308d193ffff,20.9797,1.0
8928308d197ffff,8.166,1.0
8928308d19bffff,38.9413,1.0
8928308d1a3ffff,6.2382,1.0
8928308d1a7ffff,14.3847,1.0
8928308d1abffff,19.0322,1.0
8928308d1afffff,20.9965,1.0
8928308d1b3ffff,17.6782,1.0
8928308d1b7ffff,10.6357,1.0
8928308d1bbffff,32.3102,1.0
8928308d1c3ffff,35.2914,1.0
8928308d1c7ffff,33.2996,1.0
8928308d1cbffff,21.946,1.0
8928308d1cfffff,23.3477,1.0
8928308d1d3ffff,16.2619,1.0
8928308d1d7ffff,12.695,1.0
8928308d1dbffff,25.1969,1.0
8928308d203ffff,63.7272,1.0
8928308d207ffff,66.8034,1.0
8928308d20bffff,16.1435,1.0
8928308d20fffff,29.6686,1.0
8928308d213ffff,31.27,1.0
8928308d217ffff,62.143,1.0
8928308d21bffff,35.7397,1.0
8928308d223ffff,13.151,1.0
8928308d227ffff,11.6281,1.0
8928308d22bffff,9.8893,1.0
8928308d22fffff,21.246,1.0
8928308d233ffff,44.2559,1.0
8928308d237ffff,49.015,1.0
8928308d23bffff,11.3638,1.0
8928308d24bffff,28.5567,1.0
8928308d24fffff,30.287,1.0
8928308d263ffff,12.7569,1.0
8928308d267ffff,8.8827,1.0
8928308d26bffff,11.6054,1.0
8928308d26fffff,7.8994,1.0
8928308d273ffff,10.561,1.0
8928308d277ffff,14.0007,1.0
8928308d27bffff,18.4215,1.0
8928308d283ffff,60.4853,1.0
8928308d287ffff,54.5279,1.0
8928308d28bffff,4.1373,1.0
8928308d28fffff,31.7859,1.0
8928308d293ffff,69.4742,1.0
8928308d297ffff,37.5946,1.0
8928308d29bffff,11.5391,1.0
8928308d2a3ffff,45.1208,1.0
8928308d2a7ffff,12.9799,1.0
8928308d2abffff,81.6816,1.0
8928308d2afffff,81.4861,1.0
8928308d2b3ffff,42.1907,1.0
8928308d2b7ffff,43.1439,1.0
8928308d2bbffff,40.0659,1.0
8928308d2d3ffff,4.7545,1.0
8928308d2d7ffff,5.653,1.0
8928308d303ffff,36.4648,1.0
8928308d307ffff,36.9837,1.0
8928308d30bffff,12.2013,1.0
8928308d30fffff,18.4304,1.0
8928308d313ffff,66.6973,1.0
8928308d317ffff,40.1719,1.0
8928308d31bffff,37.294,1.0
8928308d323ffff,14.1178,1.0
8928308d327ffff,21.6605,1.0
8928308d32bffff,11.8159,1.0
8928308d32fffff,10.1269,1.0
8928308d333ffff,35.0884,1.0
8928308d337ffff,42.5753,1.0
8928308d33bffff,11.8311,1.0
8928308d343ffff,12.3879,1.0
8928308d347ffff,12.4059,1.0
8928308d34bffff,20.6088,1.0
8928308d34fffff,19.157,1.0
8928308d353ffff,16.7373,1.0
8928308d357ffff,9.191,1.0
8928308d35bffff,18.2312,1.0
8928308d363ffff,3.14,1.0
8928308d367ffff,12.051,1.0
8928308d36bffff,4.4213,1.0
8928308d36fffff,9.2794,1.0
8928308d373ffff,11.748,1.0
8928308d377ffff,12.6486,1.0
8928308d37bffff,26.4157,1.0
8928308d383ffff,19.2782,1.0
8928308d387ffff,30.8193,1.0
8928308d38bffff,61.1057,1.0
8928308d38fffff,44.9375,1.0
8928308d393ffff,8.7311,1.0
8928308d397ffff,10.9863,1.0
8928308d39bffff,34.1196,1.0
8928308d3a3ffff,33.5594,1.0
8928308d3a7ffff,13.1805,1.0
8928308d3abffff,35.4929,1.0
8928308d3afffff,41.3934,1.0
8928308d3b3ffff,12.1571,1.0
8928308d3b7ffff,13.3567,1.0
8928308d3bbffff,45.6875,1.0
8928308d3c3ffff,81.237,1.0
8928308d3c7ffff,79.058,1.0
8928308d3cbffff,41.9078,1.0
8928308d3cfffff,40.2366,1.0
8928308d3d3ffff,22.1082,1.0
8928308d3d7ffff,64.6472,1.0
8928308d3dbffff,71.6937,1.0
8928308d403ffff,8.3607,1.0
8928308d407ffff,15.7091,1.0
8928308d40bffff,35.3555,1.0
8928308d40fffff,14.5049,1.0
8928308d413ffff,10.4102,1.0
8928308d417ffff,26.5685,1.0
8928308d41bffff,10.2159,1.0
8928308d423ffff,12.5006,1.0
8928308d427ffff,34.7637,1.0
8928308d42bffff,42.6838,1.0
8928308d42fffff,14.9339,1.0
8928308d433ffff,13.7072,1.0
8928308d437ffff,27.6536,1.0
8928308d43bffff,10.2378,1.0
8928308d443ffff,48.2305,1.0
8928308d447ffff,58.6207,1.0
8928308d44bffff,34.4274,1.0
8928308d44fffff,57.6211,1.0
8928308d453ffff,35.9306,1.0
8928308d457ffff,35.039,1.0
8928308d45bffff,50.4364,1.0
8928308d463ffff,33.9378,1.0
8928308d467ffff,68.4169,1.0
8928308d46bffff,41.5491,1.0
8928308d46fffff,47.3623,1.0
8928308d473ffff,47.0089,1.0
8928308d477ffff,28.043,1.0
8928308d47bffff,26.0744,1.0
8928308d483ffff,28.6214,1.0
8928308d487ffff,41.8002,1.0
8928308d48bffff,36.1555,1.0
8928308d48fffff,51.9397,1.0
8928308d493ffff,29.1587,1.0
8928308d497ffff,49.6641,1.0
8928308d49bffff,25.8038,1.0
8928308d4a3ffff,4.9894,1.0
8928308d4a7ffff,0.4329,1.0
8928308d4abffff,18.4652,1.0
8928308d4afffff,1.3069,1.0
8928308d4b3ffff,32.0243,1.0
8928308d4b7ffff,39.221,1.0
8928308d4bbffff,18.4713,1.0
8928308d4c3ffff,20.9924,1.0
8928308d4c7ffff,10.6757,1.0
8928308d4cbffff,13.3884,1.0
8928308d4cfffff,4.6583,1.0
8928308d4d3ffff,26.5094,1.0
8928308d4d7ffff,54.6264,1.0
8928308d4dbffff,2.1486,1.0
8928308d503ffff,11.5187,1.0
8928308d507ffff,18.636,1.0
8928308d50bffff,21.799,1.0
8928308d50fffff,56.9189,1.0
8928308d513ffff,6.1263,1.0
8928308d517ffff,43.177,1.0
8928308d51bffff,20.8095,1.0
8928308d523ffff,3.4064,1.0
8928308d527ffff,8.3172,1.0
8928308d52bffff,9.8339,1.0
8928308d52fffff,18.5956,1.0
8928308d533ffff,23.9546,1.0
8928308d537ffff,36.1405,1.0
8928308d53bffff,26.4656,1.0
8928308d543ffff,3.4418,1.0
8928308d547ffff,10.7416,1.0
8928308d54bffff,13.0732,1.0
8928308d54fffff,19.0579,1.0
8928308d553ffff,37.4132,1.0
8928308d557ffff,8.7283,1.0
8928308d55bffff,10.9423,1.0
8928308d563ffff,33.6952,1.0
8928308d567ffff,46.0601,1.0
8928308d56bffff,23.1035,1.0
8928308d56fffff,32.5506,1.0
8928308d573ffff,50.9224,1.0
8928308d577ffff,59.4586,1.0
8928308d57bffff,31.711,1.0
8928308d583ffff,41.0214,1.0
8928308d587ffff,15.7061,1.0
8928308d58bffff,47.964,1.0
8928308d58fffff,67.5601,1.0
8928308d593ffff,10.304,1.0
8928308d597ffff,10.8513,1.0
8928308d59bffff,67.4844,1.0
8928308d5a3ffff,25.0253,1.0
8928308d5a7ffff,10.7044,1.0
8928308d5abffff,49.2324,1.0
8928308d5afffff,56.8122,1.0
8928308d5b3ffff,9.7907,1.0
8928308d5b7ffff,10.6573,1.0
8928308d5bbffff,52.5081,1.0
8928308d5c3ffff,20.8638,1.0
8928308d5c7ffff,62.0694,1.0
8928308d5cbffff,34.1727,1.0
8928308d5cfffff,68.6011,1.0
8928308d5d3ffff,6.1011,1.0
8928308d5d7ffff,31.4932,1.0
8928308d5dbffff,0.9776,1.0
8928308d607ffff,16.1876,1.0
8928308d623ffff,52.3241,1.0
8928308d627ffff,33.6219,1.0
8928308d62bffff,75.0002,1.0
8928308d62fffff,73.5189,1.0
8928308d633ffff,41.552,1.0
8928308d637ffff,45.064,1.0
8928308d63bffff,40.7589,1.0
8928308d643ffff,32.7062,1.0
8928308d647ffff,65.516,1.0
8928308d64bffff,9.8566,1.0
8928308d64fffff,7.3894,1.0
8928308d657ffff,31.5302,1.0
8928308d663ffff,40.7635,1.0
8928308d667ffff,53.5903,1.0
8928308d66bffff,9.4666,1.0
8928308d66fffff,8.6247,1.0
8928308d673ffff,85.7328,1.0
8928308d67bffff,18.3774,1.0
8928308d683ffff,13.6347,1.0
8928308d687ffff,44.313,1.0
8928308d697ffff,14.6359,1.0
8928308d6a3ffff,37.1866,1.0
8928308d6a7ffff,32.6185,1.0
8928308d6abffff,41.821,1.0
8928308d6afffff,59.1096,1.0
8928308d6b3ffff,48.6462,1.0
8928308d6b7ffff,23.246,1.0
8928308d6bbffff,46.8187,1.0
8928308d803ffff,0.0,1.0
8928308d807ffff,0.0,1.0
8928308d80bffff,0.0,1.0
8928308d80fffff,0.0,0.7973
8928308d813ffff,1.4577,1.0
8928308d817ffff,0.4957,1.0
8928308d81bffff,0.9126,1.0
8928308d833ffff,0.0,0.92
8928308d837ffff,0.0,0.3869
8928308d83bffff,0.0,0.3135
8928308d843ffff,2.6723,1.0
8928308d847ffff,0.0,0.5344
8928308d84bffff,7.4499,1.0
8928308d84fffff,0.0,0.4132
8928308d853ffff,5.8138,1.0
8928308d857ffff,1.315,1.0
8928308d85bffff,5.7799,1.0
8928308d873ffff,0.0,0.1309
8928308d883ffff,12.7019,1.0
8928308d887ffff,5.5809,1.0
8928308d88bffff,5.0,1.0
8928308d88fffff,6.4071,1.0
8928308d893ffff,3.526,1.0
8928308d897ffff,9.6393,1.0
8928308d89bffff,4.9767,1.0
8928308d8a3ffff,19.5149,1.0
8928308d8a7ffff,17.572,1.0
8928308d8abffff,4.2582,1.0
8928308d8afffff,1.6051,1.0
8928308d8b3ffff,5.314,1.0
8928308d8b7ffff,4.3883,1.0
8928308d8bbffff,7.3609,1.0
8928308d8c3ffff,6.3561,1.0
8928308d8c7ffff,6.2093,1.0
8928308d8cbffff,13.5358,1.0
8928308d8cfffff,5.4543,1.0
8928308d8d3ffff,6.101,1.0
8928308d8d7ffff,4.9352,1.0
8928308d8dbffff,7.7104,1.0
8928308d903ffff,0.0,0.6595
8928308d907ffff,0.0,0.32
8928308d90bffff,0.0,0.0309
8928308d913ffff,0.0,1.0
8928308d917ffff,0.9719,1.0
8928308d91bffff,0.0,1.0
8928308d933ffff,0.0,0.1252
8928308d953ffff,0.0,0.5587
8928308d957ffff,0.0,0.4289
8928308d983ffff,35.4453,1.0
8928308d987ffff,72.8734,1.0
8928308d98bffff,1.4005,1.0
8928308d98fffff,9.2007,1.0
8928308d993ffff,51.5452,1.0
8928308d997ffff,69.7615,1.0
8928308d99bffff,36.4497,1.0
8928308d9a3ffff,0.3257,1.0
8928308d9a7ffff,0.0,0.2196
8928308d9abffff,3.618,1.0
8928308d9afffff,0.0,0.4142
8928308d9b3ffff,9.4235,1.0
8928308d9b7ffff,0.0,0.2927
8928308d9bbffff,39.7509,1.0
8928308d9c3ffff,1.5438,1.0
8928308d9c7ffff,0.0,1.0
8928308d9cbffff,0.0,0.6565
8928308d9cfffff,0.0,1.0
8928308d9d3ffff,30.5478,1.0
8928308d9d7ffff,14.8137,1.0
8928308d9dbffff,1.5776,1.0
8928308da13ffff,0.0,0.0372
8928308da53ffff,0.0,0.4584
8928308da5bffff,0.0,0.4099
8928308da83ffff,8.3237,1.0
8928308da87ffff,2.9104,1.0
8928308da8bffff,5.4906,1.0
8928308da8fffff,3.6013,0.9015
8928308da93ffff,12.3795,1.0
8928308da97ffff,5.9385,1.0
8928308da9bffff,5.5508,1.0
8928308dab3ffff,0.0064,0.6966
8928308dabbffff,0.0,0.7043
8928308dac3ffff,1.565,0.9702
8928308dac7ffff,0.0,0.5775
8928308dacbffff,0.8498,0.9645
8928308dacfffff,0.0,0.009
8928308dad3ffff,11.1299,1.0
8928308dad7ffff,8.1414,1.0
8928308dadbffff,7.9204,1.0
8928308dc03ffff,6.6709,1.0
8928308dc07ffff,17.5345,1.0
8928308dc0bffff,9.7151,1.0
8928308dc0fffff,11.6944,1.0
8928308dc13ffff,10.914,1.0
8928308dc17ffff,11.5709,1.0
8928308dc1bffff,5.0,1.0
8928308dc23ffff,4.7936,1.0
8928308dc27ffff,16.7565,1.0
8928308dc2bffff,4.7809,1.0
8928308dc2fffff,3.3837,1.0
8928308dc33ffff,16.3381,1.0
8928308dc37ffff,12.7481,1.0
8928308dc3bffff,11.9849,1.0
8928308dc43ffff,8.3822,1.0
8928308dc47ffff,14.1364,1.0
8928308dc4bffff,7.2063,1.0
8928308dc4fffff,16.3089,1.0
8928308dc53ffff,9.8234,1.0
8928308dc57ffff,4.9306,1.0
8928308dc5bffff,6.083,1.0
8928308dc63ffff,11.4187,1.0
8928308dc67ffff,3.8042,1.0
8928308dc6bffff,15.5922,1.0
8928308dc6fffff,6.3978,1.0
8928308dc73ffff,11.0196,1.0
8928308dc77ffff,6.6024,1.0
8928308dc7bffff,14.2458,1.0
8928308dc83ffff,9.2891,1.0
8928308dc87ffff,7.6364,1.0
8928308dc8bffff,5.231,1.0
8928308dc8fffff,8.7847,1.0
8928308dc93ffff,16.2109,1.0
8928308dc97ffff,29.6949,1.0
8928308dc9bffff,8.5602,1.0
8928308dca3ffff,12.4612,1.0
8928308dca7ffff,12.4946,1.0
8928308dcabffff,14.4879,1.0
8928308dcafffff,6.8474,1.0
8928308dcb3ffff,9.1174,1.0
8928308dcb7ffff,12.8921,1.0
8928308dcbbffff,13.4352,1.0
8928308dcc3ffff,9.791,1.0
8928308dcc7ffff,13.6727,1.0
8928308dccbffff,7.0086,1.0
8928308dccfffff,11.4851,1.0
8928308dcd3ffff,9.3922,1.0
8928308dcd7ffff,6.8546,1.0
8928308dcdbffff,13.4826,1.0
8928308dd03ffff,1.7827,1.0
8928308dd07ffff,0.0067,1.0
8928308dd0bffff,12.0308,1.0
8928308dd0fffff,25.2261,1.0
8928308dd13ffff,2.6068,1.0
8928308dd17ffff,0.0,1.0
8928308dd1bffff,12.5506,1.0
8928308dd23ffff,1.8296,1.0
8928308dd27ffff,0.0,1.0
8928308dd2bffff,8.1553,1.0
8928308dd2fffff,33.0114,1.0
8928308dd33ffff,0.0,1.0
8928308dd37ffff,0.0,1.0
8928308dd3bffff,6.4504,1.0
8928308dd43ffff,20.6093,1.0
8928308dd47ffff,18.2961,1.0
8928308dd4bffff,4.6468,1.0
8928308dd4fffff,4.6616,1.0
8928308dd53ffff,23.9485,1.0
8928308dd57ffff,36.4864,1.0
8928308dd5bffff,3.7668,1.0
8928308dd63ffff,17.5827,1.0
8928308dd67ffff,8.2955,1.0
8928308dd6bffff,16.105,1.0
8928308dd6fffff,55.78,1.0
8928308dd73ffff,9.5099,1.0
8928308dd77ffff,34.987,1.0
8928308dd7bffff,4.9663,1.0
8928308dd83ffff,0.0,1.0
8928308dd87ffff,0.0,1.0
8928308dd8bffff,3.6027,1.0
8928308dd8fffff,0.0,1.0
8928308dd93ffff,0.0788,1.0
8928308dd97ffff,0.0,1.0
8928308dd9bffff,3.3116,1.0
8928308dda3ffff,0.0,0.6765
8928308dda7ffff,0.0,0.0005
8928308ddabffff,0.0,1.0
8928308ddafffff,0.0,0.8338
8928308ddb3ffff,0.0,0.7468
8928308ddbbffff,0.0,1.0
8928308ddc3ffff,15.6745,1.0
8928308ddc7ffff,11.367,1.0
8928308ddcbffff,11.8987,1.0
8928308ddcfffff,23.6507,1.0
8928308ddd3ffff,7.7912,1.0
8928308ddd7ffff,5.4366,1.0
8928308dddbffff,8.0391,1.0
8928308de03ffff,7.9686,1.0
8928308de07ffff,8.7386,1.0
8928308de0bffff,9.6828,1.0
8928308de0fffff,5.7932,1.0
8928308de13ffff,8.1131,1.0
8928308de17ffff,8.0088,1.0
8928308de1bffff,12.4943,1.0
8928308de23ffff,11.6929,1.0
8928308de27ffff,6.0799,1.0
8928308de2bffff,14.7483,1.0
8928308de2fffff,9.2143,1.0
8928308de33ffff,5.8071,1.0
8928308de37ffff,5.0,1.0
8928308de3bffff,10.0258,1.0
8928308de43ffff,21.0617,1.0
8928308de47ffff,14.4668,1.0
8928308de4bffff,28.711,1.0
8928308de4fffff,26.8607,1.0
8928308de53ffff,17.5736,1.0
8928308de57ffff,8.3843,1.0
8928308de5bffff,9.3915,1.0
8928308de63ffff,4.9298,1.0
8928308de67ffff,5.8135,1.0
8928308de6bffff,17.1881,1.0
8928308de6fffff,15.0477,1.0
8928308de73ffff,18.4097,1.0
8928308de77ffff,14.3954,1.0
8928308de7bffff,11.4715,1.0
8928308de83ffff,9.1027,1.0
8928308de87ffff,6.6512,1.0
8928308de8bffff,10.7098,1.0
8928308de8fffff,6.8052,1.0
8928308de93ffff,13.5453,1.0
8928308de97ffff,7.4767,1.0
8928308de9bffff,9.2861,1.0
8928308dea3ffff,6.1153,1.0
8928308dea7ffff,7.7332,1.0
8928308deabffff,8.0011,1.0
8928308deafffff,5.0652,1.0
8928308deb3ffff,7.5538,1.0
8928308deb7ffff,8.9701,1.0
8928308debbffff,9.0836,1.0
8928308dec3ffff,11.1044,1.0
8928308dec7ffff,11.3603,1.0
8928308decbffff,24.6848,1.0
8928308decfffff,9.9527,1.0
8928308ded3ffff,10.6343,1.0
8928308ded7ffff,8.0351,1.0
8928308dedbffff,33.1263,1.0
8928308e063ffff,0.0,0.122
8928308e067ffff,0.0,0.0119
8928308e06bffff,0.0,0.798
8928308e06fffff,0.0,0.9466
8928308e16bffff,0.0,0.1149
8928308e203ffff,0.0,0.0333
8928308e207ffff,0.0,0.2297
8928308e20bffff,0.0,0.0047
8928308e20fffff,0.0,0.2875
8928308e213ffff,0.0,0.6437
8928308e217ffff,0.3783,0.9985
8928308e223ffff,0.0843,0.8033
8928308e227ffff,0.753,1.0
8928308e22bffff,1.2944,1.0
8928308e22fffff,5.473,1.0
8928308e233ffff,0.0,0.0696
8928308e237ffff,0.9252,1.0
8928308e23bffff,0.0,0.3555
8928308e243ffff,0.0,0.9761
8928308e247ffff,0.0,0.6418
8928308e24bffff,0.0,0.9998
8928308e24fffff,0.736,1.0
8928308e253ffff,0.0,0.0253
8928308e257ffff,0.0,0.0378
8928308e25bffff,0.0,0.6549
8928308e263ffff,0.9935,1.0
8928308e267ffff,0.0278,1.0
8928308e26bffff,2.9216,1.0
8928308e26fffff,0.622,1.0
8928308e273ffff,0.8666,0.9768
8928308e277ffff,1.1288,1.0
8928308e27bffff,3.6673,1.0
8928308e283ffff,0.0,0.8822
8928308e287ffff,0.0,0.895
8928308e28bffff,0.0,1.0
8928308e28fffff,0.6637,1.0
8928308e297ffff,0.0,0.0605
8928308e29bffff,0.0,0.5933
8928308e2a3ffff,0.0,1.0
8928308e2a7ffff,0.0,1.0
8928308e2abffff,0.0,0.9344
8928308e2afffff,0.0,0.7753
8928308e2b3ffff,0.0,0.2004
8928308e2b7ffff,0.0,0.3431
8928308e2bbffff,0.0,1.0
8928308e2c7ffff,0.0,0.1019
8928308e2d7ffff,0.0,0.3014
8928308e303ffff,4.1498,1.0
8928308e307ffff,9.2984,1.0
8928308e30bffff,2.7089,1.0
8928308e30fffff,4.4441,1.0
8928308e313ffff,0.6963,1.0
8928308e317ffff,1.412,1.0
8928308e31bffff,5.3568,1.0
8928308e323ffff,12.0631,1.0
8928308e327ffff,0.6294,0.9397
8928308e32bffff,14.8234,1.0
8928308e32fffff,16.5266,1.0
8928308e333ffff,21.8587,1.0
8928308e337ffff,2.3534,1.0
8928308e33bffff,19.0894,1.0
8928308e343ffff,3.6208,1.0
8928308e347ffff,4.9036,1.0
8928308e34bffff,0.2457,1.0
8928308e34fffff,2.9682,1.0
8928308e353ffff,3.686,1.0
8928308e357ffff,6.3461,1.0
8928308e35bffff,0.1845,1.0
8928308e363ffff,4.0489,1.0
8928308e367ffff,3.6319,1.0
8928308e36bffff,2.2502,1.0
8928308e36fffff,1.8896,1.0
8928308e373ffff,12.7872,1.0
8928308e377ffff,11.7297,1.0
8928308e37bffff,5.0992,1.0
8928308e387ffff,0.0,0.012
8928308e38bffff,0.0,0.3454
8928308e38fffff,0.2793,0.8654
8928308e39bffff,0.0,0.4041
8928308e3a3ffff,0.9466,1.0
8928308e3a7ffff,0.2539,1.0
8928308e3abffff,4.4792,1.0
8928308e3afffff,4.2915,1.0
8928308e3b3ffff,0.0,0.2588
8928308e3b7ffff,0.0,0.4014
8928308e3bbffff,0.0912,0.9382
8928308e3c3ffff,1.6072,1.0
8928308e3c7ffff,0.9767,1.0
8928308e3cbffff,3.3219,1.0
8928308e3cfffff,3.9358,1.0
8928308e3d3ffff,0.0,1.0
8928308e3d7ffff,0.0,0.8492
8928308e3dbffff,0.1908,1.0
8928308e84bffff,0.0146,0.695
8928308e84fffff,0.0,0.0895
8928308e853ffff,0.0,0.4682
8928308e85bffff,0.0,0.1104
8928308e8cbffff,0.0,0.5762
8928308e8dbffff,0.0,0.0245
8928308ea03ffff,8.1902,1.0
8928308ea07ffff,6.4327,1.0
8928308ea0bffff,17.2085,1.0
8928308ea0fffff,18.3819,1.0
8928308ea13ffff,10.7239,1.0
8928308ea17ffff,4.2317,1.0
8928308ea1bffff,11.2313,1.0
8928308ea23ffff,28.6421,1.0
8928308ea27ffff,49.9105,1.0
8928308ea2bffff,38.2211,1.0
8928308ea2fffff,31.7907,1.0
8928308ea33ffff,4.1921,1.0
8928308ea37ffff,9.4856,1.0
8928308ea3bffff,5.9824,1.0
8928308ea43ffff,4.842,1.0
8928308ea47ffff,8.6363,1.0
8928308ea4bffff,7.2667,1.0
8928308ea4fffff,5.6035,1.0
8928308ea53ffff,5.1591,1.0
8928308ea57ffff,10.5329,1.0
8928308ea5bffff,5.1379,1.0
8928308ea63ffff,4.8968,1.0
8928308ea67ffff,5.6379,1.0
8928308ea6bffff,2.1612,1.0
8928308ea6fffff,0.3189,0.9933
8928308ea73ffff,4.8925,1.0
8928308ea77ffff,10.0007,1.0
8928308ea7bffff,5.0,1.0
8928308ea83ffff,12.9731,1.0
8928308ea87ffff,10.6585,1.0
8928308ea8bffff,6.317,1.0
8928308ea8fffff,1.0888,1.0
8928308ea93ffff,0.6815,0.9323
8928308ea97ffff,0.7279,1.0
8928308ea9bffff,9.026,1.0
8928308eaa3ffff,0.0,0.625
8928308eaabffff,8.698,1.0
8928308eaafffff,0.0357,0.7804
8928308eab3ffff,1.6707,0.9938
8928308eab7ffff,0.0,0.0875
8928308eabbffff,7.7229,1.0
8928308eac3ffff,9.775,1.0
8928308eac7ffff,19.2771,1.0
8928308eacbffff,6.1087,1.0
8928308eacfffff,6.1133,1.0
8928308ead3ffff,18.5479,1.0
8928308ead7ffff,17.1775,1.0
8928308eadbffff,4.9913,1.0
8928308eb0bffff,0.0,0.2648
8928308eb1bffff,0.0,0.0366
8928308eb2bffff,0.0,0.0221
8928308eb43ffff,16.7907,1.0
8928308eb47ffff,0.3572,1.0
8928308eb4bffff,18.309,1.0
8928308eb4fffff,1.2299,1.0
8928308eb53ffff,3.4857,1.0
8928308eb57ffff,0.0,0.7063
8928308eb5bffff,40.9469,1.0
8928308eb63ffff,5.4963,1.0
8928308eb67ffff,0.1072,0.9969
8928308eb6bffff,14.1237,1.0
8928308eb6fffff,30.4807,1.0
8928308eb73ffff,1.1321,0.9515
8928308eb77ffff,0.0,0.2493
8928308eb7bffff,16.1949,1.0
8928308ebc3ffff,0.1782,1.0
8928308ebc7ffff,0.0,0.4927
8928308ebcbffff,25.7559,1.0
8928308ebcfffff,3.7696,0.9991
8928308ebd3ffff,0.0,0.0961
8928308ebd7ffff,0.0,0.1304
8928308ebdbffff,0.0244,0.771
8928308ee07ffff,0.0,0.6751
8928308ee0fffff,0.0,0.3821
8928308ee17ffff,0.0,0.0566
8928308ee23ffff,0.0,0.6369
8928308ee27ffff,0.0,0.9055
8928308ee2bffff,0.0,0.3859
8928308ee2fffff,0.0,0.2986
8928308ee33ffff,0.0,1.0
8928308ee37ffff,0.0,1.0
8928308ee3bffff,0.0,1.0
8928308ee43ffff,1.3274,0.9603
8928308ee47ffff,0.0,0.1366
8928308ee4bffff,8.0721,1.0
8928308ee4fffff,3.4213,1.0
8928308ee53ffff,0.0,0.165
8928308ee5bffff,6.0729,1.0
8928308ee63ffff,1.0953,1.0
8928308ee67ffff,0.0,0.9404
8928308ee6bffff,15.364,1.0
8928308ee6fffff,12.7777,1.0
8928308ee73ffff,0.0,0.3888
8928308ee77ffff,0.0,1.0
8928308ee7bffff,0.3595,0.8624
8928308eeabffff,0.0,0.8721
8928308eeafffff,0.0,0.5092
8928308eecbffff,0.0,0.1363
8928308eed3ffff,0.0,0.0547
8928308eedbffff,0.0,0.4494
8928308f003ffff,10.0,1.0
8928308f007ffff,10.0,1.0
8928308f00bffff,10.0,1.0
8928308f00fffff,10.0,1.0
8928308f013ffff,10.0,1.0
8928308f017ffff,11.0248,1.0
8928308f01bffff,10.0,1.0
8928308f023ffff,10.0,1.0
8928308f027ffff,10.0,1.0
8928308f02bffff,10.0,1.0
8928308f02fffff,10.0,1.0
8928308f033ffff,10.0,1.0
8928308f037ffff,10.0,1.0
8928308f03bffff,11.1061,1.0
8928308f043ffff,10.0097,1.0
8928308f047ffff,11.0051,1.0
8928308f04bffff,14.9823,1.0
8928308f04fffff,16.743,1.0
8928308f053ffff,10.8182,1.0
8928308f057ffff,10.844,1.0
8928308f05bffff,14.8389,1.0
8928308f063ffff,17.7683,1.0
8928308f067ffff,12.7883,1.0
8928308f06bffff,18.284,1.0
8928308f06fffff,16.4931,1.0
8928308f073ffff,10.0,1.0
8928308f077ffff,10.0,1.0
8928308f07bffff,13.1383,1.0
8928308f083ffff,49.6012,1.0
8928308f087ffff,7.4287,1.0
8928308f08bffff,14.5741,1.0
8928308f08fffff,9.9415,1.0
8928308f0a3ffff,5.7818,1.0
8928308f0a7ffff,4.7902,1.0
8928308f0abffff,10.0,1.0
8928308f0afffff,9.6151,1.0
8928308f0b3ffff,4.1496,1.0
8928308f0b7ffff,2.873,1.0
8928308f0bbffff,10.2512,1.0
8928308f0c3ffff,10.0,1.0
8928308f0c7ffff,10.0,1.0
8928308f0cbffff,10.0,1.0
8928308f0cfffff,10.0,1.0
8928308f0d7ffff,11.7804,1.0
8928308f0dbffff,10.0,1.0
8928308f103ffff,9.0429,1.0
8928308f107ffff,9.5334,1.0
8928308f10bffff,10.1229,1.0
8928308f10fffff,12.2833,1.0
8928308f113ffff,3.3685,1.0
8928308f117ffff,0.5405,1.0
8928308f11bffff,7.2136,1.0
8928308f123ffff,6.5402,1.0
8928308f127ffff,7.8893,1.0
8928308f12bffff,5.0301,1.0
8928308f12fffff,4.9116,1.0
8928308f133ffff,22.424,1.0
8928308f137ffff,3.8553,1.0
8928308f13bffff,13.1415,1.0
8928308f143ffff,9.1018,1.0
8928308f147ffff,9.0121,1.0
8928308f14bffff,10.0,1.0
8928308f14fffff,9.1571,1.0
8928308f153ffff,9.8245,1.0
8928308f157ffff,5.0,1.0
8928308f15bffff,10.0,1.0
8928308f163ffff,5.0,1.0
8928308f167ffff,5.0,1.0
8928308f16bffff,6.2787,1.0
8928308f16fffff,5.0,1.0
8928308f173ffff,9.5161,1.0
8928308f177ffff,5.0,1.0
8928308f17bffff,4.998,1.0
8928308f183ffff,0.0,1.0
8928308f187ffff,0.0,1.0
8928308f18bffff,0.2574,1.0
8928308f18fffff,0.134,1.0
8928308f193ffff,0.0,0.9063
8928308f197ffff,0.0,1.0
8928308f19bffff,0.0,1.0
8928308f1a3ffff,6.0256,1.0
8928308f1a7ffff,7.0387,1.0
8928308f1abffff,8.2159,1.0
8928308f1afffff,2.985,1.0
8928308f1b3ffff,0.8452,1.0
8928308f1b7ffff,3.9377,1.0
8928308f1bbffff,1.9197,1.0
8928308f1c3ffff,2.7722,1.0
8928308f1c7ffff,2.2141,1.0
8928308f1cbffff,6.6782,1.0
8928308f1cfffff,5.6586,1.0
8928308f1d3ffff,1.9067,1.0
8928308f1d7ffff,0.8004,1.0
8928308f1dbffff,4.7738,1.0
8928308f203ffff,57.038,1.0
8928308f207ffff,31.8665,1.0
8928308f20bffff,29.677,1.0
8928308f20fffff,43.7026,1.0
8928308f213ffff,32.4236,1.0
8928308f217ffff,16.4991,1.0
8928308f21bffff,52.4857,1.0
8928308f223ffff,45.0933,1.0
8928308f227ffff,42.4609,1.0
8928308f22bffff,49.6268,1.0
8928308f22fffff,48.598,1.0
8928308f233ffff,15.4769,1.0
8928308f237ffff,32.2798,1.0
8928308f23bffff,56.1134,1.0
8928308f243ffff,10.6563,1.0
8928308f247ffff,9.8315,1.0
8928308f24bffff,7.6705,1.0
8928308f24fffff,6.2439,1.0
8928308f25bffff,11.5062,1.0
8928308f263ffff,6.2239,1.0
8928308f267ffff,17.9733,1.0
8928308f26bffff,35.0937,1.0
8928308f26fffff,29.0788,1.0
8928308f273ffff,18.2497,1.0
8928308f277ffff,24.8041,1.0
8928308f27bffff,4.9851,1.0
8928308f283ffff,29.3143,1.0
8928308f287ffff,17.4411,1.0
8928308f28bffff,20.191,1.0
8928308f28fffff,31.9074,1.0
8928308f293ffff,39.5039,1.0
8928308f297ffff,26.3369,1.0
8928308f29bffff,13.355,1.0
8928308f2a3ffff,15.1472,1.0
8928308f2a7ffff,19.284,1.0
8928308f2abffff,19.7894,1.0
8928308f2afffff,22.298,1.0
8928308f2b3ffff,21.0185,1.0
8928308f2b7ffff,22.3991,1.0
8928308f2bbffff,32.9293,1.0
8928308f2c3ffff,58.1531,1.0
8928308f2c7ffff,52.0002,1.0
8928308f2cfffff,33.2601,1.0
8928308f2d3ffff,24.213,1.0
8928308f2d7ffff,21.5355,1.0
8928308f303ffff,20.9844,1.0
8928308f307ffff,22.8939,1.0
8928308f30bffff,17.8443,1.0
8928308f30fffff,12.1315,1.0
8928308f313ffff,27.7496,1.0
8928308f317ffff,30.3265,1.0
8928308f31bffff,28.7862,1.0
8928308f323ffff,10.5279,1.0
8928308f327ffff,10.0,1.0
8928308f32bffff,13.8424,1.0
8928308f32fffff,11.6531,1.0
8928308f333ffff,11.4707,1.0
8928308f337ffff,26.084,1.0
8928308f33bffff,14.111,1.0
8928308f343ffff,27.3994,1.0
8928308f347ffff,40.2223,1.0
8928308f34bffff,67.4063,1.0
8928308f34fffff,61.6851,1.0
8928308f353ffff,20.2647,1.0
8928308f357ffff,13.2884,1.0
8928308f35bffff,59.2434,1.0
8928308f363ffff,36.0587,1.0
8928308f367ffff,25.4243,1.0
8928308f36bffff,43.4981,1.0
8928308f36fffff,69.3353,1.0
8928308f373ffff,18.1437,1.0
8928308f377ffff,11.0096,1.0
8928308f37bffff,60.8088,1.0
8928308f383ffff,10.0,1.0
8928308f387ffff,10.0,1.0
8928308f38bffff,22.5994,1.0
8928308f38fffff,10.0,1.0
8928308f393ffff,10.0,1.0
8928308f397ffff,10.0,1.0
8928308f39bffff,10.0,1.0
8928308f3a3ffff,10.0,1.0
8928308f3a7ffff,11.3262,1.0
8928308f3abffff,10.0,1.0
8928308f3afffff,11.5808,1.0
8928308f3b3ffff,10.0,1.0
8928308f3b7ffff,9.5655,1.0
8928308f3bbffff,10.0,1.0
8928308f3c3ffff,27.0517,1.0
8928308f3c7ffff,57.6354,1.0
8928308f3cbffff,21.1965,1.0
8928308f3cfffff,20.0373,1.0
8928308f3d3ffff,48.3449,1.0
8928308f3d7ffff,26.5909,1.0
8928308f3dbffff,21.0224,1.0
8928308f503ffff,0.2308,0.9998
8928308f507ffff,0.0,0.1338
8928308f50bffff,0.0146,1.0
8928308f50fffff,0.0,0.575
8928308f52fffff,0.0,0.238
8928308f543ffff,0.0,0.6432
8928308f547ffff,0.7733,0.9834
8928308f54bffff,0.9112,1.0
8928308f54fffff,0.4075,1.0
8928308f563ffff,1.7043,1.0
8928308f567ffff,0.0122,0.8235
8928308f56bffff,1.7531,1.0
8928308f56fffff,0.6271,1.0
8928308f573ffff,2.912,1.0
8928308f577ffff,0.0762,0.7733
8928308f57bffff,2.4957,1.0
8928308f60fffff,20.0991,1.0
8928308f623ffff,28.0343,1.0
8928308f627ffff,21.6433,1.0
8928308f62bffff,17.9653,1.0
8928308f62fffff,34.092,1.0
8928308f633ffff,19.8227,1.0
8928308f637ffff,11.7769,1.0
8928308f63bffff,47.6412,1.0
8928308f663ffff,22.8788,1.0
8928308f667ffff,13.0129,1.0
8928308f66bffff,21.0492,1.0
8928308f66fffff,10.0976,1.0
8928308f677ffff,32.0544,1.0
8928308f67bffff,19.2421,1.0
8928308f6afffff,10.0,1.0
