h3,canopy_pct,row_canopy_pct,row_m2,canopy_m2,assessed_m2,coverage_frac,flat_frac
8928301b493ffff,0.0,0.0,0.0,0.0,178660.8,1.0,1.0
8928301b49bffff,0.0,0.0,0.0,0.0,178672.32,1.0,1.0
8928301b4d3ffff,0.0,0.0,0.0,0.0,178683.84,1.0,1.0
892830c5027ffff,0.7203820525644956,0.0,0.0,790.0,178505.28,1.0,0.9751
892830c502fffff,0.0,0.0,0.0,0.0,178548.48,1.0,0.9906
892830c5037ffff,0.345331170979272,0.0,0.0,379.0,178472.16,1.0,0.9885
892830c50a7ffff,0.0,0.0,0.0,0.0,178452.0,1.0,1.0
892830c50afffff,0.0,0.0,0.0,0.0,178459.2,1.0,1.0
892830c5103ffff,0.0,0.0,0.0,0.0,178521.12,1.0,0.9994
892830c5107ffff,0.0,0.0,0.0,0.0,178524.0,1.0,1.0
892830c510bffff,0.0,0.0,0.0,0.0,178529.76,1.0,0.9974
892830c510fffff,0.0,0.0,0.0,0.0,178532.64,1.0,1.0
892830c5113ffff,0.0,0.0,0.0,0.0,178464.96,1.0,0.9995
892830c5117ffff,0.0,0.0,0.0,0.0,178476.48,1.0,0.9999
892830c511bffff,0.0,0.0,0.0,0.0,178505.28,1.0,1.0
892830c5123ffff,0.0,0.0,0.0,0.0,178518.24,1.0,1.0
892830c5127ffff,1.1300665456745311,0.0,0.0,1238.0,178524.0,1.0,0.9531
892830c512bffff,0.7122001580874643,0.0,0.0,780.0,178534.08,1.0,0.9571
892830c512fffff,0.0,0.0,0.0,0.0,178536.96,1.0,0.9993
892830c5133ffff,0.0,0.0,0.0,0.0,178525.44,1.0,0.9999
892830c5137ffff,0.24684984108033106,0.0,0.0,270.0,178505.28,1.0,0.9949
892830c513bffff,0.0,0.0,0.0,0.0,178528.32,1.0,0.9997
892830c5143ffff,0.0,0.0,0.0,0.0,178548.48,1.0,0.9999
892830c5147ffff,0.0,0.0,0.0,0.0,178547.04,1.0,0.9925
892830c514bffff,0.0,0.0,0.0,0.0,178558.56,1.0,0.9969
892830c514fffff,0.07661661048115231,0.0,0.0,84.0,178551.36,1.0,0.9476
892830c5153ffff,0.0,0.0,0.0,0.0,178522.56,1.0,0.9984
892830c5157ffff,0.0,0.0,0.0,0.0,178531.2,1.0,0.9997
892830c515bffff,0.226633007766818,0.0,0.0,248.0,178544.16,1.0,0.9715
892830c5163ffff,0.0,0.0,0.0,0.0,178541.28,1.0,0.9865
892830c5167ffff,1.3928093294836847,0.0,0.0,1526.0,178551.36,1.0,0.9035
892830c516bffff,0.9612670661193682,0.0,0.0,1053.0,178564.32,1.0,0.2234
892830c516fffff,0.0,0.0,0.0,0.0,178558.56,1.0,0.4423
892830c5173ffff,0.0,0.0,0.0,0.0,178544.16,1.0,0.998
892830c5177ffff,0.1524427129963462,0.0,0.0,167.0,178532.64,1.0,0.9961
892830c517bffff,1.5259541245927024,0.0,0.0,1672.0,178542.72,1.0,0.8935
892830c518bffff,0.0,0.0,0.0,0.0,178443.36,1.0,1.0
892830c51abffff,0.0,0.0,0.0,0.0,178499.52,1.0,1.0
892830c51c3ffff,0.0,0.0,0.0,0.0,178453.44,1.0,1.0
892830c51c7ffff,0.0,0.0,0.0,0.0,178450.56,1.0,0.998
892830c51cbffff,0.0,0.0,0.0,0.0,178470.72,1.0,1.0
892830c51cfffff,0.0,0.0,0.0,0.0,178488.0,1.0,1.0
892830c51d3ffff,0.0,0.0,0.0,0.0,178449.12,1.0,1.0
892830c51d7ffff,0.0,0.0,0.0,0.0,178453.44,1.0,0.9999
892830c51dbffff,0.0,0.0,0.0,0.0,178462.08,1.0,1.0
892830c5203ffff,1.9550302727368005,0.0,0.0,2143.0,178616.16,1.0,0.9463
892830c5207ffff,0.0,0.0,0.0,0.0,178611.84,1.0,0.9947
892830c520bffff,8.577532347132088,0.0,0.0,9404.0,178624.8,1.0,0.8098
892830c520fffff,0.2902219391662568,0.0,0.0,318.0,178621.92,1.0,0.9792
892830c5217ffff,0.0,0.0,0.0,0.0,178604.64,1.0,0.9919
892830c5223ffff,1.581735071468305,0.0,0.0,1734.0,178619.04,1.0,0.9437
892830c5227ffff,0.12738237285949242,0.0,0.0,140.0,178611.84,1.0,0.9893
892830c522bffff,15.1657086655434,0.0,0.0,16624.0,178621.92,1.0,0.6779
892830c522fffff,10.822685315812809,0.0,0.0,11863.0,178624.8,1.0,0.4101
892830c5233ffff,0.0,0.0,0.0,0.0,178607.52,1.0,1.0
892830c5237ffff,1.0997162022703817,0.0,0.0,1205.0,178606.08,1.0,0.9581
892830c523bffff,0.0,0.0,0.0,0.0,178617.6,1.0,0.9997
892830c5243ffff,8.348783594241217,0.0,0.0,9154.0,178637.76,1.0,0.1128
892830c5247ffff,2.3731409455483456,0.0,0.0,2602.0,178639.2,1.0,0.7288
892830c524bffff,6.661185536264126,0.0,0.0,7303.0,178649.28,1.0,0.1635
892830c524fffff,5.898095230418275,0.0,0.0,6466.0,178642.08,1.0,0.2237
892830c5253ffff,10.908856391983619,0.0,0.0,11961.0,178626.24,1.0,0.1236
892830c5257ffff,2.3563649261973287,0.0,0.0,2584.0,178627.68,1.0,0.5487
892830c525bffff,14.255658734764944,0.0,0.0,15631.0,178640.64,1.0,0.0369
892830c5263ffff,4.909879409299026,0.0,0.0,5382.0,178640.64,1.0,0.8537
892830c5267ffff,5.306517270565475,0.0,0.0,5817.0,178639.2,1.0,0.849
892830c526bffff,4.680610970056019,0.0,0.0,5131.0,178653.6,1.0,0.5342
892830c526fffff,9.317190736814954,0.0,0.0,10214.0,178647.84,1.0,0.5563
892830c5273ffff,4.478766968690549,0.0,0.0,4910.0,178634.88,1.0,0.8274
892830c5277ffff,4.458721956646164,0.0,0.0,4888.0,178630.56,1.0,0.8243
892830c527bffff,4.244051073708648,0.0,0.0,4653.0,178640.64,1.0,0.7303
892830c52a3ffff,0.03628476281860038,0.0,0.0,40.0,178587.36,1.0,0.9775
892830c52abffff,0.0,0.0,0.0,0.0,178597.44,1.0,0.993
892830c52afffff,0.0,0.0,0.0,0.0,178603.2,1.0,0.9986
892830c52bbffff,0.0,0.0,0.0,0.0,178597.44,1.0,0.9843
892830c52c3ffff,2.823296022708945,0.0,0.0,3096.0,178565.76,1.0,0.7565
892830c52cbffff,7.923186688272427,0.0,0.0,8688.0,178619.04,1.0,0.0784
892830c52cfffff,4.808932602386327,0.0,0.0,5273.0,178617.6,1.0,0.5917
892830c52d3ffff,2.4349130561022037,0.0,0.0,2670.0,178542.72,1.0,0.8759
892830c52dbffff,7.900191133656459,0.0,0.0,8663.0,178555.68,1.0,0.6452
892830c5303ffff,11.627400706303517,0.0,0.0,12743.0,178597.44,1.0,0.7224
892830c5307ffff,2.197173104988591,0.0,0.0,2408.0,178593.12,1.0,0.4147
892830c530bffff,4.699631543726972,0.0,0.0,5151.0,178604.64,1.0,0.4999
892830c530fffff,11.052703715946564,0.0,0.0,12113.0,178607.52,1.0,0.1441
892830c5317ffff,4.941218210259802,0.0,0.0,5415.0,178585.92,1.0,0.7195
892830c5323ffff,2.6550456348566454,0.0,0.0,2909.0,178600.32,1.0,0.396
892830c5327ffff,0.370883993936853,0.0,0.0,406.0,178600.32,1.0,0.9538
892830c532bffff,1.4471605017898028,0.0,0.0,1586.0,178611.84,1.0,0.5901
892830c532fffff,10.81172600619195,0.0,0.0,11847.0,178606.08,1.0,0.4306
892830c5333ffff,6.331083750594647,0.0,0.0,6938.0,178593.12,1.0,0.0549
892830c5337ffff,3.9404299237232108,0.0,0.0,4318.0,178591.68,1.0,0.2444
892830c533bffff,7.024220337343181,0.0,0.0,7697.0,178600.32,1.0,0.2726
892830c5343ffff,12.298960844223373,0.0,0.0,13480.0,178621.92,1.0,0.1454
892830c5347ffff,8.275489555872655,0.0,0.0,9070.0,178619.04,1.0,0.128
892830c534bffff,7.508947860574598,0.0,0.0,8230.0,178634.88,1.0,0.2306
892830c534fffff,6.242694419140824,0.0,0.0,6842.0,178630.56,1.0,0.0805
892830c5353ffff,0.7699439674285484,0.0,0.0,844.0,178610.4,1.0,0.8179
892830c5357ffff,7.160939742328716,0.0,0.0,7848.0,178608.96,1.0,0.2017
892830c535bffff,4.475133222079796,0.0,0.0,4905.0,178619.04,1.0,0.4075
892830c5363ffff,6.083325271677792,0.0,0.0,6667.0,178623.36,1.0,0.6325
892830c5367ffff,2.6676448299769433,0.0,0.0,2923.0,178620.48,1.0,0.5246
892830c536bffff,6.334440395962983,0.0,0.0,6942.0,178634.88,1.0,0.1522
892830c536fffff,10.896237061877278,0.0,0.0,11940.0,178634.88,1.0,0.058
892830c5373ffff,5.92332809287701,0.0,0.0,6491.0,178610.4,1.0,0.3879
892830c5377ffff,10.921653041809767,0.0,0.0,11969.0,178614.72,1.0,0.5097
892830c537bffff,3.1858121725110844,0.0,0.0,3491.0,178632.0,1.0,0.6031
892830c5387ffff,3.6991338849373396,0.0,0.0,4054.0,178562.88,1.0,0.8931
892830c538fffff,7.718296685131877,0.0,0.0,8459.0,178584.48,1.0,0.681
892830c5397ffff,0.3008064516129032,0.0,0.0,330.0,178560.0,1.0,0.9772
892830c53a3ffff,0.9104104507700992,0.0,0.0,998.0,178574.4,1.0,0.4484
892830c53a7ffff,2.4151862394864807,0.0,0.0,2647.0,178570.08,1.0,0.116
892830c53abffff,0.9063346664946459,0.0,0.0,993.0,178583.04,1.0,0.408
892830c53afffff,2.490767469238336,0.0,0.0,2729.0,178585.92,1.0,0.4377
892830c53b3ffff,0.06532047353311184,0.0,0.0,72.0,178565.76,1.0,0.6134
892830c53b7ffff,2.60723703841098,0.0,0.0,2857.0,178561.44,1.0,0.3452
892830c53bbffff,1.4457928476393984,0.0,0.0,1584.0,178581.6,1.0,0.1222
892830c53c3ffff,0.31607550334217593,0.0,0.0,346.0,178590.24,1.0,0.9592
892830c53c7ffff,0.12659350583378354,0.0,0.0,139.0,178587.36,1.0,0.9688
892830c53cbffff,0.0,0.0,0.0,0.0,178606.08,1.0,0.999
892830c53cfffff,1.9842133694539181,0.0,0.0,2175.0,178601.76,1.0,0.696
892830c53dbffff,0.0,0.0,0.0,0.0,178597.44,1.0,0.9825
892830c564bffff,1.3824698945806213,0.0,0.0,1516.0,178532.64,1.0,0.9048
892830c564fffff,1.3784926114731884,0.0,0.0,1512.0,178525.44,1.0,0.9268
892830c566bffff,1.278421693646607,0.0,0.0,1402.0,178532.64,1.0,0.9415
892830c567bffff,0.0,0.0,0.0,0.0,178526.88,1.0,0.9956
892830c5803ffff,0.39757743889162184,0.0,0.0,435.0,178561.44,1.0,0.9788
892830c5807ffff,0.9080425473577252,0.0,0.0,994.0,178564.32,1.0,0.9493
892830c580bffff,0.0,0.0,0.0,0.0,178575.84,1.0,0.9993
892830c580fffff,0.0,0.0,0.0,0.0,178581.6,1.0,0.9997
892830c5813ffff,0.06290677699547555,0.0,0.0,69.0,178549.92,1.0,0.9928
892830c5817ffff,0.6081086530473986,0.0,0.0,666.0,178547.04,1.0,0.9499
892830c581bffff,0.0,0.0,0.0,0.0,178560.0,1.0,0.9962
892830c5833ffff,0.05725760276126806,0.0,0.0,63.0,178561.44,1.0,0.997
892830c5843ffff,4.227782571182054,0.0,0.0,4631.0,178578.72,1.0,0.4261
892830c5847ffff,1.201399751656964,0.0,0.0,1316.0,178591.68,1.0,0.6212
892830c584bffff,2.8840959483975004,0.0,0.0,3159.0,178596.0,1.0,0.6295
892830c584fffff,1.6084558823529411,0.0,0.0,1762.0,178606.08,1.0,0.7795
892830c5853ffff,2.9683329435766757,0.0,0.0,3251.0,178572.96,1.0,0.3452
892830c5857ffff,1.8901701475687445,0.0,0.0,2070.0,178574.4,1.0,0.5039
892830c585bffff,6.30780271083123,0.0,0.0,6909.0,178590.24,1.0,0.2413
892830c5873ffff,3.4318705952553743,0.0,0.0,3758.0,178580.16,1.0,0.9438
892830c5883ffff,1.8284322423499428,0.0,0.0,2003.0,178539.84,1.0,0.9032
892830c5887ffff,2.677239031709029,0.0,0.0,2932.0,178518.24,1.0,0.8866
892830c588bffff,0.012903954255482164,0.0,0.0,14.0,178549.92,1.0,0.9979
892830c588fffff,0.01532443440738799,0.0,0.0,17.0,178538.4,1.0,0.9974
892830c5893ffff,2.504436199386998,0.0,0.0,2743.0,178531.2,1.0,0.891
892830c5897ffff,1.712428211911983,0.0,0.0,1876.0,178525.44,1.0,0.9445
892830c589bffff,0.002419608507343512,0.0,0.0,3.0,178541.28,1.0,0.9607
892830c58a3ffff,0.6420027906151452,0.0,0.0,703.0,178541.28,1.0,0.9834
892830c58a7ffff,0.0,0.0,0.0,0.0,178534.08,1.0,0.995
892830c58abffff,0.0693570760347108,0.0,0.0,76.0,178554.24,1.0,0.9967
892830c58afffff,0.0,0.0,0.0,0.0,178547.04,1.0,0.9977
892830c58b3ffff,0.0,0.0,0.0,0.0,178526.88,1.0,0.9322
892830c58b7ffff,0.0,0.0,0.0,0.0,178535.52,1.0,0.9994
892830c58bbffff,0.6331155738365998,0.0,0.0,693.0,178545.6,1.0,0.9783
892830c58c3ffff,2.469315011048209,0.0,0.0,2705.0,178562.88,1.0,0.601
892830c58c7ffff,1.424977016499734,0.0,0.0,1561.0,178562.88,1.0,0.7689
892830c58cbffff,0.11369959116529986,0.0,0.0,125.0,178575.84,1.0,0.9718
892830c58cfffff,2.279691632797884,0.0,0.0,2497.0,178571.52,1.0,0.4825
892830c58d3ffff,0.34275852057357614,0.0,0.0,375.0,178551.36,1.0,0.7781
892830c58d7ffff,0.5008266462357353,0.0,0.0,549.0,178552.8,1.0,0.9578
892830c58dbffff,1.0894985564748956,0.0,0.0,1193.0,178562.88,1.0,0.9417
892830c5a03ffff,0.0,0.0,0.0,0.0,178633.44,1.0,0.999
892830c5a07ffff,0.0,0.0,0.0,0.0,178642.08,1.0,0.9999
892830c5a0bffff,0.22649235084551772,0.0,0.0,248.0,178655.04,1.0,0.9365
892830c5a0fffff,0.0,0.0,0.0,0.0,178643.52,1.0,0.9986
892830c5a13ffff,0.9649412732065555,0.0,0.0,1057.0,178630.56,1.0,0.7868
892830c5a17ffff,0.6328297567031584,0.0,0.0,693.0,178626.24,1.0,0.8569
892830c5a1bffff,0.7415706789401988,0.0,0.0,812.0,178647.84,1.0,0.7231
892830c5a2bffff,0.0,0.0,0.0,0.0,178655.04,1.0,1.0
892830c5a3bffff,0.0,0.0,0.0,0.0,178649.28,1.0,0.9971
892830c5a43ffff,0.0,0.0,0.0,0.0,178668.0,1.0,1.0
892830c5a47ffff,0.0,0.0,0.0,0.0,178660.8,1.0,0.9985
892830c5a4bffff,0.0,0.0,0.0,0.0,178670.88,1.0,1.0
892830c5a4fffff,0.0,0.0,0.0,0.0,178670.88,1.0,0.991
892830c5a53ffff,0.0,0.0,0.0,0.0,178653.6,1.0,0.9996
892830c5a57ffff,0.0,0.0,0.0,0.0,178646.4,1.0,0.9995
892830c5a5bffff,0.0,0.0,0.0,0.0,178666.56,1.0,0.998
892830c5a63ffff,0.0,0.0,0.0,0.0,178668.0,1.0,1.0
892830c5a67ffff,0.0,0.0,0.0,0.0,178659.36,1.0,1.0
892830c5a6bffff,0.0,0.0,0.0,0.0,178675.2,1.0,1.0
892830c5a6fffff,0.0,0.0,0.0,0.0,178683.84,1.0,1.0
892830c5a73ffff,0.018537473906490534,0.0,0.0,20.0,178665.12,1.0,0.9776
892830c5a77ffff,0.0,0.0,0.0,0.0,178655.04,1.0,1.0
892830c5a7bffff,0.0,0.0,0.0,0.0,178666.56,1.0,0.9989
892830c5a83ffff,7.0124237122794,0.0,0.0,7681.0,178613.28,1.0,0.2107
892830c5a87ffff,9.080428262762425,0.0,0.0,9946.0,178611.84,1.0,0.2229
892830c5a8bffff,12.15959110623821,0.0,0.0,13319.0,178620.48,1.0,0.0103
892830c5a8fffff,8.957449896002966,0.0,0.0,9811.0,178620.48,1.0,0.041
892830c5a93ffff,11.05906067325136,0.0,0.0,12114.0,178596.0,1.0,0.6128
892830c5a97ffff,4.317538640156737,0.0,0.0,4729.0,178601.76,1.0,0.3258
892830c5a9bffff,6.438401444730202,0.0,0.0,7053.0,178613.28,1.0,0.3039
892830c5aa3ffff,4.875040309577556,0.0,0.0,5339.0,178617.6,1.0,0.4285
892830c5aa7ffff,0.5772750360796898,0.0,0.0,632.0,178604.64,1.0,0.9463
892830c5aabffff,0.7739314103287596,0.0,0.0,848.0,178620.48,1.0,0.936
892830c5ab3ffff,9.020252837977297,0.0,0.0,9879.0,178606.08,1.0,0.1219
892830c5ab7ffff,0.8586839962266282,0.0,0.0,940.0,178598.88,1.0,0.7878
892830c5abbffff,8.548117930650843,0.0,0.0,9362.0,178616.16,1.0,0.0675
892830c5ac3ffff,0.7335751713018944,0.0,0.0,804.0,178632.0,1.0,0.9318
892830c5ac7ffff,2.7537061369920437,0.0,0.0,3016.0,178633.44,1.0,0.621
892830c5acbffff,0.0,0.0,0.0,0.0,178647.84,1.0,0.9978
892830c5acfffff,0.5707100019346102,0.0,0.0,625.0,178640.64,1.0,0.9389
892830c5ad3ffff,3.595527357448627,0.0,0.0,3939.0,178621.92,1.0,0.3818
892830c5ad7ffff,8.375051391811168,0.0,0.0,9174.0,178627.68,1.0,0.3049
892830c5adbffff,0.46510878064115685,0.0,0.0,510.0,178642.08,1.0,0.9244
892830c5c23ffff,2.908955970378019,0.0,0.0,3186.0,178505.28,1.0,0.8794
892830c5c27ffff,0.37752286917380573,0.0,0.0,413.0,178511.04,1.0,0.8791
892830c5c2bffff,0.11938757401222916,0.0,0.0,131.0,178511.04,1.0,0.956
892830c5c2fffff,0.0008066467693796887,0.0,0.0,1.0,178516.8,1.0,0.9715
892830c5c33ffff,0.7833677552601007,0.0,0.0,858.0,178490.88,1.0,0.9798
892830c5c37ffff,2.3193339679568887,0.0,0.0,2540.0,178499.52,1.0,0.9199
892830c5c3bffff,0.1613332580444796,0.0,0.0,177.0,178512.48,1.0,0.9967
892830c5c43ffff,0.0,0.0,0.0,0.0,178526.88,1.0,0.9971
892830c5c47ffff,0.0,0.0,0.0,0.0,178522.56,1.0,1.0
892830c5c4bffff,0.0,0.0,0.0,0.0,178534.08,1.0,0.9979
892830c5c4fffff,0.0,0.0,0.0,0.0,178532.64,1.0,0.9831
892830c5c53ffff,0.0,0.0,0.0,0.0,178524.0,1.0,0.9863
892830c5c57ffff,0.0,0.0,0.0,0.0,178516.8,1.0,0.9977
892830c5c5bffff,0.0,0.0,0.0,0.0,178538.4,1.0,0.9995
892830c5c63ffff,0.6202763415794865,0.0,0.0,679.0,178526.88,1.0,0.8032
892830c5c67ffff,0.5339786247227264,0.0,0.0,585.0,178524.0,1.0,0.9597
892830c5c6bffff,0.004032713370864453,0.0,0.0,4.0,178539.84,1.0,0.8969
892830c5c6fffff,0.36375367988063073,0.0,0.0,398.0,178538.4,1.0,0.9106
892830c5c73ffff,0.0,0.0,0.0,0.0,178528.32,1.0,1.0
892830c5c77ffff,0.0,0.0,0.0,0.0,178521.12,1.0,1.0
892830c5c7bffff,0.0,0.0,0.0,0.0,178541.28,1.0,0.9992
892830c5ccbffff,0.271055179090029,0.0,0.0,297.0,178502.4,1.0,0.9718
892830c5d43ffff,0.0,0.0,0.0,0.0,178508.16,1.0,0.9985
892830c5d47ffff,0.0,0.0,0.0,0.0,178515.36,1.0,0.9985
892830c5d4bffff,0.0,0.0,0.0,0.0,178512.48,1.0,0.9714
892830c5d4fffff,0.0,0.0,0.0,0.0,178525.44,1.0,0.9891
892830c5d53ffff,0.630052114425854,0.0,0.0,690.0,178499.52,1.0,0.7299
892830c5d57ffff,0.9115917359772182,0.0,0.0,998.0,178500.96,1.0,0.9238
892830c5d5bffff,0.0,0.0,0.0,0.0,178511.04,1.0,0.998
892830c5d7bffff,0.0,0.0,0.0,0.0,178512.48,1.0,0.9976
892830c5dcbffff,0.010487846199769267,0.0,0.0,11.0,178492.32,1.0,0.9775
892830c5dcfffff,8.991383761456047,0.0,0.0,9848.0,178490.88,1.0,0.704
892830c5e03ffff,0.37496673682173354,0.0,0.0,411.0,178575.84,1.0,0.3404
892830c5e07ffff,0.35965131563031716,0.0,0.0,394.0,178572.96,1.0,0.4046
892830c5e0bffff,4.302566542223369,0.0,0.0,4714.0,178587.36,1.0,0.5863
892830c5e0fffff,2.903493706812446,0.0,0.0,3181.0,178593.12,1.0,0.7026
892830c5e13ffff,2.605435045560842,0.0,0.0,2855.0,178574.4,1.0,0.6983
892830c5e17ffff,0.2790120071930263,0.0,0.0,306.0,178572.96,1.0,0.767
892830c5e1bffff,0.00887003781861579,0.0,0.0,10.0,178578.72,1.0,0.6607
892830c5e23ffff,4.376784015223597,0.0,0.0,4794.0,178585.92,1.0,0.3466
892830c5e27ffff,2.881886208231196,0.0,0.0,3157.0,178583.04,1.0,0.4903
892830c5e2bffff,6.47718109982261,0.0,0.0,7095.0,178588.8,1.0,0.1863
892830c5e2fffff,4.668564194773466,0.0,0.0,5114.0,178590.24,1.0,0.4877
892830c5e33ffff,0.0008063800791865238,0.0,0.0,1.0,178575.84,1.0,0.8246
892830c5e37ffff,1.2087344977179997,0.0,0.0,1324.0,178580.16,1.0,0.717
892830c5e3bffff,6.227171204876593,0.0,0.0,6822.0,178590.24,1.0,0.5459
892830c5e43ffff,7.783412478937057,0.0,0.0,8528.0,178607.52,1.0,0.1829
892830c5e47ffff,11.098210902288981,0.0,0.0,12159.0,178601.76,1.0,0.1776
892830c5e4bffff,9.157456002450802,0.0,0.0,10033.0,178619.04,1.0,0.2693
892830c5e4fffff,7.215530724455409,0.0,0.0,7905.0,178614.72,1.0,0.1903
892830c5e53ffff,0.4676476516831284,0.0,0.0,512.0,178596.0,1.0,0.952
892830c5e57ffff,0.049991533691874764,0.0,0.0,55.0,178590.24,1.0,0.9526
892830c5e5bffff,5.586326440117709,0.0,0.0,6121.0,178610.4,1.0,0.3917
892830c5e63ffff,8.10287833588648,0.0,0.0,8877.0,178603.2,1.0,0.1872
892830c5e67ffff,8.271925439798764,0.0,0.0,9061.0,178608.96,1.0,0.3518
892830c5e6bffff,6.650274105127378,0.0,0.0,7285.0,178617.6,1.0,0.12
892830c5e6fffff,4.44039566924373,0.0,0.0,4864.0,178621.92,1.0,0.0774
892830c5e73ffff,9.22944197634386,0.0,0.0,10111.0,178598.88,1.0,0.372
892830c5e77ffff,17.775681493844182,0.0,0.0,19473.0,178601.76,1.0,0.3035
892830c5e7bffff,8.076076528020769,0.0,0.0,8848.0,178607.52,1.0,0.3184
892830c5e83ffff,0.4451828314273271,0.0,0.0,488.0,178551.36,1.0,0.4946
892830c5e87ffff,0.011291324230375275,0.0,0.0,12.0,178544.16,1.0,0.2562
892830c5e8bffff,2.0072418770816363,0.0,0.0,2199.0,178561.44,1.0,0.1114
892830c5e8fffff,0.47419354838709676,0.0,0.0,520.0,178560.0,1.0,0.2238
892830c5e93ffff,2.404206756942036,0.0,0.0,2634.0,178547.04,1.0,0.8217
892830c5e97ffff,0.0,0.0,0.0,0.0,178542.72,1.0,0.6607
892830c5e9bffff,0.44759508371237783,0.0,0.0,490.0,178554.24,1.0,0.2218
892830c5ea3ffff,0.05887096774193549,0.0,0.0,64.0,178560.0,1.0,0.3016
892830c5ea7ffff,0.0,0.0,0.0,0.0,178547.04,1.0,0.9027
892830c5eabffff,0.12338510669182756,0.0,0.0,135.0,178562.88,1.0,0.7804
892830c5eafffff,0.0,0.0,0.0,0.0,178560.0,1.0,0.9824
892830c5eb3ffff,0.0,0.0,0.0,0.0,178554.24,1.0,0.6872
892830c5eb7ffff,0.0,0.0,0.0,0.0,178551.36,1.0,0.5913
892830c5ebbffff,0.0,0.0,0.0,0.0,178565.76,1.0,0.1147
892830c5ec3ffff,0.35076967737253356,0.0,0.0,384.0,178578.72,1.0,0.3816
892830c5ec7ffff,0.07337999548430797,0.0,0.0,80.0,178577.28,1.0,0.7308
892830c5ecbffff,1.5303859830190047,0.0,0.0,1677.0,178590.24,1.0,0.3442
892830c5ecfffff,0.09917835170417436,0.0,0.0,109.0,178587.36,1.0,0.6704
892830c5ed3ffff,1.8757308173057536,0.0,0.0,2055.0,178567.2,1.0,0.0788
892830c5ed7ffff,0.15725679631615874,0.0,0.0,172.0,178561.44,1.0,0.2709
892830c5edbffff,3.7528323643488988,0.0,0.0,4112.0,178578.72,1.0,0.3442
892830cc437ffff,0.0,0.0,0.0,0.0,178833.6,1.0,0.9819
892830cc487ffff,0.5919208839351867,0.0,0.0,649.0,178807.68,1.0,0.9553
892830cc493ffff,2.1704115325763067,0.0,0.0,2380.0,178804.8,1.0,0.8086
892830cc497ffff,1.345735684948055,0.0,0.0,1476.0,178804.8,1.0,0.9142
892830cc4a3ffff,0.0,0.0,0.0,0.0,178822.08,1.0,0.9993
892830cc4a7ffff,0.0,0.0,0.0,0.0,178816.32,1.0,0.993
892830cc4afffff,0.0,0.0,0.0,0.0,178820.64,1.0,0.998
892830cc4b3ffff,0.7070780282348015,0.0,0.0,775.0,178809.12,1.0,0.8905
892830cc4b7ffff,5.6261576870419585,0.0,0.0,6169.0,178804.8,1.0,0.8634
892830cc4bbffff,0.0,0.0,0.0,0.0,178813.44,1.0,0.957
892830cc503ffff,0.0,0.0,0.0,0.0,178826.4,1.0,1.0
892830cc507ffff,0.0,0.0,0.0,0.0,178824.96,1.0,1.0
892830cc50bffff,0.0,0.0,0.0,0.0,178829.28,1.0,1.0
892830cc50fffff,0.0,0.0,0.0,0.0,178827.84,1.0,1.0
892830cc513ffff,0.0,0.0,0.0,0.0,178810.56,1.0,1.0
892830cc517ffff,0.0,0.0,0.0,0.0,178810.56,1.0,1.0
892830cc51bffff,0.0,0.0,0.0,0.0,178829.28,1.0,1.0
892830cc533ffff,0.0,0.0,0.0,0.0,178817.76,1.0,1.0
892830cc53bffff,0.0,0.0,0.0,0.0,178824.96,1.0,1.0
892830cc583ffff,0.0,0.0,0.0,0.0,178794.72,1.0,1.0
892830cc587ffff,0.0,0.0,0.0,0.0,178791.84,1.0,0.9999
892830cc58bffff,0.0,0.0,0.0,0.0,178809.12,1.0,0.9999
892830cc58fffff,0.0,0.0,0.0,0.0,178806.24,1.0,0.9948
892830cc593ffff,0.0,0.0,0.0,0.0,178784.64,1.0,0.9952
892830cc597ffff,0.0,0.0,0.0,0.0,178787.52,1.0,1.0
892830cc59bffff,0.0,0.0,0.0,0.0,178796.16,1.0,1.0
892830cc5a3ffff,0.0,0.0,0.0,0.0,178799.04,1.0,1.0
892830cc5a7ffff,0.0,0.0,0.0,0.0,178793.28,1.0,1.0
892830cc5abffff,0.0,0.0,0.0,0.0,178813.44,1.0,1.0
892830cc5afffff,0.0,0.0,0.0,0.0,178804.8,1.0,1.0
892830cc5b3ffff,0.0,0.0,0.0,0.0,178793.28,1.0,1.0
892830cc5b7ffff,0.0,0.0,0.0,0.0,178788.96,1.0,0.996
892830cc5bbffff,0.0,0.0,0.0,0.0,178800.48,1.0,1.0
892830cc5c3ffff,0.0,0.0,0.0,0.0,178819.2,1.0,0.9565
892830cc5c7ffff,0.0,0.0,0.0,0.0,178812.0,1.0,1.0
892830cc5cbffff,0.0,0.0,0.0,0.0,178824.96,1.0,0.9974
892830cc5cfffff,0.0,0.0,0.0,0.0,178829.28,1.0,0.9991
892830cc5d3ffff,0.0,0.0,0.0,0.0,178809.12,1.0,0.997
892830cc5d7ffff,0.0,0.0,0.0,0.0,178814.88,1.0,1.0
892830cc5dbffff,0.0,0.0,0.0,0.0,178823.52,1.0,1.0
892830ce003ffff,20.682041612274173,0.0,0.0,22684.0,178701.12,1.0,0.3117
892830ce007ffff,9.881547139403708,0.0,0.0,10837.0,178704.0,1.0,0.1172
892830ce00bffff,12.731550491906308,0.0,0.0,13964.0,178716.96,1.0,0.1257
892830ce00fffff,10.456384058788455,0.0,0.0,11468.0,178712.64,1.0,0.3222
892830ce013ffff,7.40176643135738,0.0,0.0,8118.0,178692.48,1.0,0.1242
892830ce017ffff,6.0984552406585175,0.0,0.0,6689.0,178699.68,1.0,0.2107
892830ce01bffff,17.207870691183345,0.0,0.0,18874.0,178712.64,1.0,0.2864
892830ce023ffff,5.691908529805167,0.0,0.0,6242.0,178712.64,1.0,0.3011
892830ce027ffff,6.82836422240129,0.0,0.0,7488.0,178704.0,1.0,0.519
892830ce02bffff,2.3213652625132952,0.0,0.0,2546.0,178715.52,1.0,0.4539
892830ce02fffff,3.1513637645542083,0.0,0.0,3456.0,178711.2,1.0,0.2791
892830ce033ffff,12.899274778404513,0.0,0.0,14146.0,178704.0,1.0,0.1672
892830ce037ffff,18.702757586990508,0.0,0.0,20510.0,178695.36,1.0,0.0677
892830ce03bffff,4.9579385031908725,0.0,0.0,5437.0,178709.76,1.0,0.1803
892830ce043ffff,1.2592753728276895,0.0,0.0,1381.0,178731.36,1.0,0.867
892830ce047ffff,8.368716614162445,0.0,0.0,9179.0,178728.48,1.0,0.4173
892830ce04bffff,0.7831004978972301,0.0,0.0,859.0,178735.68,1.0,0.8076
892830ce04fffff,0.5711983887210473,0.0,0.0,627.0,178740.0,1.0,0.754
892830ce057ffff,10.086938305226772,0.0,0.0,11064.0,178719.84,1.0,0.4491
892830ce05bffff,3.791644845506184,0.0,0.0,4159.0,178725.6,1.0,0.3549
892830ce063ffff,6.632184463672838,0.0,0.0,7274.0,178735.68,1.0,0.3939
892830ce067ffff,4.379738472570236,0.0,0.0,4803.0,178728.48,1.0,0.4677
892830ce06bffff,3.953177365300335,0.0,0.0,4336.0,178744.32,1.0,0.3611
892830ce06fffff,3.5149767172067095,0.0,0.0,3855.0,178741.44,1.0,0.7612
892830ce073ffff,4.831003504814084,0.0,0.0,5298.0,178725.6,1.0,0.3534
892830ce077ffff,1.6097973653466542,0.0,0.0,1765.0,178725.6,1.0,0.5813
892830ce07bffff,1.4026748308088945,0.0,0.0,1538.0,178732.8,1.0,0.3294
892830ce083ffff,3.2351921852457823,0.0,0.0,3549.0,178665.12,1.0,0.2563
892830ce087ffff,4.888860233079192,0.0,0.0,5362.0,178672.32,1.0,0.106
892830ce08bffff,7.177970472567854,0.0,0.0,7873.0,178686.72,1.0,0.2862
892830ce08fffff,6.920783302441776,0.0,0.0,7591.0,178689.6,1.0,0.141
892830ce093ffff,2.619400819117031,0.0,0.0,2873.0,178611.84,1.0,0.0782
892830ce097ffff,6.8536553903705375,0.0,0.0,7517.0,178611.84,1.0,0.0531
892830ce09bffff,1.1019394779692715,0.0,0.0,1209.0,178637.76,1.0,0.1431
892830ce0a3ffff,3.508107411108604,0.0,0.0,3847.0,178680.96,1.0,0.2897
892830ce0a7ffff,8.6153399795295,0.0,0.0,9448.0,178676.64,1.0,0.1189
892830ce0abffff,7.016681440889677,0.0,0.0,7695.0,178689.6,1.0,0.3017
892830ce0afffff,3.655470311391915,0.0,0.0,4009.0,178686.72,1.0,0.1725
892830ce0b3ffff,4.998307570799955,0.0,0.0,5482.0,178678.08,1.0,0.1294
892830ce0b7ffff,5.991585666618309,0.0,0.0,6571.0,178666.56,1.0,0.1742
892830ce0bbffff,10.162470584442797,0.0,0.0,11146.0,178680.96,1.0,0.0665
892830ce0c3ffff,3.8292625929716273,0.0,0.0,4200.0,178699.68,1.0,0.1816
892830ce0c7ffff,6.92206034038164,0.0,0.0,7593.0,178698.24,1.0,0.0892
892830ce0cfffff,6.484182366118193,0.0,0.0,7112.0,178706.88,1.0,0.4873
892830ce0d3ffff,1.8231790374710848,0.0,0.0,2000.0,178659.36,1.0,0.8949
892830ce0d7ffff,1.1274347836598515,0.0,0.0,1237.0,178685.28,1.0,0.5258
892830ce0dbffff,3.823621844202519,0.0,0.0,4194.0,178699.68,1.0,0.638
892830ce103ffff,9.681604628861077,0.0,0.0,10615.0,178691.04,1.0,0.2037
892830ce107ffff,11.656861955032639,0.0,0.0,12780.0,178689.6,1.0,0.1965
892830ce10bffff,7.309663486333161,0.0,0.0,8014.0,178698.24,1.0,0.3767
892830ce10fffff,5.0855789066529145,0.0,0.0,5576.0,178698.24,1.0,0.3277
892830ce113ffff,11.470732827749615,0.0,0.0,12577.0,178676.64,1.0,0.2306
892830ce117ffff,12.086362244322304,0.0,0.0,13251.0,178678.08,1.0,0.1011
892830ce11bffff,4.746554919816262,0.0,0.0,5204.0,178689.6,1.0,0.193
892830ce123ffff,11.651126995511358,0.0,0.0,12773.0,178691.04,1.0,0.1739
892830ce127ffff,5.326650173660077,0.0,0.0,5839.0,178693.92,1.0,0.1107
892830ce12bffff,10.88825676688397,0.0,0.0,11936.0,178699.68,1.0,0.0661
892830ce12fffff,6.7018533440773576,0.0,0.0,7347.0,178704.0,1.0,0.0737
892830ce133ffff,9.54499298873362,0.0,0.0,10464.0,178683.84,1.0,0.1054
892830ce137ffff,5.070075192817595,0.0,0.0,5558.0,178676.64,1.0,0.4062
892830ce13bffff,4.282341185098033,0.0,0.0,4695.0,178691.04,1.0,0.2878
892830ce143ffff,10.514653151011661,0.0,0.0,11529.0,178708.32,1.0,0.0118
892830ce147ffff,8.768975408515164,0.0,0.0,9615.0,178715.52,1.0,0.1131
892830ce14bffff,12.80425411916368,0.0,0.0,14040.0,178725.6,1.0,0.135
892830ce14fffff,7.772943356699702,0.0,0.0,8523.0,178718.4,1.0,0.1334
892830ce153ffff,1.6784445178601646,0.0,0.0,1840.0,178708.32,1.0,0.3238
892830ce157ffff,1.7397821041774109,0.0,0.0,1908.0,178698.24,1.0,0.4397
892830ce15bffff,7.147000999129791,0.0,0.0,7837.0,178715.52,1.0,0.1984
892830ce163ffff,10.983981693363845,0.0,0.0,12042.0,178715.52,1.0,0.244
892830ce167ffff,17.373577851548653,0.0,0.0,19046.0,178715.52,1.0,0.4679
892830ce16bffff,4.003512842824454,0.0,0.0,4389.0,178727.04,1.0,0.2195
892830ce16fffff,6.285401206964621,0.0,0.0,6891.0,178722.72,1.0,0.1005
892830ce173ffff,8.565995471649464,0.0,0.0,9392.0,178714.08,1.0,0.2407
892830ce177ffff,10.691291770412809,0.0,0.0,11721.0,178705.44,1.0,0.4608
892830ce17bffff,3.8788484316205913,0.0,0.0,4253.0,178716.96,1.0,0.1753
892830ce183ffff,7.893803597910891,0.0,0.0,8655.0,178663.68,1.0,0.1335
892830ce187ffff,10.389463842409,0.0,0.0,11391.0,178657.92,1.0,0.148
892830ce18bffff,1.779568809187991,0.0,0.0,1951.0,178668.0,1.0,0.217
892830ce18fffff,9.698894226119476,0.0,0.0,10634.0,178669.44,1.0,0.1695
892830ce193ffff,4.915852596962956,0.0,0.0,5390.0,178657.92,1.0,0.1204
892830ce197ffff,10.867602727580481,0.0,0.0,11916.0,178655.04,1.0,0.0565
892830ce19bffff,6.170560879482241,0.0,0.0,6766.0,178665.12,1.0,0.2003
892830ce1a3ffff,5.824702800725367,0.0,0.0,6386.0,178668.0,1.0,0.1865
892830ce1a7ffff,5.383208001869897,0.0,0.0,5901.0,178662.24,1.0,0.1382
892830ce1abffff,8.201160541586074,0.0,0.0,8991.0,178675.2,1.0,0.1891
892830ce1afffff,10.328014184397164,0.0,0.0,11322.0,178675.2,1.0,0.1263
892830ce1b3ffff,6.574026309001805,0.0,0.0,7208.0,178652.16,1.0,0.2094
892830ce1b7ffff,5.817065110505699,0.0,0.0,6377.0,178655.04,1.0,0.1692
892830ce1bbffff,13.246020552085433,0.0,0.0,14523.0,178668.0,1.0,0.1733
892830ce1c3ffff,14.801711702273405,0.0,0.0,16231.0,178685.28,1.0,0.1897
892830ce1c7ffff,21.19497767677256,0.0,0.0,23240.0,178683.84,1.0,0.1666
892830ce1cbffff,12.097281093364707,0.0,0.0,13265.0,178695.36,1.0,0.2456
892830ce1cfffff,6.699705870502437,0.0,0.0,7346.0,178696.8,1.0,0.0896
892830ce1d3ffff,11.64552473364388,0.0,0.0,12770.0,178678.08,1.0,0.055
892830ce1d7ffff,5.008986355247145,0.0,0.0,5493.0,178670.88,1.0,0.3734
892830ce1dbffff,7.430837047005827,0.0,0.0,8149.0,178691.04,1.0,0.1165
892830ce203ffff,1.1695529601288763,0.0,0.0,1283.0,178776.0,1.0,0.8479
892830ce207ffff,0.016914749661705007,0.0,0.0,19.0,178778.88,1.0,0.5145
892830ce20fffff,0.0,0.0,0.0,0.0,178784.64,1.0,0.9647
892830ce213ffff,1.2211821945836219,0.0,0.0,1340.0,178764.48,1.0,0.7077
892830ce217ffff,2.316608536654128,0.0,0.0,2541.0,178771.68,1.0,0.378
892830ce223ffff,0.00483270776616138,0.0,0.0,5.0,178781.76,1.0,0.7586
892830ce227ffff,1.420850416025646,0.0,0.0,1558.0,178777.44,1.0,0.0495
892830ce22bffff,0.2102058567700783,0.0,0.0,231.0,178796.16,1.0,0.928
892830ce22fffff,0.010470023517283593,0.0,0.0,11.0,178796.16,1.0,0.6507
892830ce233ffff,0.0,0.0,0.0,0.0,178773.12,1.0,0.8126
892830ce237ffff,1.172793762283726,0.0,0.0,1286.0,178773.12,1.0,0.318
892830ce23bffff,1.5665396789600432,0.0,0.0,1718.0,178788.96,1.0,0.5354
892830ce263ffff,0.0,0.0,0.0,0.0,178814.88,1.0,0.9875
892830ce267ffff,0.0644257251920692,0.0,0.0,71.0,178810.56,1.0,0.9839
892830ce26fffff,0.0,0.0,0.0,0.0,178817.76,1.0,0.9819
892830ce273ffff,0.43249250990625304,0.0,0.0,474.0,178796.16,1.0,0.8822
892830ce277ffff,0.7135493847045937,0.0,0.0,783.0,178801.92,1.0,0.888
892830ce283ffff,2.0397312581565084,0.0,0.0,2237.0,178752.96,1.0,0.3868
892830ce287ffff,0.23845775833595154,0.0,0.0,262.0,178748.64,1.0,0.8078
892830ce28fffff,2.8773269535938395,0.0,0.0,3156.0,178765.92,1.0,0.6919
892830ce293ffff,1.8771702263077756,0.0,0.0,2059.0,178737.12,1.0,0.5225
892830ce297ffff,3.069511134027263,0.0,0.0,3367.0,178738.56,1.0,0.4293
892830ce29bffff,1.254259406945552,0.0,0.0,1376.0,178757.28,1.0,0.4088
892830ce2a3ffff,0.33430806286602704,0.0,0.0,367.0,178757.28,1.0,0.9655
892830ce2a7ffff,0.40037378961444886,0.0,0.0,439.0,178752.96,1.0,0.5348
892830ce2abffff,0.791016883619023,0.0,0.0,868.0,178767.36,1.0,0.6544
892830ce2afffff,0.033832224388200605,0.0,0.0,37.0,178764.48,1.0,0.8933
892830ce2b3ffff,3.2070182222437045,0.0,0.0,3518.0,178752.96,1.0,0.733
892830ce2b7ffff,2.704509933454715,0.0,0.0,2966.0,178741.44,1.0,0.6867
892830ce2bbffff,0.10874906354973053,0.0,0.0,119.0,178760.16,1.0,0.9905
892830ce303ffff,0.4929798699886421,0.0,0.0,541.0,178765.92,1.0,0.2421
892830ce307ffff,0.49542038231953406,0.0,0.0,543.0,178757.28,1.0,0.6329
892830ce30bffff,0.04832941328092277,0.0,0.0,53.0,178773.12,1.0,0.5932
892830ce30fffff,1.4595482810838676,0.0,0.0,1600.0,178773.12,1.0,0.829
892830ce313ffff,0.020944770251981697,0.0,0.0,23.0,178755.84,1.0,0.3385
892830ce317ffff,1.3315933202832355,0.0,0.0,1460.0,178757.28,1.0,0.2119
892830ce31bffff,0.2029900760407269,0.0,0.0,223.0,178767.36,1.0,0.4447
892830ce323ffff,0.0016110193725079544,0.0,0.0,2.0,178768.8,1.0,0.8246
892830ce327ffff,0.01933269965040035,0.0,0.0,21.0,178764.48,1.0,0.9617
892830ce32bffff,0.5146958139684739,0.0,0.0,564.0,178777.44,1.0,0.9035
892830ce32fffff,0.034635800530008296,0.0,0.0,38.0,178774.56,1.0,0.9189
892830ce333ffff,2.060576768164975,0.0,0.0,2259.0,178761.6,1.0,0.2796
892830ce337ffff,0.33108848359863374,0.0,0.0,363.0,178755.84,1.0,0.6572
892830ce33bffff,0.17398869073510223,0.0,0.0,191.0,178770.24,1.0,0.8483
892830ce343ffff,0.010470529486621884,0.0,0.0,11.0,178787.52,1.0,0.8387
892830ce347ffff,0.0,0.0,0.0,0.0,178787.52,1.0,0.9659
892830ce34bffff,0.0,0.0,0.0,0.0,178801.92,1.0,1.0
892830ce34fffff,1.0389150183622191,0.0,0.0,1139.0,178801.92,1.0,0.8903
892830ce353ffff,1.8131292790978655,0.0,0.0,1988.0,178776.0,1.0,0.0866
892830ce357ffff,0.030608135320177206,0.0,0.0,34.0,178776.0,1.0,0.4333
892830ce35bffff,0.1602770618556701,0.0,0.0,176.0,178790.4,1.0,0.5447
892830ce363ffff,0.0,0.0,0.0,0.0,178787.52,1.0,0.992
892830ce367ffff,0.0,0.0,0.0,0.0,178787.52,1.0,0.9999
892830ce36bffff,0.0,0.0,0.0,0.0,178799.04,1.0,1.0
892830ce36fffff,0.0,0.0,0.0,0.0,178803.36,1.0,1.0
892830ce373ffff,1.2685960065403172,0.0,0.0,1391.0,178780.32,1.0,0.9025
892830ce377ffff,0.05074384026161269,0.0,0.0,56.0,178780.32,1.0,0.9586
892830ce37bffff,0.2375985631327572,0.0,0.0,261.0,178788.96,1.0,0.9149
892830ce383ffff,3.503782538288633,0.0,0.0,3842.0,178737.12,1.0,0.8518
892830ce387ffff,9.703278199850148,0.0,0.0,10640.0,178737.12,1.0,0.3324
892830ce38bffff,0.009667284298719084,0.0,0.0,11.0,178747.2,1.0,0.9797
892830ce38fffff,1.1399339402239588,0.0,0.0,1250.0,178747.2,1.0,0.5134
892830ce393ffff,6.995069128879436,0.0,0.0,7671.0,178727.04,1.0,0.3495
892830ce397ffff,9.326028280223985,0.0,0.0,10226.0,178725.6,1.0,0.1796
892830ce39bffff,3.8210556844547563,0.0,0.0,4190.0,178744.32,1.0,0.8999
892830ce3a3ffff,4.962013486622141,0.0,0.0,5440.0,178737.12,1.0,0.542
892830ce3a7ffff,6.638469284994965,0.0,0.0,7278.0,178740.0,1.0,0.1635
892830ce3abffff,0.0040280351244662855,0.0,0.0,4.0,178747.2,1.0,0.7737
892830ce3afffff,0.4648277639931686,0.0,0.0,510.0,178750.08,1.0,0.9155
892830ce3b3ffff,23.262353064397875,0.0,0.0,25506.0,178731.36,1.0,0.0726
892830ce3b7ffff,15.262649049307123,0.0,0.0,16734.0,178732.8,1.0,0.0848
892830ce3bbffff,5.600045116174148,0.0,0.0,6140.0,178738.56,1.0,0.2861
892830ce3c3ffff,2.7518649201669163,0.0,0.0,3018.0,178752.96,1.0,0.5309
892830ce3c7ffff,0.0,0.0,0.0,0.0,178765.92,1.0,0.4947
892830ce3cbffff,3.772171475520758,0.0,0.0,4137.0,178770.24,1.0,0.2096
892830ce3cfffff,0.9352042789019204,0.0,0.0,1026.0,178767.36,1.0,0.3893
892830ce3d3ffff,0.2819601872215643,0.0,0.0,309.0,178748.64,1.0,0.5898
892830ce3d7ffff,0.0,0.0,0.0,0.0,178752.96,1.0,0.9809
892830ce3dbffff,0.2166838510117283,0.0,0.0,238.0,178767.36,1.0,0.4188
892830ce407ffff,0.2370604504148558,0.0,0.0,260.0,178587.36,1.0,0.9865
892830ce40bffff,0.0008062630513831443,0.0,0.0,1.0,178601.76,1.0,0.6215
892830ce40fffff,0.0,0.0,0.0,0.0,178593.12,1.0,0.9997
892830ce423ffff,0.0008063215610385422,0.0,0.0,1.0,178588.8,1.0,0.9915
892830ce427ffff,3.2970222784850955,0.0,0.0,3616.0,178590.24,1.0,0.698
892830ce42bffff,0.5676091881737335,0.0,0.0,623.0,178601.76,1.0,0.667
892830ce42fffff,7.575647630796023,0.0,0.0,8310.0,178601.76,1.0,0.2847
892830ce433ffff,0.01935249768173205,0.0,0.0,21.0,178581.6,1.0,0.9922
892830ce43bffff,0.0,0.0,0.0,0.0,178594.56,1.0,0.9933
892830ce463ffff,0.18300990833380362,0.0,0.0,201.0,178613.28,1.0,0.6344
892830ce467ffff,0.24831500532103584,0.0,0.0,272.0,178611.84,1.0,0.0639
892830ce46bffff,0.0,0.0,0.0,0.0,178627.68,1.0,1.0
892830ce46fffff,0.26845312953468126,0.0,0.0,294.0,178623.36,1.0,0.6394
892830ce473ffff,0.05885625367851586,0.0,0.0,65.0,178604.64,1.0,0.679
892830ce477ffff,0.005643704850361197,0.0,0.0,6.0,178606.08,1.0,0.9489
892830ce47bffff,0.8448819341991761,0.0,0.0,927.0,178619.04,1.0,0.4477
892830ce503ffff,10.536417005354494,0.0,0.0,11555.0,178571.52,1.0,0.1325
892830ce507ffff,16.945680923811366,0.0,0.0,18584.0,178571.52,1.0,0.083
892830ce50bffff,10.222874467810605,0.0,0.0,11212.0,178583.04,1.0,0.0317
892830ce50fffff,14.64405795699185,0.0,0.0,16060.0,178593.12,1.0,0.0555
892830ce517ffff,2.621816480910982,0.0,0.0,2875.0,178557.12,1.0,0.7553
892830ce51bffff,6.577695347149423,0.0,0.0,7214.0,178574.4,1.0,0.4371
892830ce523ffff,16.74284746910445,0.0,0.0,18360.0,178627.68,1.0,0.125
892830ce527ffff,14.039500201531641,0.0,0.0,15394.0,178632.0,1.0,0.0477
892830ce52bffff,16.993132133875026,0.0,0.0,18634.0,178640.64,1.0,0.0845
892830ce52fffff,15.461441111747021,0.0,0.0,16954.0,178642.08,1.0,0.0376
892830ce533ffff,26.411031813233336,0.0,0.0,28962.0,178567.2,1.0,0.0835
892830ce537ffff,10.083532219570406,0.0,0.0,11057.0,178594.56,1.0,0.0513
892830ce53bffff,22.60480490164463,0.0,0.0,24789.0,178617.6,1.0,0.1453
892830ce543ffff,11.618531598213277,0.0,0.0,12743.0,178597.44,1.0,0.0975
892830ce547ffff,13.628997799043836,0.0,0.0,14947.0,178613.28,1.0,0.1478
892830ce54bffff,9.429764457413707,0.0,0.0,10343.0,178637.76,1.0,0.0784
892830ce54fffff,7.985943192442854,0.0,0.0,8759.0,178657.92,1.0,0.0961
892830ce553ffff,10.61853425684774,0.0,0.0,11647.0,178587.36,1.0,0.2287
892830ce557ffff,9.321958732129755,0.0,0.0,10224.0,178587.36,1.0,0.036
892830ce55bffff,8.921444524176188,0.0,0.0,9785.0,178598.88,1.0,0.0798
892830ce563ffff,9.32656268891307,0.0,0.0,10228.0,178653.6,1.0,0.2101
892830ce567ffff,13.512968903648058,0.0,0.0,14818.0,178655.04,1.0,0.1998
892830ce56bffff,7.6267771365937005,0.0,0.0,8364.0,178669.44,1.0,0.1269
892830ce56fffff,14.964577305296075,0.0,0.0,16410.0,178665.12,1.0,0.3344
892830ce573ffff,13.451989424131039,0.0,0.0,14752.0,178640.64,1.0,0.046
892830ce577ffff,30.439548924302144,0.0,0.0,33381.0,178644.96,1.0,0.2248
892830ce57bffff,6.7856308081662915,0.0,0.0,7442.0,178662.24,1.0,0.1237
892830ce587ffff,0.27583314514307833,0.0,0.0,303.0,178542.72,1.0,0.9245
892830ce58fffff,0.0,0.0,0.0,0.0,178552.8,1.0,0.8744
892830ce5a3ffff,0.026614620298083747,0.0,0.0,29.0,178548.48,1.0,0.9651
892830ce5a7ffff,0.0,0.0,0.0,0.0,178545.6,1.0,0.9543
892830ce5abffff,15.013709677419355,0.0,0.0,16465.0,178560.0,1.0,0.2306
892830ce5afffff,8.034065340290491,0.0,0.0,8810.0,178555.68,1.0,0.1774
892830ce5b3ffff,0.4799006323396567,0.0,0.0,526.0,178536.96,1.0,0.9338
892830ce5b7ffff,0.0,0.0,0.0,0.0,178538.4,1.0,0.9809
892830ce5bbffff,1.7670494870636815,0.0,0.0,1938.0,178548.48,1.0,0.7603
892830ce5cfffff,1.4136298757328216,0.0,0.0,1550.0,178570.08,1.0,0.8681
892830ce663ffff,0.7298329278705956,0.0,0.0,801.0,178758.72,1.0,0.5003
892830ce667ffff,1.7690987746815865,0.0,0.0,1941.0,178748.64,1.0,0.3861
892830ce66fffff,1.4193766664787053,0.0,0.0,1557.0,178760.16,1.0,0.2215
892830ce6a3ffff,0.0,0.0,0.0,0.0,178640.64,1.0,0.9985
892830ce6a7ffff,3.098675566088688,0.0,0.0,3399.0,178636.32,1.0,0.9468
892830ce6abffff,9.778762845053395,0.0,0.0,10728.0,178668.0,1.0,0.2482
892830ce6afffff,0.48353950920739813,0.0,0.0,530.0,178682.4,1.0,0.7094
892830ce6b7ffff,0.8609778709339353,0.0,0.0,945.0,178624.8,1.0,0.9367
892830ce803ffff,0.0,0.0,0.0,0.0,178725.6,1.0,1.0
892830ce813ffff,0.0,0.0,0.0,0.0,178727.04,1.0,1.0
892830ce817ffff,0.0,0.0,0.0,0.0,178722.72,1.0,0.9983
892830ce81bffff,0.0,0.0,0.0,0.0,178735.68,1.0,1.0
892830ce853ffff,0.0,0.0,0.0,0.0,178751.52,1.0,1.0
892830ce883ffff,0.0,0.0,0.0,0.0,178704.0,1.0,0.9969
892830ce887ffff,0.0,0.0,0.0,0.0,178698.24,1.0,0.9885
892830ce88bffff,0.0,0.0,0.0,0.0,178706.88,1.0,0.993
892830ce88fffff,0.0,0.0,0.0,0.0,178709.76,1.0,0.9917
892830ce893ffff,0.0,0.0,0.0,0.0,178699.68,1.0,0.9999
892830ce897ffff,0.0,0.0,0.0,0.0,178698.24,1.0,1.0
892830ce89bffff,0.0,0.0,0.0,0.0,178709.76,1.0,0.9984
892830ce8a3ffff,0.0,0.0,0.0,0.0,178708.32,1.0,0.9998
892830ce8a7ffff,0.0,0.0,0.0,0.0,178696.8,1.0,1.0
892830ce8abffff,0.0,0.0,0.0,0.0,178709.76,1.0,1.0
892830ce8afffff,0.0,0.0,0.0,0.0,178718.4,1.0,0.9998
892830ce8b3ffff,0.0,0.0,0.0,0.0,178696.8,1.0,0.9734
892830ce8b7ffff,0.0,0.0,0.0,0.0,178701.12,1.0,1.0
892830ce8bbffff,0.0,0.0,0.0,0.0,178716.96,1.0,0.9909
892830ce8c3ffff,0.0,0.0,0.0,0.0,178724.16,1.0,0.997
892830ce8c7ffff,0.0,0.0,0.0,0.0,178719.84,1.0,1.0
892830ce8cbffff,0.0,0.0,0.0,0.0,178732.8,1.0,0.9986
892830ce8cfffff,0.0,0.0,0.0,0.0,178737.12,1.0,0.9998
892830ce8d3ffff,0.0,0.0,0.0,0.0,178722.72,1.0,0.9999
892830ce8d7ffff,0.0,0.0,0.0,0.0,178724.16,1.0,0.9971
892830ce8dbffff,0.0,0.0,0.0,0.0,178728.48,1.0,0.9321
892830ce913ffff,0.0,0.0,0.0,0.0,178701.12,1.0,1.0
892830ce917ffff,0.0,0.0,0.0,0.0,178711.2,1.0,1.0
892830ce983ffff,0.0,0.0,0.0,0.0,178683.84,1.0,0.9816
892830ce987ffff,0.0,0.0,0.0,0.0,178686.72,1.0,0.9929
892830ce98bffff,0.0,0.0,0.0,0.0,178701.12,1.0,1.0
892830ce98fffff,0.0,0.0,0.0,0.0,178699.68,1.0,1.0
892830ce993ffff,0.0,0.0,0.0,0.0,178675.2,1.0,0.9956
892830ce997ffff,0.0,0.0,0.0,0.0,178682.4,1.0,0.9999
892830ce99bffff,0.0,0.0,0.0,0.0,178689.6,1.0,1.0
892830ce9a3ffff,0.0,0.0,0.0,0.0,178688.16,1.0,1.0
892830ce9a7ffff,0.0,0.0,0.0,0.0,178689.6,1.0,1.0
892830ce9abffff,0.0,0.0,0.0,0.0,178704.0,1.0,1.0
892830ce9b3ffff,0.0,0.0,0.0,0.0,178679.52,1.0,0.9951
892830ce9b7ffff,0.0,0.0,0.0,0.0,178682.4,1.0,1.0
892830ce9bbffff,0.0,0.0,0.0,0.0,178683.84,1.0,1.0
892830ce9c3ffff,0.0,0.0,0.0,0.0,178714.08,1.0,1.0
892830ce9c7ffff,0.0,0.0,0.0,0.0,178708.32,1.0,1.0
892830ce9d3ffff,0.0,0.0,0.0,0.0,178701.12,1.0,1.0
892830ce9d7ffff,0.0,0.0,0.0,0.0,178699.68,1.0,1.0
892830ce9dbffff,0.0,0.0,0.0,0.0,178718.4,1.0,1.0
892830cec03ffff,8.029691240117025,0.0,0.0,8801.0,178670.88,1.0,0.0837
892830cec07ffff,10.653319793026741,0.0,0.0,11676.0,178666.56,1.0,0.135
892830cec0bffff,3.0592919141528516,0.0,0.0,3353.0,178676.64,1.0,0.2804
892830cec0fffff,1.3732632732664969,0.0,0.0,1505.0,178680.96,1.0,0.4205
892830cec13ffff,4.336087044126536,0.0,0.0,4753.0,178668.0,1.0,0.2536
892830cec17ffff,11.407984138114466,0.0,0.0,12503.0,178662.24,1.0,0.0851
892830cec1bffff,5.629432624113475,0.0,0.0,6170.0,178675.2,1.0,0.0831
892830cec23ffff,3.3091820533692244,0.0,0.0,3626.0,178673.76,1.0,0.8193
892830cec27ffff,3.5153888929184496,0.0,0.0,3852.0,178679.52,1.0,0.8964
892830cec2bffff,1.8244969336524592,0.0,0.0,1999.0,178688.16,1.0,0.9506
892830cec2fffff,0.0,0.0,0.0,0.0,178679.52,1.0,1.0
892830cec33ffff,9.562841530054644,0.0,0.0,10480.0,178666.56,1.0,0.2488
892830cec37ffff,3.8596689179387162,0.0,0.0,4230.0,178672.32,1.0,0.2803
892830cec3bffff,1.412729880889061,0.0,0.0,1548.0,178683.84,1.0,0.8032
892830cec43ffff,1.8357347774232022,0.0,0.0,2012.0,178692.48,1.0,0.5651
892830cec47ffff,0.28526532092348605,0.0,0.0,313.0,178696.8,1.0,0.6831
892830cec4bffff,0.5157006679935215,0.0,0.0,565.0,178708.32,1.0,0.5847
892830cec4fffff,1.0443275127116254,0.0,0.0,1145.0,178702.56,1.0,0.8924
892830cec53ffff,5.228589618574065,0.0,0.0,5731.0,178685.28,1.0,0.0837
892830cec57ffff,2.921290364174101,0.0,0.0,3202.0,178688.16,1.0,0.7258
892830cec5bffff,1.8340935097587312,0.0,0.0,2010.0,178695.36,1.0,0.2347
892830cec63ffff,0.0,0.0,0.0,0.0,178698.24,1.0,0.991
892830cec67ffff,0.18131708732230925,0.0,0.0,199.0,178692.48,1.0,0.988
892830cec6bffff,0.4439931990878398,0.0,0.0,487.0,178705.44,1.0,0.9527
892830cec6fffff,0.0,0.0,0.0,0.0,178712.64,1.0,0.9955
892830cec73ffff,1.5125752459848663,0.0,0.0,1658.0,178693.92,1.0,0.4593
892830cec77ffff,1.9236038359255379,0.0,0.0,2108.0,178689.6,1.0,0.8188
892830cec7bffff,0.38758440637540087,0.0,0.0,425.0,178706.88,1.0,0.9523
892830cec83ffff,8.981138158955345,0.0,0.0,9844.0,178646.4,1.0,0.2949
892830cec87ffff,4.418936456628807,0.0,0.0,4843.0,178642.08,1.0,0.2287
892830cec8bffff,1.6523862876119393,0.0,0.0,1811.0,178650.72,1.0,0.6382
892830cec8fffff,3.5529189873213665,0.0,0.0,3894.0,178656.48,1.0,0.3245
892830cec93ffff,21.180927814275925,0.0,0.0,23217.0,178639.2,1.0,0.5607
892830cec97ffff,12.157804791539032,0.0,0.0,13326.0,178634.88,1.0,0.1826
892830cec9bffff,8.445039133974417,0.0,0.0,9257.0,178647.84,1.0,0.3012
892830ceca3ffff,9.401902305336128,0.0,0.0,10304.0,178646.4,1.0,0.0559
892830ceca7ffff,12.056651834655318,0.0,0.0,13213.0,178640.64,1.0,0.0738
892830cecabffff,7.452930556451093,0.0,0.0,8168.0,178663.68,1.0,0.1026
892830cecafffff,5.706640014185997,0.0,0.0,6254.0,178655.04,1.0,0.2081
892830cecb3ffff,0.8754111046624106,0.0,0.0,959.0,178640.64,1.0,0.5835
892830cecb7ffff,6.448154388114566,0.0,0.0,7067.0,178633.44,1.0,0.4253
892830cecbbffff,5.477994518781235,0.0,0.0,6004.0,178646.4,1.0,0.2948
892830cecc3ffff,2.451762657768751,0.0,0.0,2688.0,178666.56,1.0,0.6851
892830cecc7ffff,3.7412553596182985,0.0,0.0,4101.0,178669.44,1.0,0.3618
892830ceccbffff,5.580045936253375,0.0,0.0,6117.0,178682.4,1.0,0.3797
892830ceccfffff,2.2670674801137967,0.0,0.0,2485.0,178676.64,1.0,0.7603
892830cecd3ffff,2.927379705005239,0.0,0.0,3209.0,178660.8,1.0,0.6793
892830cecd7ffff,0.905976705759078,0.0,0.0,993.0,178653.6,1.0,0.6845
892830cecdbffff,9.599032843038485,0.0,0.0,10523.0,178668.0,1.0,0.0785
892830ced03ffff,0.6158111942223369,0.0,0.0,675.0,178652.16,1.0,0.8518
892830ced07ffff,1.1260044975698613,0.0,0.0,1234.0,178656.48,1.0,0.9348
892830ced0bffff,0.0,0.0,0.0,0.0,178669.44,1.0,0.9907
892830ced0fffff,0.0,0.0,0.0,0.0,178659.36,1.0,0.9945
892830ced13ffff,8.295785205903453,0.0,0.0,9090.0,178650.72,1.0,0.1221
892830ced17ffff,1.7910255273530382,0.0,0.0,1962.0,178650.72,1.0,0.588
892830ced1bffff,0.37560047715768774,0.0,0.0,412.0,178657.92,1.0,0.8766
892830ced23ffff,0.027403443162034948,0.0,0.0,30.0,178663.68,1.0,0.9957
892830ced27ffff,0.0,0.0,0.0,0.0,178655.04,1.0,1.0
892830ced2bffff,0.0,0.0,0.0,0.0,178666.56,1.0,0.9972
892830ced2fffff,0.0,0.0,0.0,0.0,178670.88,1.0,1.0
892830ced33ffff,0.22811542801870066,0.0,0.0,250.0,178646.4,1.0,0.9787
892830ced37ffff,0.0,0.0,0.0,0.0,178649.28,1.0,0.9969
892830ced3bffff,0.0,0.0,0.0,0.0,178663.68,1.0,0.9836
892830ced43ffff,0.0,0.0,0.0,0.0,178679.52,1.0,0.9785
892830ced47ffff,0.0,0.0,0.0,0.0,178680.96,1.0,0.9975
892830ced4bffff,0.0,0.0,0.0,0.0,178689.6,1.0,1.0
892830ced4fffff,0.0,0.0,0.0,0.0,178683.84,1.0,0.9913
892830ced53ffff,0.37073453795193345,0.0,0.0,406.0,178672.32,1.0,0.9477
892830ced57ffff,0.0,0.0,0.0,0.0,178666.56,1.0,0.9984
892830ced5bffff,0.0,0.0,0.0,0.0,178679.52,1.0,0.9996
892830ced63ffff,0.0,0.0,0.0,0.0,178685.28,1.0,0.9995
892830ced67ffff,0.0,0.0,0.0,0.0,178683.84,1.0,0.999
892830ced6bffff,0.0,0.0,0.0,0.0,178698.24,1.0,0.998
892830ced6fffff,0.0,0.0,0.0,0.0,178688.16,1.0,1.0
892830ced73ffff,0.0,0.0,0.0,0.0,178680.96,1.0,0.9982
892830ced77ffff,0.0,0.0,0.0,0.0,178670.88,1.0,0.9441
892830ced7bffff,0.0,0.0,0.0,0.0,178675.2,1.0,0.9987
892830ced83ffff,9.659970334064234,0.0,0.0,10585.0,178629.12,1.0,0.0506
892830ced87ffff,3.7132584124731944,0.0,0.0,4068.0,178620.48,1.0,0.3512
892830ced8bffff,5.757837123257857,0.0,0.0,6309.0,178642.08,1.0,0.2372
892830ced8fffff,8.968602635927612,0.0,0.0,9827.0,178639.2,1.0,0.4479
892830ced93ffff,9.791354262403457,0.0,0.0,10729.0,178614.72,1.0,0.2348
892830ced97ffff,9.133564984641678,0.0,0.0,10008.0,178613.28,1.0,0.1442
892830ced9bffff,7.618640720348889,0.0,0.0,8348.0,178633.44,1.0,0.0562
892830ceda3ffff,0.9858768903363105,0.0,0.0,1080.0,178634.88,1.0,0.6951
892830ceda7ffff,6.1176944780330516,0.0,0.0,6702.0,178632.0,1.0,0.1048
892830cedabffff,3.7580408531768423,0.0,0.0,4117.0,178637.76,1.0,0.8255
892830cedafffff,1.6460440933456932,0.0,0.0,1803.0,178639.2,1.0,0.8262
892830cedb3ffff,1.5768471119351848,0.0,0.0,1728.0,178624.8,1.0,0.6502
892830cedb7ffff,6.467970526112124,0.0,0.0,7086.0,178620.48,1.0,0.0404
892830cedbbffff,5.353529653604624,0.0,0.0,5865.0,178630.56,1.0,0.5526
892830cedc3ffff,7.946091035861391,0.0,0.0,8707.0,178647.84,1.0,0.1149
892830cedc7ffff,6.088989198774787,0.0,0.0,6672.0,178646.4,1.0,0.2022
892830cedcbffff,6.887241073587491,0.0,0.0,7547.0,178660.8,1.0,0.2659
892830cedcfffff,1.3428011832125673,0.0,0.0,1471.0,178659.36,1.0,0.655
892830cedd3ffff,14.159620174597162,0.0,0.0,15517.0,178642.08,1.0,0.1204
892830cedd7ffff,10.32726100274061,0.0,0.0,11316.0,178646.4,1.0,0.0753
892830ceddbffff,9.116336055068794,0.0,0.0,9990.0,178650.72,1.0,0.0905
892830cee03ffff,9.06622841997567,0.0,0.0,9937.0,178748.64,1.0,0.2135
892830cee07ffff,0.6815655060180784,0.0,0.0,747.0,178741.44,1.0,0.4247
892830cee0bffff,6.883468398073111,0.0,0.0,7545.0,178758.72,1.0,0.1498
892830cee0fffff,6.939275299273366,0.0,0.0,7606.0,178752.96,1.0,0.4423
892830cee13ffff,6.784454004930633,0.0,0.0,7437.0,178735.68,1.0,0.116
892830cee17ffff,1.9327291037260825,0.0,0.0,2118.0,178740.0,1.0,0.5416
892830cee1bffff,6.045226414030339,0.0,0.0,6626.0,178748.64,1.0,0.0948
892830cee23ffff,0.0,0.0,0.0,0.0,178751.52,1.0,1.0
892830cee27ffff,0.0,0.0,0.0,0.0,178747.2,1.0,1.0
892830cee2bffff,0.0,0.0,0.0,0.0,178765.92,1.0,0.9964
892830cee2fffff,0.0,0.0,0.0,0.0,178757.28,1.0,1.0
892830cee33ffff,0.18287426789871827,0.0,0.0,200.0,178745.76,1.0,0.6874
892830cee37ffff,0.0,0.0,0.0,0.0,178741.44,1.0,0.9939
892830cee3bffff,0.02819511016232328,0.0,0.0,31.0,178754.4,1.0,0.6655
892830cee43ffff,0.23762152931605277,0.0,0.0,260.0,178771.68,1.0,0.9688
892830cee47ffff,1.1252879673932306,0.0,0.0,1233.0,178770.24,1.0,0.9185
892830cee4bffff,0.0,0.0,0.0,0.0,178783.2,1.0,0.9983
892830cee4fffff,0.0,0.0,0.0,0.0,178781.76,1.0,1.0
892830cee53ffff,1.7850669802885428,0.0,0.0,1957.0,178763.04,1.0,0.7586
892830cee57ffff,5.290037780230226,0.0,0.0,5799.0,178760.16,1.0,0.4876
892830cee5bffff,0.5267821184051551,0.0,0.0,577.0,178776.0,1.0,0.9392
892830cee63ffff,0.0,0.0,0.0,0.0,178774.56,1.0,1.0
892830cee67ffff,0.0,0.0,0.0,0.0,178773.12,1.0,1.0
892830cee6bffff,0.0,0.0,0.0,0.0,178783.2,1.0,1.0
892830cee6fffff,0.0,0.0,0.0,0.0,178786.08,1.0,1.0
892830cee73ffff,0.6774391029771878,0.0,0.0,743.0,178767.36,1.0,0.7853
892830cee77ffff,0.0,0.0,0.0,0.0,178764.48,1.0,0.9698
892830cee7bffff,0.0,0.0,0.0,0.0,178777.44,1.0,1.0
892830cee83ffff,4.696602235096003,0.0,0.0,5148.0,178719.84,1.0,0.124
892830cee87ffff,1.882246770931535,0.0,0.0,2063.0,178714.08,1.0,0.2535
892830cee8bffff,4.233034426638952,0.0,0.0,4640.0,178731.36,1.0,0.0862
892830cee8fffff,2.6200873362445414,0.0,0.0,2872.0,178729.92,1.0,0.4793
892830cee93ffff,5.988380993819849,0.0,0.0,6565.0,178714.08,1.0,0.4103
892830cee97ffff,2.1723540550340434,0.0,0.0,2381.0,178711.2,1.0,0.2495
892830cee9bffff,11.341992039576517,0.0,0.0,12433.0,178724.16,1.0,0.1256
892830ceea3ffff,0.0,0.0,0.0,0.0,178722.72,1.0,0.9272
892830ceea7ffff,0.0,0.0,0.0,0.0,178719.84,1.0,0.9964
892830ceeabffff,0.8209598543380356,0.0,0.0,900.0,178737.12,1.0,0.6986
892830ceeafffff,0.010473819479692874,0.0,0.0,11.0,178731.36,1.0,0.9087
892830ceeb3ffff,1.0893825489295528,0.0,0.0,1194.0,178714.08,1.0,0.7451
892830ceeb7ffff,0.4528314049054049,0.0,0.0,496.0,178715.52,1.0,0.8701
892830ceebbffff,1.3012125851025258,0.0,0.0,1426.0,178725.6,1.0,0.7501
892830ceec3ffff,3.7356900593746722,0.0,0.0,4095.0,178742.88,1.0,0.0372
892830ceec7ffff,6.944556337914699,0.0,0.0,7613.0,178741.44,1.0,0.0724
892830ceecbffff,4.110847061666734,0.0,0.0,4507.0,178754.4,1.0,0.2947
892830ceecfffff,9.287544105563343,0.0,0.0,10181.0,178752.96,1.0,0.1438
892830ceed3ffff,3.801935208385366,0.0,0.0,4168.0,178734.24,1.0,0.1936
892830ceed7ffff,7.616016757976151,0.0,0.0,8349.0,178732.8,1.0,0.0969
892830ceedbffff,3.7428803905614325,0.0,0.0,4103.0,178745.76,1.0,0.5632
