h3,city,city_kind,city_geoid
8928301b493ffff,Bay Point,cdp,0604415
8928301b49bffff,Bay Point,cdp,0604415
8928301b4d3ffff,Bay Point,cdp,0604415
892830c5027ffff,Pittsburg,city,0657456
892830c502fffff,Pittsburg,city,0657456
892830c5037ffff,Pittsburg,city,0657456
892830c50a7ffff,Pittsburg,city,0657456
892830c50afffff,Pittsburg,city,0657456
892830c5103ffff,Pittsburg,city,0657456
892830c5107ffff,Pittsburg,city,0657456
892830c510bffff,Pittsburg,city,0657456
892830c510fffff,Pittsburg,city,0657456
892830c5113ffff,Pittsburg,city,0657456
892830c5117ffff,Pittsburg,city,0657456
892830c511bffff,Pittsburg,city,0657456
892830c5123ffff,Pittsburg,city,0657456
892830c5127ffff,Pittsburg,city,0657456
892830c512bffff,Pittsburg,city,0657456
892830c512fffff,Pittsburg,city,0657456
892830c5133ffff,Pittsburg,city,0657456
892830c5137ffff,Pittsburg,city,0657456
892830c513bffff,Pittsburg,city,0657456
892830c5143ffff,Pittsburg,city,0657456
892830c5147ffff,Pittsburg,city,0657456
892830c514bffff,Pittsburg,city,0657456
892830c514fffff,Pittsburg,city,0657456
892830c5153ffff,Pittsburg,city,0657456
892830c5157ffff,Pittsburg,city,0657456
892830c515bffff,Pittsburg,city,0657456
892830c5163ffff,Pittsburg,city,0657456
892830c5167ffff,Pittsburg,city,0657456
892830c516bffff,Pittsburg,city,0657456
892830c516fffff,Pittsburg,city,0657456
892830c5173ffff,Pittsburg,city,0657456
892830c5177ffff,Pittsburg,city,0657456
892830c517bffff,Pittsburg,city,0657456
892830c518bffff,Pittsburg,city,0657456
892830c51abffff,Pittsburg,city,0657456
892830c51c3ffff,Pittsburg,city,0657456
892830c51c7ffff,Pittsburg,city,0657456
892830c51cbffff,Pittsburg,city,0657456
892830c51cfffff,Pittsburg,city,0657456
892830c51d3ffff,Pittsburg,city,0657456
892830c51d7ffff,Pittsburg,city,0657456
892830c51dbffff,Pittsburg,city,0657456
892830c5203ffff,Pittsburg,city,0657456
892830c5207ffff,Pittsburg,city,0657456
892830c520bffff,Pittsburg,city,0657456
892830c520fffff,Pittsburg,city,0657456
892830c5217ffff,Pittsburg,city,0657456
892830c5223ffff,Pittsburg,city,0657456
892830c5227ffff,Pittsburg,city,0657456
892830c522bffff,Pittsburg,city,0657456
892830c522fffff,Pittsburg,city,0657456
892830c5233ffff,Pittsburg,city,0657456
892830c5237ffff,Pittsburg,city,0657456
892830c523bffff,Pittsburg,city,0657456
892830c5243ffff,Pittsburg,city,0657456
892830c5247ffff,Pittsburg,city,0657456
892830c524bffff,Pittsburg,city,0657456
892830c524fffff,Pittsburg,city,0657456
892830c5253ffff,Pittsburg,city,0657456
892830c5257ffff,Pittsburg,city,0657456
892830c525bffff,Pittsburg,city,0657456
892830c5263ffff,Pittsburg,city,0657456
892830c5267ffff,Pittsburg,city,0657456
892830c526bffff,Pittsburg,city,0657456
892830c526fffff,Pittsburg,city,0657456
892830c5273ffff,Pittsburg,city,0657456
892830c5277ffff,Pittsburg,city,0657456
892830c527bffff,Pittsburg,city,0657456
892830c52a3ffff,Pittsburg,city,0657456
892830c52abffff,Pittsburg,city,0657456
892830c52afffff,Pittsburg,city,0657456
892830c52bbffff,Pittsburg,city,0657456
892830c52c3ffff,Pittsburg,city,0657456
892830c52cbffff,Pittsburg,city,0657456
892830c52cfffff,Pittsburg,city,0657456
892830c52d3ffff,Pittsburg,city,0657456
892830c52dbffff,Pittsburg,city,0657456
892830c5303ffff,Pittsburg,city,0657456
892830c5307ffff,Pittsburg,city,0657456
892830c530bffff,Pittsburg,city,0657456
892830c530fffff,Pittsburg,city,0657456
892830c5317ffff,Pittsburg,city,0657456
892830c5323ffff,Pittsburg,city,0657456
892830c5327ffff,Pittsburg,city,0657456
892830c532bffff,Bay Point,cdp,0604415
892830c532fffff,Bay Point,cdp,0604415
892830c5333ffff,Pittsburg,city,0657456
892830c5337ffff,Pittsburg,city,0657456
892830c533bffff,Pittsburg,city,0657456
892830c5343ffff,Pittsburg,city,0657456
892830c5347ffff,Pittsburg,city,0657456
892830c534bffff,Pittsburg,city,0657456
892830c534fffff,Pittsburg,city,0657456
892830c5353ffff,Pittsburg,city,0657456
892830c5357ffff,Pittsburg,city,0657456
892830c535bffff,Pittsburg,city,0657456
892830c5363ffff,Bay Point,cdp,0604415
892830c5367ffff,Bay Point,cdp,0604415
892830c536bffff,Bay Point,cdp,0604415
892830c536fffff,Bay Point,cdp,0604415
892830c5373ffff,Pittsburg,city,0657456
892830c5377ffff,Pittsburg,city,0657456
892830c537bffff,Pittsburg,city,0657456
892830c5387ffff,Pittsburg,city,0657456
892830c538fffff,Pittsburg,city,0657456
892830c5397ffff,Pittsburg,city,0657456
892830c53a3ffff,Pittsburg,city,0657456
892830c53a7ffff,Pittsburg,city,0657456
892830c53abffff,Pittsburg,city,0657456
892830c53afffff,Pittsburg,city,0657456
892830c53b3ffff,Pittsburg,city,0657456
892830c53b7ffff,Pittsburg,city,0657456
892830c53bbffff,Pittsburg,city,0657456
892830c53c3ffff,Pittsburg,city,0657456
892830c53c7ffff,Pittsburg,city,0657456
892830c53cbffff,Pittsburg,city,0657456
892830c53cfffff,Pittsburg,city,0657456
892830c53dbffff,Pittsburg,city,0657456
892830c564bffff,Pittsburg,city,0657456
892830c564fffff,Pittsburg,city,0657456
892830c566bffff,Pittsburg,city,0657456
892830c567bffff,Pittsburg,city,0657456
892830c5803ffff,Bay Point,cdp,0604415
892830c5807ffff,Bay Point,cdp,0604415
892830c580bffff,Bay Point,cdp,0604415
892830c580fffff,Bay Point,cdp,0604415
892830c5813ffff,Bay Point,cdp,0604415
892830c5817ffff,Bay Point,cdp,0604415
892830c581bffff,Bay Point,cdp,0604415
892830c5833ffff,Bay Point,cdp,0604415
892830c5843ffff,Bay Point,cdp,0604415
892830c5847ffff,Bay Point,cdp,0604415
892830c584bffff,Bay Point,cdp,0604415
892830c584fffff,Bay Point,cdp,0604415
892830c5853ffff,Bay Point,cdp,0604415
892830c5857ffff,Bay Point,cdp,0604415
892830c585bffff,Bay Point,cdp,0604415
892830c5873ffff,Bay Point,cdp,0604415
892830c5883ffff,Bay Point,cdp,0604415
892830c5887ffff,Bay Point,cdp,0604415
892830c588bffff,Bay Point,cdp,0604415
892830c588fffff,Bay Point,cdp,0604415
892830c5893ffff,Bay Point,cdp,0604415
892830c5897ffff,Bay Point,cdp,0604415
892830c589bffff,Bay Point,cdp,0604415
892830c58a3ffff,Bay Point,cdp,0604415
892830c58a7ffff,Bay Point,cdp,0604415
892830c58abffff,Bay Point,cdp,0604415
892830c58afffff,Bay Point,cdp,0604415
892830c58b3ffff,Bay Point,cdp,0604415
892830c58b7ffff,Bay Point,cdp,0604415
892830c58bbffff,Bay Point,cdp,0604415
892830c58c3ffff,Bay Point,cdp,0604415
892830c58c7ffff,Bay Point,cdp,0604415
892830c58cbffff,Bay Point,cdp,0604415
892830c58cfffff,Bay Point,cdp,0604415
892830c58d3ffff,Bay Point,cdp,0604415
892830c58d7ffff,Bay Point,cdp,0604415
892830c58dbffff,Bay Point,cdp,0604415
892830c5a03ffff,Bay Point,cdp,0604415
892830c5a07ffff,Bay Point,cdp,0604415
892830c5a0bffff,Bay Point,cdp,0604415
892830c5a0fffff,Bay Point,cdp,0604415
892830c5a13ffff,Bay Point,cdp,0604415
892830c5a17ffff,Bay Point,cdp,0604415
892830c5a1bffff,Bay Point,cdp,0604415
892830c5a2bffff,Bay Point,cdp,0604415
892830c5a3bffff,Bay Point,cdp,0604415
892830c5a43ffff,Bay Point,cdp,0604415
892830c5a47ffff,Bay Point,cdp,0604415
892830c5a4bffff,Bay Point,cdp,0604415
892830c5a4fffff,Bay Point,cdp,0604415
892830c5a53ffff,Bay Point,cdp,0604415
892830c5a57ffff,Bay Point,cdp,0604415
892830c5a5bffff,Bay Point,cdp,0604415
892830c5a63ffff,Bay Point,cdp,0604415
892830c5a67ffff,Bay Point,cdp,0604415
892830c5a6bffff,Bay Point,cdp,0604415
892830c5a6fffff,Bay Point,cdp,0604415
892830c5a73ffff,Bay Point,cdp,0604415
892830c5a77ffff,Bay Point,cdp,0604415
892830c5a7bffff,Bay Point,cdp,0604415
892830c5a83ffff,Bay Point,cdp,0604415
892830c5a87ffff,Bay Point,cdp,0604415
892830c5a8bffff,Bay Point,cdp,0604415
892830c5a8fffff,Bay Point,cdp,0604415
892830c5a93ffff,Bay Point,cdp,0604415
892830c5a97ffff,Bay Point,cdp,0604415
892830c5a9bffff,Bay Point,cdp,0604415
892830c5aa3ffff,Bay Point,cdp,0604415
892830c5aa7ffff,Bay Point,cdp,0604415
892830c5aabffff,Bay Point,cdp,0604415
892830c5ab3ffff,Bay Point,cdp,0604415
892830c5ab7ffff,Bay Point,cdp,0604415
892830c5abbffff,Bay Point,cdp,0604415
892830c5ac3ffff,Bay Point,cdp,0604415
892830c5ac7ffff,Bay Point,cdp,0604415
892830c5acbffff,Bay Point,cdp,0604415
892830c5acfffff,Bay Point,cdp,0604415
892830c5ad3ffff,Bay Point,cdp,0604415
892830c5ad7ffff,Bay Point,cdp,0604415
892830c5adbffff,Bay Point,cdp,0604415
892830c5c23ffff,Bay Point,cdp,0604415
892830c5c27ffff,Bay Point,cdp,0604415
892830c5c2bffff,Bay Point,cdp,0604415
892830c5c2fffff,Bay Point,cdp,0604415
892830c5c33ffff,Bay Point,cdp,0604415
892830c5c37ffff,Bay Point,cdp,0604415
892830c5c3bffff,Bay Point,cdp,0604415
892830c5c43ffff,Pittsburg,city,0657456
892830c5c47ffff,Pittsburg,city,0657456
892830c5c4bffff,Pittsburg,city,0657456
892830c5c4fffff,Pittsburg,city,0657456
892830c5c53ffff,Pittsburg,city,0657456
892830c5c57ffff,Pittsburg,city,0657456
892830c5c5bffff,Pittsburg,city,0657456
892830c5c63ffff,Pittsburg,city,0657456
892830c5c67ffff,Bay Point,cdp,0604415
892830c5c6bffff,Pittsburg,city,0657456
892830c5c6fffff,Bay Point,cdp,0604415
892830c5c73ffff,Pittsburg,city,0657456
892830c5c77ffff,Bay Point,cdp,0604415
892830c5c7bffff,Pittsburg,city,0657456
892830c5ccbffff,Pittsburg,city,0657456
892830c5d43ffff,Bay Point,cdp,0604415
892830c5d47ffff,Bay Point,cdp,0604415
892830c5d4bffff,Bay Point,cdp,0604415
892830c5d4fffff,Bay Point,cdp,0604415
892830c5d53ffff,Bay Point,cdp,0604415
892830c5d57ffff,Bay Point,cdp,0604415
892830c5d5bffff,Bay Point,cdp,0604415
892830c5d7bffff,Bay Point,cdp,0604415
892830c5dcbffff,Bay Point,cdp,0604415
892830c5dcfffff,Bay Point,cdp,0604415
892830c5e03ffff,Pittsburg,city,0657456
892830c5e07ffff,Pittsburg,city,0657456
892830c5e0bffff,Bay Point,cdp,0604415
892830c5e0fffff,Bay Point,cdp,0604415
892830c5e13ffff,Pittsburg,city,0657456
892830c5e17ffff,Pittsburg,city,0657456
892830c5e1bffff,Pittsburg,city,0657456
892830c5e23ffff,Bay Point,cdp,0604415
892830c5e27ffff,Bay Point,cdp,0604415
892830c5e2bffff,Bay Point,cdp,0604415
892830c5e2fffff,Bay Point,cdp,0604415
892830c5e33ffff,Pittsburg,city,0657456
892830c5e37ffff,Bay Point,cdp,0604415
892830c5e3bffff,Bay Point,cdp,0604415
892830c5e43ffff,Bay Point,cdp,0604415
892830c5e47ffff,Bay Point,cdp,0604415
892830c5e4bffff,Bay Point,cdp,0604415
892830c5e4fffff,Bay Point,cdp,0604415
892830c5e53ffff,Pittsburg,city,0657456
892830c5e57ffff,Pittsburg,city,0657456
892830c5e5bffff,Bay Point,cdp,0604415
892830c5e63ffff,Bay Point,cdp,0604415
892830c5e67ffff,Bay Point,cdp,0604415
892830c5e6bffff,Bay Point,cdp,0604415
892830c5e6fffff,Bay Point,cdp,0604415
892830c5e73ffff,Bay Point,cdp,0604415
892830c5e77ffff,Bay Point,cdp,0604415
892830c5e7bffff,Bay Point,cdp,0604415
892830c5e83ffff,Pittsburg,city,0657456
892830c5e87ffff,Pittsburg,city,0657456
892830c5e8bffff,Pittsburg,city,0657456
892830c5e8fffff,Pittsburg,city,0657456
892830c5e93ffff,Pittsburg,city,0657456
892830c5e97ffff,Pittsburg,city,0657456
892830c5e9bffff,Pittsburg,city,0657456
892830c5ea3ffff,Pittsburg,city,0657456
892830c5ea7ffff,Pittsburg,city,0657456
892830c5eabffff,Pittsburg,city,0657456
892830c5eafffff,Pittsburg,city,0657456
892830c5eb3ffff,Pittsburg,city,0657456
892830c5eb7ffff,Pittsburg,city,0657456
892830c5ebbffff,Pittsburg,city,0657456
892830c5ec3ffff,Pittsburg,city,0657456
892830c5ec7ffff,Pittsburg,city,0657456
892830c5ecbffff,Pittsburg,city,0657456
892830c5ecfffff,Pittsburg,city,0657456
892830c5ed3ffff,Pittsburg,city,0657456
892830c5ed7ffff,Pittsburg,city,0657456
892830c5edbffff,Pittsburg,city,0657456
892830cc437ffff,Pittsburg,city,0657456
892830cc487ffff,Pittsburg,city,0657456
892830cc493ffff,Pittsburg,city,0657456
892830cc497ffff,Pittsburg,city,0657456
892830cc4a3ffff,Pittsburg,city,0657456
892830cc4a7ffff,Pittsburg,city,0657456
892830cc4afffff,Pittsburg,city,0657456
892830cc4b3ffff,Pittsburg,city,0657456
892830cc4b7ffff,Pittsburg,city,0657456
892830cc4bbffff,Pittsburg,city,0657456
892830cc503ffff,Pittsburg,city,0657456
892830cc507ffff,Pittsburg,city,0657456
892830cc50bffff,Pittsburg,city,0657456
892830cc50fffff,Pittsburg,city,0657456
892830cc513ffff,Pittsburg,city,0657456
892830cc517ffff,Pittsburg,city,0657456
892830cc51bffff,Pittsburg,city,0657456
892830cc533ffff,Pittsburg,city,0657456
892830cc53bffff,Pittsburg,city,0657456
892830cc583ffff,Pittsburg,city,0657456
892830cc587ffff,Pittsburg,city,0657456
892830cc58bffff,Pittsburg,city,0657456
892830cc58fffff,Pittsburg,city,0657456
892830cc593ffff,Pittsburg,city,0657456
892830cc597ffff,Pittsburg,city,0657456
892830cc59bffff,Pittsburg,city,0657456
892830cc5a3ffff,Pittsburg,city,0657456
892830cc5a7ffff,Pittsburg,city,0657456
892830cc5abffff,Pittsburg,city,0657456
892830cc5afffff,Pittsburg,city,0657456
892830cc5b3ffff,Pittsburg,city,0657456
892830cc5b7ffff,Pittsburg,city,0657456
892830cc5bbffff,Pittsburg,city,0657456
892830cc5c3ffff,Pittsburg,city,0657456
892830cc5c7ffff,Pittsburg,city,0657456
892830cc5cbffff,Pittsburg,city,0657456
892830cc5cfffff,Pittsburg,city,0657456
892830cc5d3ffff,Pittsburg,city,0657456
892830cc5d7ffff,Pittsburg,city,0657456
892830cc5dbffff,Pittsburg,city,0657456
892830ce003ffff,Pittsburg,city,0657456
892830ce007ffff,Pittsburg,city,0657456
892830ce00bffff,Pittsburg,city,0657456
892830ce00fffff,Pittsburg,city,0657456
892830ce013ffff,Pittsburg,city,0657456
892830ce017ffff,Pittsburg,city,0657456
892830ce01bffff,Pittsburg,city,0657456
892830ce023ffff,Pittsburg,city,0657456
892830ce027ffff,Pittsburg,city,0657456
892830ce02bffff,Pittsburg,city,0657456
892830ce02fffff,Pittsburg,city,0657456
892830ce033ffff,Pittsburg,city,0657456
892830ce037ffff,Pittsburg,city,0657456
892830ce03bffff,Pittsburg,city,0657456
892830ce043ffff,Pittsburg,city,0657456
892830ce047ffff,Pittsburg,city,0657456
892830ce04bffff,Pittsburg,city,0657456
892830ce04fffff,Pittsburg,city,0657456
892830ce057ffff,Pittsburg,city,0657456
892830ce05bffff,Pittsburg,city,0657456
892830ce063ffff,Pittsburg,city,0657456
892830ce067ffff,Pittsburg,city,0657456
892830ce06bffff,Pittsburg,city,0657456
892830ce06fffff,Pittsburg,city,0657456
892830ce073ffff,Pittsburg,city,0657456
892830ce077ffff,Pittsburg,city,0657456
892830ce07bffff,Pittsburg,city,0657456
892830ce083ffff,Pittsburg,city,0657456
892830ce087ffff,Pittsburg,city,0657456
892830ce08bffff,Pittsburg,city,0657456
892830ce08fffff,Pittsburg,city,0657456
892830ce093ffff,Pittsburg,city,0657456
892830ce097ffff,Pittsburg,city,0657456
892830ce09bffff,Pittsburg,city,0657456
892830ce0a3ffff,Pittsburg,city,0657456
892830ce0a7ffff,Pittsburg,city,0657456
892830ce0abffff,Pittsburg,city,0657456
892830ce0afffff,Pittsburg,city,0657456
892830ce0b3ffff,Pittsburg,city,0657456
892830ce0b7ffff,Pittsburg,city,0657456
892830ce0bbffff,Pittsburg,city,0657456
892830ce0c3ffff,Pittsburg,city,0657456
892830ce0c7ffff,Pittsburg,city,0657456
892830ce0cfffff,Pittsburg,city,0657456
892830ce0d3ffff,Pittsburg,city,0657456
892830ce0d7ffff,Pittsburg,city,0657456
892830ce0dbffff,Pittsburg,city,0657456
892830ce103ffff,Pittsburg,city,0657456
892830ce107ffff,Pittsburg,city,0657456
892830ce10bffff,Pittsburg,city,0657456
892830ce10fffff,Pittsburg,city,0657456
892830ce113ffff,Pittsburg,city,0657456
892830ce117ffff,Pittsburg,city,0657456
892830ce11bffff,Pittsburg,city,0657456
892830ce123ffff,Pittsburg,city,0657456
892830ce127ffff,Pittsburg,city,0657456
892830ce12bffff,Pittsburg,city,0657456
892830ce12fffff,Pittsburg,city,0657456
892830ce133ffff,Pittsburg,city,0657456
892830ce137ffff,Pittsburg,city,0657456
892830ce13bffff,Pittsburg,city,0657456
892830ce143ffff,Pittsburg,city,0657456
892830ce147ffff,Pittsburg,city,0657456
892830ce14bffff,Pittsburg,city,0657456
892830ce14fffff,Pittsburg,city,0657456
892830ce153ffff,Pittsburg,city,0657456
892830ce157ffff,Pittsburg,city,0657456
892830ce15bffff,Pittsburg,city,0657456
892830ce163ffff,Pittsburg,city,0657456
892830ce167ffff,Pittsburg,city,0657456
892830ce16bffff,Pittsburg,city,0657456
892830ce16fffff,Pittsburg,city,0657456
892830ce173ffff,Pittsburg,city,0657456
892830ce177ffff,Pittsburg,city,0657456
892830ce17bffff,Pittsburg,city,0657456
892830ce183ffff,Pittsburg,city,0657456
892830ce187ffff,Pittsburg,city,0657456
892830ce18bffff,Pittsburg,city,0657456
892830ce18fffff,Pittsburg,city,0657456
892830ce193ffff,Pittsburg,city,0657456
892830ce197ffff,Pittsburg,city,0657456
892830ce19bffff,Pittsburg,city,0657456
892830ce1a3ffff,Pittsburg,city,0657456
892830ce1a7ffff,Pittsburg,city,0657456
892830ce1abffff,Pittsburg,city,0657456
892830ce1afffff,Pittsburg,city,0657456
892830ce1b3ffff,Pittsburg,city,0657456
892830ce1b7ffff,Pittsburg,city,0657456
892830ce1bbffff,Pittsburg,city,0657456
892830ce1c3ffff,Pittsburg,city,0657456
892830ce1c7ffff,Pittsburg,city,0657456
892830ce1cbffff,Pittsburg,city,0657456
892830ce1cfffff,Pittsburg,city,0657456
892830ce1d3ffff,Pittsburg,city,0657456
892830ce1d7ffff,Pittsburg,city,0657456
892830ce1dbffff,Pittsburg,city,0657456
892830ce203ffff,Pittsburg,city,0657456
892830ce207ffff,Pittsburg,city,0657456
892830ce20fffff,Pittsburg,city,0657456
892830ce213ffff,Pittsburg,city,0657456
892830ce217ffff,Pittsburg,city,0657456
892830ce223ffff,Pittsburg,city,0657456
892830ce227ffff,Pittsburg,city,0657456
892830ce22bffff,Pittsburg,city,0657456
892830ce22fffff,Pittsburg,city,0657456
892830ce233ffff,Pittsburg,city,0657456
892830ce237ffff,Pittsburg,city,0657456
892830ce23bffff,Pittsburg,city,0657456
892830ce263ffff,Pittsburg,city,0657456
892830ce267ffff,Pittsburg,city,0657456
892830ce26fffff,Pittsburg,city,0657456
892830ce273ffff,Pittsburg,city,0657456
892830ce277ffff,Pittsburg,city,0657456
892830ce283ffff,Pittsburg,city,0657456
892830ce287ffff,Pittsburg,city,0657456
892830ce28fffff,Pittsburg,city,0657456
892830ce293ffff,Pittsburg,city,0657456
892830ce297ffff,Pittsburg,city,0657456
892830ce29bffff,Pittsburg,city,0657456
892830ce2a3ffff,Pittsburg,city,0657456
892830ce2a7ffff,Pittsburg,city,0657456
892830ce2abffff,Pittsburg,city,0657456
892830ce2afffff,Pittsburg,city,0657456
892830ce2b3ffff,Pittsburg,city,0657456
892830ce2b7ffff,Pittsburg,city,0657456
892830ce2bbffff,Pittsburg,city,0657456
892830ce303ffff,Pittsburg,city,0657456
892830ce307ffff,Pittsburg,city,0657456
892830ce30bffff,Pittsburg,city,0657456
892830ce30fffff,Pittsburg,city,0657456
892830ce313ffff,Pittsburg,city,0657456
892830ce317ffff,Pittsburg,city,0657456
892830ce31bffff,Pittsburg,city,0657456
892830ce323ffff,Pittsburg,city,0657456
892830ce327ffff,Pittsburg,city,0657456
892830ce32bffff,Pittsburg,city,0657456
892830ce32fffff,Pittsburg,city,0657456
892830ce333ffff,Pittsburg,city,0657456
892830ce337ffff,Pittsburg,city,0657456
892830ce33bffff,Pittsburg,city,0657456
892830ce343ffff,Pittsburg,city,0657456
892830ce347ffff,Pittsburg,city,0657456
892830ce34bffff,Pittsburg,city,0657456
892830ce34fffff,Pittsburg,city,0657456
892830ce353ffff,Pittsburg,city,0657456
892830ce357ffff,Pittsburg,city,0657456
892830ce35bffff,Pittsburg,city,0657456
892830ce363ffff,Pittsburg,city,0657456
892830ce367ffff,Pittsburg,city,0657456
892830ce36bffff,Pittsburg,city,0657456
892830ce36fffff,Pittsburg,city,0657456
892830ce373ffff,Pittsburg,city,0657456
892830ce377ffff,Pittsburg,city,0657456
892830ce37bffff,Pittsburg,city,0657456
892830ce383ffff,Pittsburg,city,0657456
892830ce387ffff,Pittsburg,city,0657456
892830ce38bffff,Pittsburg,city,0657456
892830ce38fffff,Pittsburg,city,0657456
892830ce393ffff,Pittsburg,city,0657456
892830ce397ffff,Pittsburg,city,0657456
892830ce39bffff,Pittsburg,city,0657456
892830ce3a3ffff,Pittsburg,city,0657456
892830ce3a7ffff,Pittsburg,city,0657456
892830ce3abffff,Pittsburg,city,0657456
892830ce3afffff,Pittsburg,city,0657456
892830ce3b3ffff,Pittsburg,city,0657456
892830ce3b7ffff,Pittsburg,city,0657456
892830ce3bbffff,Pittsburg,city,0657456
892830ce3c3ffff,Pittsburg,city,0657456
892830ce3c7ffff,Pittsburg,city,0657456
892830ce3cbffff,Pittsburg,city,0657456
892830ce3cfffff,Pittsburg,city,0657456
892830ce3d3ffff,Pittsburg,city,0657456
892830ce3d7ffff,Pittsburg,city,0657456
892830ce3dbffff,Pittsburg,city,0657456
892830ce407ffff,Pittsburg,city,0657456
892830ce40bffff,Pittsburg,city,0657456
892830ce40fffff,Pittsburg,city,0657456
892830ce423ffff,Pittsburg,city,0657456
892830ce427ffff,Pittsburg,city,0657456
892830ce42bffff,Pittsburg,city,0657456
892830ce42fffff,Pittsburg,city,0657456
892830ce433ffff,Pittsburg,city,0657456
892830ce43bffff,Pittsburg,city,0657456
892830ce463ffff,Pittsburg,city,0657456
892830ce467ffff,Pittsburg,city,0657456
892830ce46bffff,Pittsburg,city,0657456
892830ce46fffff,Pittsburg,city,0657456
892830ce473ffff,Pittsburg,city,0657456
892830ce477ffff,Pittsburg,city,0657456
892830ce47bffff,Pittsburg,city,0657456
892830ce503ffff,Pittsburg,city,0657456
892830ce507ffff,Pittsburg,city,0657456
892830ce50bffff,Pittsburg,city,0657456
892830ce50fffff,Pittsburg,city,0657456
892830ce517ffff,Pittsburg,city,0657456
892830ce51bffff,Pittsburg,city,0657456
892830ce523ffff,Pittsburg,city,0657456
892830ce527ffff,Pittsburg,city,0657456
892830ce52bffff,Pittsburg,city,0657456
892830ce52fffff,Pittsburg,city,0657456
892830ce533ffff,Pittsburg,city,0657456
892830ce537ffff,Pittsburg,city,0657456
892830ce53bffff,Pittsburg,city,0657456
892830ce543ffff,Pittsburg,city,0657456
892830ce547ffff,Pittsburg,city,0657456
892830ce54bffff,Pittsburg,city,0657456
892830ce54fffff,Pittsburg,city,0657456
892830ce553ffff,Pittsburg,city,0657456
892830ce557ffff,Pittsburg,city,0657456
892830ce55bffff,Pittsburg,city,0657456
892830ce563ffff,Pittsburg,city,0657456
892830ce567ffff,Pittsburg,city,0657456
892830ce56bffff,Pittsburg,city,0657456
892830ce56fffff,Pittsburg,city,0657456
892830ce573ffff,Pittsburg,city,0657456
892830ce577ffff,Pittsburg,city,0657456
892830ce57bffff,Pittsburg,city,0657456
892830ce587ffff,Pittsburg,city,0657456
892830ce58fffff,Pittsburg,city,0657456
892830ce5a3ffff,Pittsburg,city,0657456
892830ce5a7ffff,Pittsburg,city,0657456
892830ce5abffff,Pittsburg,city,0657456
892830ce5afffff,Pittsburg,city,0657456
892830ce5b3ffff,Pittsburg,city,0657456
892830ce5b7ffff,Pittsburg,city,0657456
892830ce5bbffff,Pittsburg,city,0657456
892830ce5cfffff,Pittsburg,city,0657456
892830ce663ffff,Pittsburg,city,0657456
892830ce667ffff,Pittsburg,city,0657456
892830ce66fffff,Pittsburg,city,0657456
892830ce6a3ffff,Pittsburg,city,0657456
892830ce6a7ffff,Pittsburg,city,0657456
892830ce6abffff,Pittsburg,city,0657456
892830ce6afffff,Pittsburg,city,0657456
892830ce6b7ffff,Pittsburg,city,0657456
892830ce803ffff,Pittsburg,city,0657456
892830ce813ffff,Pittsburg,city,0657456
892830ce817ffff,Pittsburg,city,0657456
892830ce81bffff,Pittsburg,city,0657456
892830ce853ffff,Pittsburg,city,0657456
892830ce883ffff,Pittsburg,city,0657456
892830ce887ffff,Pittsburg,city,0657456
892830ce88bffff,Pittsburg,city,0657456
892830ce88fffff,Pittsburg,city,0657456
892830ce893ffff,Pittsburg,city,0657456
892830ce897ffff,Pittsburg,city,0657456
892830ce89bffff,Pittsburg,city,0657456
892830ce8a3ffff,Pittsburg,city,0657456
892830ce8a7ffff,Bay Point,cdp,0604415
892830ce8abffff,Pittsburg,city,0657456
892830ce8afffff,Pittsburg,city,0657456
892830ce8b3ffff,Pittsburg,city,0657456
892830ce8b7ffff,Bay Point,cdp,0604415
892830ce8bbffff,Pittsburg,city,0657456
892830ce8c3ffff,Pittsburg,city,0657456
892830ce8c7ffff,Pittsburg,city,0657456
892830ce8cbffff,Pittsburg,city,0657456
892830ce8cfffff,Pittsburg,city,0657456
892830ce8d3ffff,Pittsburg,city,0657456
892830ce8d7ffff,Pittsburg,city,0657456
892830ce8dbffff,Pittsburg,city,0657456
892830ce913ffff,Bay Point,cdp,0604415
892830ce917ffff,Bay Point,cdp,0604415
892830ce983ffff,Bay Point,cdp,0604415
892830ce987ffff,Bay Point,cdp,0604415
892830ce98bffff,Bay Point,cdp,0604415
892830ce98fffff,Bay Point,cdp,0604415
892830ce993ffff,Bay Point,cdp,0604415
892830ce997ffff,Bay Point,cdp,0604415
892830ce99bffff,Bay Point,cdp,0604415
892830ce9a3ffff,Bay Point,cdp,0604415
892830ce9a7ffff,Bay Point,cdp,0604415
892830ce9abffff,Bay Point,cdp,0604415
892830ce9b3ffff,Bay Point,cdp,0604415
892830ce9b7ffff,Bay Point,cdp,0604415
892830ce9bbffff,Bay Point,cdp,0604415
892830ce9c3ffff,Bay Point,cdp,0604415
892830ce9c7ffff,Bay Point,cdp,0604415
892830ce9d3ffff,Bay Point,cdp,0604415
892830ce9d7ffff,Bay Point,cdp,0604415
892830ce9dbffff,Bay Point,cdp,0604415
892830cec03ffff,Pittsburg,city,0657456
892830cec07ffff,Pittsburg,city,0657456
892830cec0bffff,Pittsburg,city,0657456
892830cec0fffff,Pittsburg,city,0657456
892830cec13ffff,Pittsburg,city,0657456
892830cec17ffff,Pittsburg,city,0657456
892830cec1bffff,Pittsburg,city,0657456
892830cec23ffff,Pittsburg,city,0657456
892830cec27ffff,Pittsburg,city,0657456
892830cec2bffff,Pittsburg,city,0657456
892830cec2fffff,Pittsburg,city,0657456
892830cec33ffff,Pittsburg,city,0657456
892830cec37ffff,Pittsburg,city,0657456
892830cec3bffff,Pittsburg,city,0657456
892830cec43ffff,Pittsburg,city,0657456
892830cec47ffff,Pittsburg,city,0657456
892830cec4bffff,Pittsburg,city,0657456
892830cec4fffff,Pittsburg,city,0657456
892830cec53ffff,Pittsburg,city,0657456
892830cec57ffff,Pittsburg,city,0657456
892830cec5bffff,Pittsburg,city,0657456
892830cec63ffff,Pittsburg,city,0657456
892830cec67ffff,Pittsburg,city,0657456
892830cec6bffff,Pittsburg,city,0657456
892830cec6fffff,Pittsburg,city,0657456
892830cec73ffff,Pittsburg,city,0657456
892830cec77ffff,Pittsburg,city,0657456
892830cec7bffff,Pittsburg,city,0657456
892830cec83ffff,Pittsburg,city,0657456
892830cec87ffff,Pittsburg,city,0657456
892830cec8bffff,Pittsburg,city,0657456
892830cec8fffff,Pittsburg,city,0657456
892830cec93ffff,Pittsburg,city,0657456
892830cec97ffff,Pittsburg,city,0657456
892830cec9bffff,Pittsburg,city,0657456
892830ceca3ffff,Pittsburg,city,0657456
892830ceca7ffff,Bay Point,cdp,0604415
892830cecabffff,Pittsburg,city,0657456
892830cecafffff,Pittsburg,city,0657456
892830cecb3ffff,Pittsburg,city,0657456
892830cecb7ffff,Bay Point,cdp,0604415
892830cecbbffff,Pittsburg,city,0657456
892830cecc3ffff,Pittsburg,city,0657456
892830cecc7ffff,Pittsburg,city,0657456
892830ceccbffff,Pittsburg,city,0657456
892830ceccfffff,Pittsburg,city,0657456
892830cecd3ffff,Pittsburg,city,0657456
892830cecd7ffff,Pittsburg,city,0657456
892830cecdbffff,Pittsburg,city,0657456
892830ced03ffff,Bay Point,cdp,0604415
892830ced07ffff,Bay Point,cdp,0604415
892830ced0bffff,Bay Point,cdp,0604415
892830ced0fffff,Bay Point,cdp,0604415
892830ced13ffff,Bay Point,cdp,0604415
892830ced17ffff,Bay Point,cdp,0604415
892830ced1bffff,Bay Point,cdp,0604415
892830ced23ffff,Bay Point,cdp,0604415
892830ced27ffff,Bay Point,cdp,0604415
892830ced2bffff,Bay Point,cdp,0604415
892830ced2fffff,Bay Point,cdp,0604415
892830ced33ffff,Bay Point,cdp,0604415
892830ced37ffff,Bay Point,cdp,0604415
892830ced3bffff,Bay Point,cdp,0604415
892830ced43ffff,Bay Point,cdp,0604415
892830ced47ffff,Bay Point,cdp,0604415
892830ced4bffff,Pittsburg,city,0657456
892830ced4fffff,Bay Point,cdp,0604415
892830ced53ffff,Bay Point,cdp,0604415
892830ced57ffff,Bay Point,cdp,0604415
892830ced5bffff,Pittsburg,city,0657456
892830ced63ffff,Bay Point,cdp,0604415
892830ced67ffff,Bay Point,cdp,0604415
892830ced6bffff,Bay Point,cdp,0604415
892830ced6fffff,Bay Point,cdp,0604415
892830ced73ffff,Bay Point,cdp,0604415
892830ced77ffff,Bay Point,cdp,0604415
892830ced7bffff,Bay Point,cdp,0604415
892830ced83ffff,Bay Point,cdp,0604415
892830ced87ffff,Bay Point,cdp,0604415
892830ced8bffff,Bay Point,cdp,0604415
892830ced8fffff,Bay Point,cdp,0604415
892830ced93ffff,Bay Point,cdp,0604415
892830ced97ffff,Bay Point,cdp,0604415
892830ced9bffff,Bay Point,cdp,0604415
892830ceda3ffff,Bay Point,cdp,0604415
892830ceda7ffff,Bay Point,cdp,0604415
892830cedabffff,Bay Point,cdp,0604415
892830cedafffff,Bay Point,cdp,0604415
892830cedb3ffff,Bay Point,cdp,0604415
892830cedb7ffff,Bay Point,cdp,0604415
892830cedbbffff,Bay Point,cdp,0604415
892830cedc3ffff,Bay Point,cdp,0604415
892830cedc7ffff,Bay Point,cdp,0604415
892830cedcbffff,Pittsburg,city,0657456
892830cedcfffff,Bay Point,cdp,0604415
892830cedd3ffff,Bay Point,cdp,0604415
892830cedd7ffff,Bay Point,cdp,0604415
892830ceddbffff,Bay Point,cdp,0604415
892830cee03ffff,Pittsburg,city,0657456
892830cee07ffff,Pittsburg,city,0657456
892830cee0bffff,Pittsburg,city,0657456
892830cee0fffff,Pittsburg,city,0657456
892830cee13ffff,Pittsburg,city,0657456
892830cee17ffff,Pittsburg,city,0657456
892830cee1bffff,Pittsburg,city,0657456
892830cee23ffff,Pittsburg,city,0657456
892830cee27ffff,Pittsburg,city,0657456
892830cee2bffff,Pittsburg,city,0657456
892830cee2fffff,Pittsburg,city,0657456
892830cee33ffff,Pittsburg,city,0657456
892830cee37ffff,Pittsburg,city,0657456
892830cee3bffff,Pittsburg,city,0657456
892830cee43ffff,Pittsburg,city,0657456
892830cee47ffff,Pittsburg,city,0657456
892830cee4bffff,Pittsburg,city,0657456
892830cee4fffff,Pittsburg,city,0657456
892830cee53ffff,Pittsburg,city,0657456
892830cee57ffff,Pittsburg,city,0657456
892830cee5bffff,Pittsburg,city,0657456
892830cee63ffff,Pittsburg,city,0657456
892830cee67ffff,Pittsburg,city,0657456
892830cee6bffff,Pittsburg,city,0657456
892830cee6fffff,Pittsburg,city,0657456
892830cee73ffff,Pittsburg,city,0657456
892830cee77ffff,Pittsburg,city,0657456
892830cee7bffff,Pittsburg,city,0657456
892830cee83ffff,Pittsburg,city,0657456
892830cee87ffff,Pittsburg,city,0657456
892830cee8bffff,Pittsburg,city,0657456
892830cee8fffff,Pittsburg,city,0657456
892830cee93ffff,Pittsburg,city,0657456
892830cee97ffff,Pittsburg,city,0657456
892830cee9bffff,Pittsburg,city,0657456
892830ceea3ffff,Pittsburg,city,0657456
892830ceea7ffff,Pittsburg,city,0657456
892830ceeabffff,Pittsburg,city,0657456
892830ceeafffff,Pittsburg,city,0657456
892830ceeb3ffff,Pittsburg,city,0657456
892830ceeb7ffff,Pittsburg,city,0657456
892830ceebbffff,Pittsburg,city,0657456
892830ceec3ffff,Pittsburg,city,0657456
892830ceec7ffff,Pittsburg,city,0657456
892830ceecbffff,Pittsburg,city,0657456
892830ceecfffff,Pittsburg,city,0657456
892830ceed3ffff,Pittsburg,city,0657456
892830ceed7ffff,Pittsburg,city,0657456
892830ceedbffff,Pittsburg,city,0657456
